processors,memory modules,wait-times
2,1,0.493056
2,2,0.263281
2,3,0.159736
2,4,0.000000
2,5,0.000000
2,6,0.000000
2,7,0.000000
2,8,0.000000
2,9,0.000000
2,10,0.000000
2,11,0.000000
2,12,0.000000
2,13,0.000000
2,14,0.046200
2,15,0.031894
2,16,0.030000
2,17,0.000000
2,18,0.000000
2,19,0.000000
2,20,0.000000
2,21,0.000000
2,22,0.000000
2,23,0.000000
2,24,0.000000
2,25,0.000000
2,26,0.000000
2,27,0.000000
2,28,0.000000
2,29,0.000000
2,30,0.000000
2,31,0.000000
2,32,0.000000
2,33,0.000000
2,34,0.000000
2,35,0.000000
2,36,0.000000
2,37,0.000000
2,38,0.000000
2,39,0.012400
2,40,0.000000
2,41,0.000000
2,42,0.000000
2,43,0.000000
2,44,0.000000
2,45,0.000000
2,46,0.000000
2,47,0.000000
2,48,0.000000
2,49,0.000000
2,50,0.000000
2,51,0.000000
2,52,0.000000
2,53,0.000000
2,54,0.000000
2,55,0.000000
2,56,0.000000
2,57,0.000000
2,58,0.000000
2,59,0.000000
2,60,0.000000
2,61,0.000000
2,62,0.000000
2,63,0.000000
2,64,0.000000
2,65,0.000000
2,66,0.000000
2,67,0.000000
2,68,0.000000
2,69,0.000000
2,70,0.000000
2,71,0.000000
2,72,0.000000
2,73,0.000000
2,74,0.000000
2,75,0.000000
2,76,0.000000
2,77,0.000000
2,78,0.000000
2,79,0.000000
2,80,0.000000
2,81,0.000000
2,82,0.000000
2,83,0.000000
2,84,0.000000
2,85,0.000000
2,86,0.000000
2,87,0.000000
2,88,0.000000
2,89,0.000000
2,90,0.000000
2,91,0.000000
2,92,0.000000
2,93,0.000000
2,94,0.000000
2,95,0.000000
2,96,0.000000
2,97,0.000000
2,98,0.000000
2,99,0.000000
2,100,0.000000
2,101,0.008800
2,102,0.000000
2,103,0.000000
2,104,0.000000
2,105,0.000000
2,106,0.000000
2,107,0.000000
2,108,0.000000
2,109,0.000000
2,110,0.000000
2,111,0.000000
2,112,0.000000
2,113,0.000000
2,114,0.000000
2,115,0.000000
2,116,0.000000
2,117,0.000000
2,118,0.000000
2,119,0.000000
2,120,0.000000
2,121,0.000000
2,122,0.000000
2,123,0.000000
2,124,0.000000
2,125,0.000000
2,126,0.000000
2,127,0.000000
2,128,0.000000
2,129,0.000000
2,130,0.000000
2,131,0.000000
2,132,0.000000
2,133,0.000000
2,134,0.000000
2,135,0.000000
2,136,0.000000
2,137,0.000000
2,138,0.000000
2,139,0.000000
2,140,0.000000
2,141,0.000000
2,142,0.000000
2,143,0.000000
2,144,0.000000
2,145,0.000000
2,146,0.000000
2,147,0.000000
2,148,0.000000
2,149,0.000000
2,150,0.000000
2,151,0.000000
2,152,0.000000
2,153,0.000000
2,154,0.000000
2,155,0.000000
2,156,0.000000
2,157,0.000000
2,158,0.000000
2,159,0.000000
2,160,0.000000
2,161,0.000000
2,162,0.000000
2,163,0.000000
2,164,0.000000
2,165,0.000000
2,166,0.000000
2,167,0.000000
2,168,0.000000
2,169,0.000000
2,170,0.000000
2,171,0.000000
2,172,0.000000
2,173,0.000000
2,174,0.000000
2,175,0.000000
2,176,0.000000
2,177,0.000000
2,178,0.000000
2,179,0.004000
2,180,0.000000
2,181,0.000000
2,182,0.000000
2,183,0.000000
2,184,0.000000
2,185,0.000000
2,186,0.000000
2,187,0.000000
2,188,0.000000
2,189,0.000000
2,190,0.000000
2,191,0.000000
2,192,0.000000
2,193,0.000000
2,194,0.000000
2,195,0.000000
2,196,0.000000
2,197,0.000000
2,198,0.000000
2,199,0.000000
2,200,0.000000
2,201,0.000000
2,202,0.000000
2,203,0.000000
2,204,0.000000
2,205,0.000000
2,206,0.000000
2,207,0.000000
2,208,0.000000
2,209,0.000000
2,210,0.000000
2,211,0.000000
2,212,0.000000
2,213,0.000000
2,214,0.000000
2,215,0.000000
2,216,0.000000
2,217,0.000000
2,218,0.000000
2,219,0.000000
2,220,0.000000
2,221,0.000000
2,222,0.000000
2,223,0.000000
2,224,0.000000
2,225,0.000000
2,226,0.000000
2,227,0.000000
2,228,0.000000
2,229,0.000000
2,230,0.000000
2,231,0.000000
2,232,0.000000
2,233,0.000000
2,234,0.000000
2,235,0.000000
2,236,0.000000
2,237,0.000000
2,238,0.000000
2,239,0.000000
2,240,0.000000
2,241,0.000000
2,242,0.000000
2,243,0.000000
2,244,0.000000
2,245,0.000000
2,246,0.000000
2,247,0.000000
2,248,0.000000
2,249,0.000000
2,250,0.000000
2,251,0.000000
2,252,0.000000
2,253,0.000000
2,254,0.000000
2,255,0.000000
2,256,0.000000
2,257,0.000000
2,258,0.000000
2,259,0.000000
2,260,0.000000
2,261,0.000000
2,262,0.000000
2,263,0.000000
2,264,0.000000
2,265,0.000000
2,266,0.000000
2,267,0.000000
2,268,0.000000
2,269,0.000000
2,270,0.000000
2,271,0.000000
2,272,0.000000
2,273,0.000000
2,274,0.000000
2,275,0.000000
2,276,0.000000
2,277,0.000000
2,278,0.000000
2,279,0.000000
2,280,0.000000
2,281,0.000000
2,282,0.000000
2,283,0.000000
2,284,0.000000
2,285,0.000000
2,286,0.000000
2,287,0.000000
2,288,0.000000
2,289,0.000000
2,290,0.000000
2,291,0.000000
2,292,0.000000
2,293,0.000000
2,294,0.000000
2,295,0.000000
2,296,0.000000
2,297,0.000000
2,298,0.000000
2,299,0.000000
2,300,0.000000
2,301,0.000000
2,302,0.000000
2,303,0.000000
2,304,0.000000
2,305,0.000000
2,306,0.000000
2,307,0.000000
2,308,0.000000
2,309,0.000000
2,310,0.000000
2,311,0.000000
2,312,0.000000
2,313,0.000000
2,314,0.000000
2,315,0.000000
2,316,0.000000
2,317,0.000000
2,318,0.000000
2,319,0.000000
2,320,0.000000
2,321,0.000000
2,322,0.000000
2,323,0.000000
2,324,0.000000
2,325,0.000000
2,326,0.000000
2,327,0.000000
2,328,0.000000
2,329,0.000000
2,330,0.000000
2,331,0.000000
2,332,0.000000
2,333,0.000000
2,334,0.000000
2,335,0.000000
2,336,0.000000
2,337,0.000000
2,338,0.000000
2,339,0.000000
2,340,0.000000
2,341,0.000000
2,342,0.000000
2,343,0.000000
2,344,0.000000
2,345,0.000000
2,346,0.000000
2,347,0.000000
2,348,0.000000
2,349,0.000000
2,350,0.000000
2,351,0.000000
2,352,0.000000
2,353,0.000000
2,354,0.000000
2,355,0.000000
2,356,0.000000
2,357,0.000000
2,358,0.000000
2,359,0.000000
2,360,0.000000
2,361,0.000000
2,362,0.000000
2,363,0.000000
2,364,0.000000
2,365,0.000000
2,366,0.000000
2,367,0.000000
2,368,0.000000
2,369,0.000000
2,370,0.000000
2,371,0.000000
2,372,0.000000
2,373,0.000000
2,374,0.000000
2,375,0.000000
2,376,0.000000
2,377,0.000000
2,378,0.000000
2,379,0.000000
2,380,0.000000
2,381,0.000000
2,382,0.000000
2,383,0.000000
2,384,0.000000
2,385,0.000000
2,386,0.000000
2,387,0.000000
2,388,0.000000
2,389,0.000000
2,390,0.000000
2,391,0.000000
2,392,0.000000
2,393,0.000000
2,394,0.000000
2,395,0.000000
2,396,0.000000
2,397,0.000000
2,398,0.000000
2,399,0.000000
2,400,0.000000
2,401,0.000000
2,402,0.000000
2,403,0.000000
2,404,0.000000
2,405,0.000000
2,406,0.000000
2,407,0.000000
2,408,0.000000
2,409,0.000000
2,410,0.000000
2,411,0.000000
2,412,0.000000
2,413,0.000000
2,414,0.000000
2,415,0.000000
2,416,0.000000
2,417,0.000000
2,418,0.000000
2,419,0.000000
2,420,0.000000
2,421,0.000000
2,422,0.000000
2,423,0.000000
2,424,0.000000
2,425,0.000000
2,426,0.000000
2,427,0.000000
2,428,0.000000
2,429,0.000000
2,430,0.000000
2,431,0.000000
2,432,0.000000
2,433,0.000000
2,434,0.000000
2,435,0.000000
2,436,0.000000
2,437,0.000000
2,438,0.000000
2,439,0.000000
2,440,0.000000
2,441,0.000000
2,442,0.000000
2,443,0.000000
2,444,0.000000
2,445,0.000000
2,446,0.000000
2,447,0.000000
2,448,0.000000
2,449,0.000000
2,450,0.000000
2,451,0.000000
2,452,0.000000
2,453,0.000000
2,454,0.000000
2,455,0.000000
2,456,0.000000
2,457,0.000000
2,458,0.000000
2,459,0.000000
2,460,0.000000
2,461,0.000000
2,462,0.000000
2,463,0.000000
2,464,0.000000
2,465,0.000000
2,466,0.000000
2,467,0.000000
2,468,0.000000
2,469,0.000000
2,470,0.000000
2,471,0.000000
2,472,0.000000
2,473,0.000000
2,474,0.000000
2,475,0.000000
2,476,0.000000
2,477,0.000000
2,478,0.000000
2,479,0.000000
2,480,0.000000
2,481,0.000000
2,482,0.000000
2,483,0.000000
2,484,0.000000
2,485,0.000000
2,486,0.000000
2,487,0.000000
2,488,0.000000
2,489,0.000000
2,490,0.000000
2,491,0.000000
2,492,0.000000
2,493,0.000000
2,494,0.000000
2,495,0.000000
2,496,0.000000
2,497,0.000000
2,498,0.000000
2,499,0.000000
2,500,0.000000
2,501,0.000000
2,502,0.000000
2,503,0.000000
2,504,0.000000
2,505,0.000000
2,506,0.000000
2,507,0.000000
2,508,0.000000
2,509,0.000000
2,510,0.000000
2,511,0.000000
2,512,0.000000
2,513,0.000000
2,514,0.000000
2,515,0.000000
2,516,0.000000
2,517,0.000000
2,518,0.000000
2,519,0.000000
2,520,0.000000
2,521,0.000000
2,522,0.000000
2,523,0.000000
2,524,0.000000
2,525,0.000000
2,526,0.000000
2,527,0.000000
2,528,0.000000
2,529,0.000000
2,530,0.000000
2,531,0.000000
2,532,0.000000
2,533,0.000000
2,534,0.000000
2,535,0.000000
2,536,0.000000
2,537,0.000000
2,538,0.000000
2,539,0.000000
2,540,0.000000
2,541,0.000000
2,542,0.000000
2,543,0.000000
2,544,0.000000
2,545,0.000000
2,546,0.000000
2,547,0.000000
2,548,0.000000
2,549,0.000000
2,550,0.000000
2,551,0.000000
2,552,0.000000
2,553,0.000000
2,554,0.000000
2,555,0.000000
2,556,0.000000
2,557,0.000000
2,558,0.000000
2,559,0.000000
2,560,0.000000
2,561,0.000000
2,562,0.000000
2,563,0.000000
2,564,0.000000
2,565,0.000000
2,566,0.000000
2,567,0.000000
2,568,0.000000
2,569,0.000000
2,570,0.000000
2,571,0.000000
2,572,0.000000
2,573,0.000000
2,574,0.000000
2,575,0.000000
2,576,0.000000
2,577,0.000000
2,578,0.000000
2,579,0.000000
2,580,0.000000
2,581,0.000000
2,582,0.000000
2,583,0.000000
2,584,0.000000
2,585,0.000000
2,586,0.000000
2,587,0.000000
2,588,0.000000
2,589,0.000000
2,590,0.000000
2,591,0.000000
2,592,0.000000
2,593,0.000000
2,594,0.000000
2,595,0.000000
2,596,0.000000
2,597,0.000000
2,598,0.000000
2,599,0.000000
2,600,0.000000
2,601,0.000000
2,602,0.000000
2,603,0.000000
2,604,0.000000
2,605,0.000000
2,606,0.000000
2,607,0.000000
2,608,0.000000
2,609,0.000000
2,610,0.000000
2,611,0.000000
2,612,0.000000
2,613,0.000000
2,614,0.000000
2,615,0.000000
2,616,0.000000
2,617,0.000000
2,618,0.000000
2,619,0.000000
2,620,0.000000
2,621,0.000000
2,622,0.000000
2,623,0.000000
2,624,0.000000
2,625,0.000000
2,626,0.000000
2,627,0.000000
2,628,0.000000
2,629,0.000000
2,630,0.000000
2,631,0.000000
2,632,0.000000
2,633,0.000000
2,634,0.000000
2,635,0.000000
2,636,0.000000
2,637,0.000000
2,638,0.000000
2,639,0.000000
2,640,0.000000
2,641,0.000000
2,642,0.000000
2,643,0.000000
2,644,0.000000
2,645,0.000000
2,646,0.000000
2,647,0.000000
2,648,0.000000
2,649,0.000000
2,650,0.000000
2,651,0.000000
2,652,0.000000
2,653,0.000000
2,654,0.000000
2,655,0.000000
2,656,0.000000
2,657,0.000000
2,658,0.000000
2,659,0.000000
2,660,0.000000
2,661,0.000000
2,662,0.000000
2,663,0.000000
2,664,0.000000
2,665,0.000000
2,666,0.000000
2,667,0.000000
2,668,0.000000
2,669,0.000000
2,670,0.000000
2,671,0.000000
2,672,0.000000
2,673,0.000000
2,674,0.000000
2,675,0.000000
2,676,0.000000
2,677,0.000000
2,678,0.000000
2,679,0.000000
2,680,0.000000
2,681,0.000000
2,682,0.000000
2,683,0.000000
2,684,0.000000
2,685,0.000000
2,686,0.000000
2,687,0.000000
2,688,0.000000
2,689,0.000000
2,690,0.000000
2,691,0.000000
2,692,0.000000
2,693,0.000000
2,694,0.000000
2,695,0.000000
2,696,0.000000
2,697,0.000000
2,698,0.000000
2,699,0.000000
2,700,0.000000
2,701,0.000000
2,702,0.000000
2,703,0.000000
2,704,0.000000
2,705,0.000000
2,706,0.000000
2,707,0.000000
2,708,0.000000
2,709,0.000000
2,710,0.000000
2,711,0.000000
2,712,0.000000
2,713,0.000000
2,714,0.000000
2,715,0.000000
2,716,0.000000
2,717,0.000000
2,718,0.000000
2,719,0.000000
2,720,0.000000
2,721,0.000000
2,722,0.000000
2,723,0.000000
2,724,0.000000
2,725,0.000000
2,726,0.000000
2,727,0.000000
2,728,0.000000
2,729,0.000000
2,730,0.000000
2,731,0.000000
2,732,0.000000
2,733,0.000000
2,734,0.000000
2,735,0.000000
2,736,0.000000
2,737,0.000000
2,738,0.000000
2,739,0.000000
2,740,0.000000
2,741,0.000000
2,742,0.000000
2,743,0.000000
2,744,0.000000
2,745,0.000000
2,746,0.000000
2,747,0.000000
2,748,0.000000
2,749,0.000000
2,750,0.000000
2,751,0.000000
2,752,0.000000
2,753,0.000000
2,754,0.000000
2,755,0.000000
2,756,0.000000
2,757,0.000000
2,758,0.000000
2,759,0.000000
2,760,0.000000
2,761,0.000000
2,762,0.000000
2,763,0.000000
2,764,0.000000
2,765,0.000000
2,766,0.000000
2,767,0.000000
2,768,0.000000
2,769,0.000000
2,770,0.000000
2,771,0.000000
2,772,0.000000
2,773,0.000000
2,774,0.000000
2,775,0.000000
2,776,0.000000
2,777,0.000000
2,778,0.000000
2,779,0.000000
2,780,0.000000
2,781,0.000000
2,782,0.000000
2,783,0.000000
2,784,0.000000
2,785,0.000000
2,786,0.000300
2,787,0.000000
2,788,0.000000
2,789,0.000000
2,790,0.000000
2,791,0.000000
2,792,0.000000
2,793,0.000000
2,794,0.000000
2,795,0.000000
2,796,0.000000
2,797,0.000000
2,798,0.000000
2,799,0.000000
2,800,0.000000
2,801,0.000000
2,802,0.000000
2,803,0.000000
2,804,0.000000
2,805,0.000000
2,806,0.000000
2,807,0.000000
2,808,0.000000
2,809,0.000000
2,810,0.000000
2,811,0.000000
2,812,0.000000
2,813,0.000000
2,814,0.000000
2,815,0.000000
2,816,0.000000
2,817,0.000000
2,818,0.000000
2,819,0.000000
2,820,0.000000
2,821,0.000000
2,822,0.000000
2,823,0.000000
2,824,0.000000
2,825,0.000000
2,826,0.000000
2,827,0.000000
2,828,0.000000
2,829,0.000000
2,830,0.000000
2,831,0.000000
2,832,0.000000
2,833,0.000000
2,834,0.000000
2,835,0.000000
2,836,0.000000
2,837,0.000000
2,838,0.000000
2,839,0.000000
2,840,0.000000
2,841,0.000000
2,842,0.000000
2,843,0.000000
2,844,0.000000
2,845,0.000000
2,846,0.000000
2,847,0.000000
2,848,0.000000
2,849,0.000000
2,850,0.000000
2,851,0.000000
2,852,0.000000
2,853,0.000000
2,854,0.000000
2,855,0.000000
2,856,0.000000
2,857,0.000000
2,858,0.000000
2,859,0.000000
2,860,0.000000
2,861,0.000000
2,862,0.000000
2,863,0.000000
2,864,0.000000
2,865,0.000000
2,866,0.000000
2,867,0.000000
2,868,0.000000
2,869,0.000000
2,870,0.000000
2,871,0.000000
2,872,0.000000
2,873,0.000000
2,874,0.000000
2,875,0.000000
2,876,0.000000
2,877,0.000000
2,878,0.000000
2,879,0.000000
2,880,0.000000
2,881,0.000000
2,882,0.000000
2,883,0.000000
2,884,0.000000
2,885,0.000000
2,886,0.000000
2,887,0.000000
2,888,0.000000
2,889,0.000000
2,890,0.000000
2,891,0.000000
2,892,0.000000
2,893,0.000000
2,894,0.000000
2,895,0.000000
2,896,0.000000
2,897,0.000000
2,898,0.000000
2,899,0.000000
2,900,0.000000
2,901,0.000000
2,902,0.000000
2,903,0.000000
2,904,0.000000
2,905,0.000000
2,906,0.000000
2,907,0.000000
2,908,0.000000
2,909,0.000000
2,910,0.000000
2,911,0.000000
2,912,0.000000
2,913,0.000000
2,914,0.000000
2,915,0.000000
2,916,0.000000
2,917,0.000000
2,918,0.000000
2,919,0.000000
2,920,0.000000
2,921,0.000000
2,922,0.000000
2,923,0.000000
2,924,0.000000
2,925,0.000000
2,926,0.000000
2,927,0.000000
2,928,0.000000
2,929,0.000000
2,930,0.000000
2,931,0.000000
2,932,0.000000
2,933,0.000000
2,934,0.000000
2,935,0.000000
2,936,0.000000
2,937,0.000000
2,938,0.000000
2,939,0.000000
2,940,0.000000
2,941,0.000000
2,942,0.000000
2,943,0.000000
2,944,0.000000
2,945,0.000000
2,946,0.000000
2,947,0.000000
2,948,0.000000
2,949,0.000000
2,950,0.000000
2,951,0.000000
2,952,0.000000
2,953,0.000000
2,954,0.000000
2,955,0.000000
2,956,0.000000
2,957,0.000000
2,958,0.000000
2,959,0.000000
2,960,0.000000
2,961,0.000000
2,962,0.000000
2,963,0.000000
2,964,0.000000
2,965,0.000000
2,966,0.000000
2,967,0.000000
2,968,0.000000
2,969,0.000000
2,970,0.000000
2,971,0.000000
2,972,0.000000
2,973,0.000000
2,974,0.000000
2,975,0.000000
2,976,0.000000
2,977,0.000000
2,978,0.000000
2,979,0.000000
2,980,0.000000
2,981,0.000000
2,982,0.000000
2,983,0.000000
2,984,0.000000
2,985,0.000000
2,986,0.000000
2,987,0.000000
2,988,0.000000
2,989,0.000000
2,990,0.000000
2,991,0.000000
2,992,0.000000
2,993,0.000000
2,994,0.000000
2,995,0.000000
2,996,0.000000
2,997,0.000000
2,998,0.000000
2,999,0.000000
2,1000,0.000000
2,1001,0.000000
2,1002,0.000000
2,1003,0.000000
2,1004,0.000000
2,1005,0.000000
2,1006,0.000000
2,1007,0.000000
2,1008,0.000000
2,1009,0.000000
2,1010,0.000000
2,1011,0.000000
2,1012,0.000000
2,1013,0.000000
2,1014,0.000000
2,1015,0.000000
2,1016,0.000000
2,1017,0.000000
2,1018,0.000000
2,1019,0.000000
2,1020,0.000000
2,1021,0.000000
2,1022,0.000000
2,1023,0.000000
2,1024,0.000000
2,1025,0.000000
2,1026,0.000000
2,1027,0.000000
2,1028,0.000000
2,1029,0.000000
2,1030,0.000000
2,1031,0.000000
2,1032,0.000000
2,1033,0.000000
2,1034,0.000000
2,1035,0.000000
2,1036,0.000000
2,1037,0.000000
2,1038,0.000000
2,1039,0.000000
2,1040,0.000000
2,1041,0.000000
2,1042,0.000000
2,1043,0.000000
2,1044,0.000000
2,1045,0.000000
2,1046,0.000000
2,1047,0.000000
2,1048,0.000000
2,1049,0.000000
2,1050,0.000000
2,1051,0.000000
2,1052,0.000000
2,1053,0.000000
2,1054,0.000000
2,1055,0.000000
2,1056,0.000000
2,1057,0.000000
2,1058,0.000000
2,1059,0.000000
2,1060,0.000000
2,1061,0.000000
2,1062,0.000000
2,1063,0.000000
2,1064,0.000000
2,1065,0.000000
2,1066,0.000000
2,1067,0.000000
2,1068,0.000000
2,1069,0.000000
2,1070,0.000000
2,1071,0.000000
2,1072,0.000000
2,1073,0.000000
2,1074,0.000000
2,1075,0.000000
2,1076,0.000000
2,1077,0.000000
2,1078,0.000000
2,1079,0.000000
2,1080,0.000000
2,1081,0.000000
2,1082,0.000000
2,1083,0.000000
2,1084,0.000000
2,1085,0.000000
2,1086,0.000000
2,1087,0.000000
2,1088,0.000000
2,1089,0.000000
2,1090,0.000000
2,1091,0.000000
2,1092,0.000000
2,1093,0.000000
2,1094,0.000000
2,1095,0.000000
2,1096,0.000000
2,1097,0.000000
2,1098,0.000000
2,1099,0.000000
2,1100,0.000000
2,1101,0.000000
2,1102,0.000000
2,1103,0.000000
2,1104,0.000000
2,1105,0.000000
2,1106,0.000000
2,1107,0.000000
2,1108,0.000000
2,1109,0.000000
2,1110,0.000000
2,1111,0.000000
2,1112,0.000000
2,1113,0.000000
2,1114,0.000000
2,1115,0.000000
2,1116,0.000000
2,1117,0.000000
2,1118,0.000000
2,1119,0.000000
2,1120,0.000000
2,1121,0.000000
2,1122,0.000000
2,1123,0.000000
2,1124,0.000000
2,1125,0.000000
2,1126,0.000000
2,1127,0.000000
2,1128,0.000000
2,1129,0.000000
2,1130,0.000000
2,1131,0.000000
2,1132,0.000000
2,1133,0.000000
2,1134,0.000000
2,1135,0.000000
2,1136,0.000000
2,1137,0.000000
2,1138,0.000000
2,1139,0.000000
2,1140,0.000000
2,1141,0.000000
2,1142,0.000000
2,1143,0.000000
2,1144,0.000000
2,1145,0.000000
2,1146,0.000000
2,1147,0.000000
2,1148,0.000000
2,1149,0.000000
2,1150,0.000000
2,1151,0.000000
2,1152,0.000000
2,1153,0.000000
2,1154,0.000000
2,1155,0.000000
2,1156,0.000000
2,1157,0.000000
2,1158,0.000000
2,1159,0.000000
2,1160,0.000000
2,1161,0.000000
2,1162,0.000000
2,1163,0.000000
2,1164,0.000000
2,1165,0.000000
2,1166,0.000000
2,1167,0.000000
2,1168,0.000000
2,1169,0.000000
2,1170,0.000000
2,1171,0.000000
2,1172,0.000000
2,1173,0.000000
2,1174,0.000000
2,1175,0.000000
2,1176,0.000000
2,1177,0.000000
2,1178,0.000000
2,1179,0.000000
2,1180,0.000000
2,1181,0.000000
2,1182,0.000000
2,1183,0.000000
2,1184,0.000000
2,1185,0.000000
2,1186,0.000000
2,1187,0.000000
2,1188,0.000000
2,1189,0.000000
2,1190,0.000000
2,1191,0.000000
2,1192,0.000000
2,1193,0.000000
2,1194,0.000000
2,1195,0.000000
2,1196,0.000000
2,1197,0.000000
2,1198,0.000000
2,1199,0.000000
2,1200,0.000000
2,1201,0.000000
2,1202,0.000000
2,1203,0.000000
2,1204,0.000000
2,1205,0.000000
2,1206,0.000000
2,1207,0.000000
2,1208,0.000000
2,1209,0.000000
2,1210,0.000000
2,1211,0.000000
2,1212,0.000000
2,1213,0.000000
2,1214,0.000000
2,1215,0.000000
2,1216,0.000000
2,1217,0.000000
2,1218,0.000000
2,1219,0.000000
2,1220,0.000000
2,1221,0.000000
2,1222,0.000000
2,1223,0.000000
2,1224,0.000000
2,1225,0.000000
2,1226,0.000000
2,1227,0.000000
2,1228,0.000000
2,1229,0.000000
2,1230,0.000000
2,1231,0.000000
2,1232,0.000000
2,1233,0.000000
2,1234,0.000000
2,1235,0.000000
2,1236,0.000000
2,1237,0.000000
2,1238,0.000000
2,1239,0.000000
2,1240,0.000000
2,1241,0.000000
2,1242,0.000000
2,1243,0.000000
2,1244,0.000000
2,1245,0.000000
2,1246,0.000000
2,1247,0.000000
2,1248,0.000000
2,1249,0.000000
2,1250,0.000000
2,1251,0.000000
2,1252,0.000000
2,1253,0.000000
2,1254,0.000000
2,1255,0.000000
2,1256,0.000000
2,1257,0.000000
2,1258,0.000000
2,1259,0.000000
2,1260,0.000000
2,1261,0.000000
2,1262,0.000000
2,1263,0.000000
2,1264,0.000000
2,1265,0.000000
2,1266,0.000000
2,1267,0.000000
2,1268,0.000000
2,1269,0.000000
2,1270,0.000000
2,1271,0.000000
2,1272,0.000000
2,1273,0.000000
2,1274,0.000000
2,1275,0.000000
2,1276,0.000000
2,1277,0.000000
2,1278,0.000000
2,1279,0.000000
2,1280,0.000000
2,1281,0.000000
2,1282,0.000000
2,1283,0.000000
2,1284,0.000000
2,1285,0.000000
2,1286,0.000000
2,1287,0.000000
2,1288,0.000000
2,1289,0.000000
2,1290,0.000000
2,1291,0.000000
2,1292,0.000000
2,1293,0.000000
2,1294,0.000000
2,1295,0.000000
2,1296,0.000000
2,1297,0.000000
2,1298,0.000000
2,1299,0.000000
2,1300,0.000000
2,1301,0.000000
2,1302,0.000000
2,1303,0.000000
2,1304,0.000000
2,1305,0.000000
2,1306,0.000000
2,1307,0.000000
2,1308,0.000000
2,1309,0.000000
2,1310,0.000000
2,1311,0.000000
2,1312,0.000000
2,1313,0.000000
2,1314,0.000000
2,1315,0.000000
2,1316,0.000000
2,1317,0.000000
2,1318,0.000000
2,1319,0.000000
2,1320,0.000000
2,1321,0.000000
2,1322,0.000000
2,1323,0.000000
2,1324,0.000000
2,1325,0.000000
2,1326,0.000000
2,1327,0.000000
2,1328,0.000000
2,1329,0.000000
2,1330,0.000000
2,1331,0.000000
2,1332,0.000000
2,1333,0.000000
2,1334,0.000000
2,1335,0.000000
2,1336,0.000000
2,1337,0.000000
2,1338,0.000000
2,1339,0.000000
2,1340,0.000000
2,1341,0.000000
2,1342,0.000000
2,1343,0.000000
2,1344,0.000000
2,1345,0.000000
2,1346,0.000000
2,1347,0.000000
2,1348,0.000000
2,1349,0.000000
2,1350,0.000000
2,1351,0.000000
2,1352,0.000000
2,1353,0.000000
2,1354,0.000000
2,1355,0.000000
2,1356,0.000000
2,1357,0.000000
2,1358,0.000000
2,1359,0.000000
2,1360,0.000000
2,1361,0.000000
2,1362,0.000000
2,1363,0.000000
2,1364,0.000000
2,1365,0.000000
2,1366,0.000000
2,1367,0.000000
2,1368,0.000000
2,1369,0.000000
2,1370,0.000000
2,1371,0.000000
2,1372,0.000000
2,1373,0.000000
2,1374,0.000000
2,1375,0.000000
2,1376,0.000000
2,1377,0.000000
2,1378,0.000000
2,1379,0.000000
2,1380,0.000000
2,1381,0.000000
2,1382,0.000000
2,1383,0.000000
2,1384,0.000000
2,1385,0.000000
2,1386,0.000000
2,1387,0.000000
2,1388,0.000000
2,1389,0.000000
2,1390,0.000000
2,1391,0.000000
2,1392,0.000000
2,1393,0.000000
2,1394,0.000000
2,1395,0.000000
2,1396,0.000000
2,1397,0.000000
2,1398,0.000000
2,1399,0.000000
2,1400,0.000000
2,1401,0.000000
2,1402,0.000000
2,1403,0.000000
2,1404,0.000000
2,1405,0.000000
2,1406,0.000000
2,1407,0.000000
2,1408,0.000000
2,1409,0.000000
2,1410,0.000000
2,1411,0.000000
2,1412,0.000000
2,1413,0.000000
2,1414,0.000000
2,1415,0.000000
2,1416,0.000000
2,1417,0.000000
2,1418,0.000000
2,1419,0.000000
2,1420,0.000000
2,1421,0.000000
2,1422,0.000000
2,1423,0.000000
2,1424,0.000000
2,1425,0.000000
2,1426,0.000000
2,1427,0.000000
2,1428,0.000000
2,1429,0.000000
2,1430,0.000000
2,1431,0.000000
2,1432,0.000000
2,1433,0.000000
2,1434,0.000000
2,1435,0.000000
2,1436,0.000000
2,1437,0.000000
2,1438,0.000000
2,1439,0.000000
2,1440,0.000000
2,1441,0.000000
2,1442,0.000000
2,1443,0.000000
2,1444,0.000000
2,1445,0.000000
2,1446,0.000000
2,1447,0.000000
2,1448,0.000000
2,1449,0.000000
2,1450,0.000000
2,1451,0.000000
2,1452,0.000000
2,1453,0.000000
2,1454,0.000000
2,1455,0.000000
2,1456,0.000000
2,1457,0.000000
2,1458,0.000000
2,1459,0.000000
2,1460,0.000000
2,1461,0.000000
2,1462,0.000000
2,1463,0.000000
2,1464,0.000000
2,1465,0.000000
2,1466,0.000000
2,1467,0.000000
2,1468,0.000000
2,1469,0.000000
2,1470,0.000000
2,1471,0.000000
2,1472,0.000000
2,1473,0.000000
2,1474,0.000000
2,1475,0.000000
2,1476,0.000000
2,1477,0.000000
2,1478,0.000000
2,1479,0.000000
2,1480,0.000000
2,1481,0.000000
2,1482,0.000000
2,1483,0.000000
2,1484,0.000000
2,1485,0.000000
2,1486,0.000000
2,1487,0.000000
2,1488,0.000000
2,1489,0.000000
2,1490,0.000000
2,1491,0.000000
2,1492,0.000000
2,1493,0.000000
2,1494,0.000000
2,1495,0.000000
2,1496,0.000000
2,1497,0.000000
2,1498,0.000000
2,1499,0.000000
2,1500,0.000000
2,1501,0.000000
2,1502,0.000000
2,1503,0.000000
2,1504,0.000000
2,1505,0.000000
2,1506,0.000000
2,1507,0.000000
2,1508,0.000000
2,1509,0.000000
2,1510,0.000000
2,1511,0.000000
2,1512,0.000000
2,1513,0.000000
2,1514,0.000000
2,1515,0.000000
2,1516,0.000000
2,1517,0.000000
2,1518,0.000000
2,1519,0.000000
2,1520,0.000000
2,1521,0.000000
2,1522,0.000000
2,1523,0.000000
2,1524,0.000000
2,1525,0.000000
2,1526,0.000000
2,1527,0.000000
2,1528,0.000000
2,1529,0.000000
2,1530,0.000000
2,1531,0.000000
2,1532,0.000000
2,1533,0.000000
2,1534,0.000000
2,1535,0.000000
2,1536,0.000000
2,1537,0.000000
2,1538,0.000000
2,1539,0.000000
2,1540,0.000000
2,1541,0.000000
2,1542,0.000000
2,1543,0.000000
2,1544,0.000000
2,1545,0.000000
2,1546,0.000000
2,1547,0.000000
2,1548,0.000000
2,1549,0.000000
2,1550,0.000000
2,1551,0.000000
2,1552,0.000000
2,1553,0.000000
2,1554,0.000000
2,1555,0.000000
2,1556,0.000000
2,1557,0.000000
2,1558,0.000000
2,1559,0.000000
2,1560,0.000000
2,1561,0.000000
2,1562,0.000000
2,1563,0.000000
2,1564,0.000000
2,1565,0.000000
2,1566,0.000000
2,1567,0.000000
2,1568,0.000000
2,1569,0.000000
2,1570,0.000000
2,1571,0.000000
2,1572,0.000000
2,1573,0.000000
2,1574,0.000000
2,1575,0.000000
2,1576,0.000000
2,1577,0.000000
2,1578,0.000000
2,1579,0.000000
2,1580,0.000000
2,1581,0.000000
2,1582,0.000000
2,1583,0.000000
2,1584,0.000000
2,1585,0.000000
2,1586,0.000000
2,1587,0.000000
2,1588,0.000000
2,1589,0.000000
2,1590,0.000000
2,1591,0.000000
2,1592,0.000000
2,1593,0.000000
2,1594,0.000000
2,1595,0.000000
2,1596,0.000000
2,1597,0.000000
2,1598,0.000000
2,1599,0.000000
2,1600,0.000000
2,1601,0.000000
2,1602,0.000000
2,1603,0.000000
2,1604,0.000000
2,1605,0.000000
2,1606,0.000000
2,1607,0.000000
2,1608,0.000000
2,1609,0.000000
2,1610,0.000000
2,1611,0.000000
2,1612,0.000000
2,1613,0.000000
2,1614,0.000000
2,1615,0.000000
2,1616,0.000000
2,1617,0.000000
2,1618,0.000000
2,1619,0.000000
2,1620,0.000000
2,1621,0.000000
2,1622,0.000000
2,1623,0.000000
2,1624,0.000000
2,1625,0.000000
2,1626,0.000000
2,1627,0.000000
2,1628,0.000000
2,1629,0.000000
2,1630,0.000000
2,1631,0.000000
2,1632,0.000000
2,1633,0.000000
2,1634,0.000000
2,1635,0.000000
2,1636,0.000000
2,1637,0.000000
2,1638,0.000000
2,1639,0.000000
2,1640,0.000000
2,1641,0.000000
2,1642,0.000000
2,1643,0.000000
2,1644,0.000000
2,1645,0.000000
2,1646,0.000000
2,1647,0.000000
2,1648,0.000000
2,1649,0.000000
2,1650,0.000000
2,1651,0.000000
2,1652,0.000000
2,1653,0.000000
2,1654,0.000000
2,1655,0.000000
2,1656,0.000000
2,1657,0.000000
2,1658,0.000000
2,1659,0.000000
2,1660,0.000000
2,1661,0.000000
2,1662,0.000000
2,1663,0.000000
2,1664,0.000000
2,1665,0.000000
2,1666,0.000000
2,1667,0.000000
2,1668,0.000000
2,1669,0.000000
2,1670,0.000000
2,1671,0.000000
2,1672,0.000000
2,1673,0.000000
2,1674,0.000000
2,1675,0.000000
2,1676,0.000000
2,1677,0.000000
2,1678,0.000000
2,1679,0.000000
2,1680,0.000000
2,1681,0.000000
2,1682,0.000000
2,1683,0.000000
2,1684,0.000000
2,1685,0.000000
2,1686,0.000000
2,1687,0.000000
2,1688,0.000000
2,1689,0.000000
2,1690,0.000000
2,1691,0.000000
2,1692,0.000000
2,1693,0.000000
2,1694,0.000000
2,1695,0.000000
2,1696,0.000000
2,1697,0.000000
2,1698,0.000000
2,1699,0.000000
2,1700,0.000000
2,1701,0.000000
2,1702,0.000000
2,1703,0.000000
2,1704,0.000400
2,1705,0.000000
2,1706,0.000000
2,1707,0.000000
2,1708,0.000000
2,1709,0.000000
2,1710,0.000000
2,1711,0.000000
2,1712,0.000000
2,1713,0.000000
2,1714,0.000000
2,1715,0.000000
2,1716,0.000000
2,1717,0.000000
2,1718,0.000000
2,1719,0.000000
2,1720,0.000000
2,1721,0.000000
2,1722,0.000000
2,1723,0.000000
2,1724,0.000000
2,1725,0.000000
2,1726,0.000000
2,1727,0.000000
2,1728,0.000000
2,1729,0.000000
2,1730,0.000000
2,1731,0.000000
2,1732,0.000000
2,1733,0.000000
2,1734,0.000000
2,1735,0.000000
2,1736,0.000000
2,1737,0.000000
2,1738,0.000000
2,1739,0.000000
2,1740,0.000000
2,1741,0.000000
2,1742,0.000000
2,1743,0.000000
2,1744,0.000000
2,1745,0.000000
2,1746,0.000000
2,1747,0.000000
2,1748,0.000000
2,1749,0.000000
2,1750,0.000000
2,1751,0.000000
2,1752,0.000000
2,1753,0.000000
2,1754,0.000000
2,1755,0.000000
2,1756,0.000000
2,1757,0.000000
2,1758,0.000000
2,1759,0.000000
2,1760,0.000000
2,1761,0.000000
2,1762,0.000000
2,1763,0.000000
2,1764,0.000000
2,1765,0.000000
2,1766,0.000000
2,1767,0.000000
2,1768,0.000000
2,1769,0.000000
2,1770,0.000000
2,1771,0.000000
2,1772,0.000000
2,1773,0.000000
2,1774,0.000000
2,1775,0.000000
2,1776,0.000000
2,1777,0.000000
2,1778,0.000000
2,1779,0.000000
2,1780,0.000000
2,1781,0.000000
2,1782,0.000000
2,1783,0.000000
2,1784,0.000000
2,1785,0.000000
2,1786,0.000000
2,1787,0.000000
2,1788,0.000000
2,1789,0.000000
2,1790,0.000000
2,1791,0.000000
2,1792,0.000000
2,1793,0.000000
2,1794,0.000000
2,1795,0.000000
2,1796,0.000000
2,1797,0.000000
2,1798,0.000000
2,1799,0.000000
2,1800,0.000000
2,1801,0.000000
2,1802,0.000000
2,1803,0.000000
2,1804,0.000000
2,1805,0.000000
2,1806,0.000000
2,1807,0.000000
2,1808,0.000000
2,1809,0.000000
2,1810,0.000000
2,1811,0.000000
2,1812,0.000000
2,1813,0.000000
2,1814,0.000000
2,1815,0.000000
2,1816,0.000000
2,1817,0.000000
2,1818,0.000000
2,1819,0.000000
2,1820,0.000000
2,1821,0.000000
2,1822,0.000000
2,1823,0.000000
2,1824,0.000000
2,1825,0.000000
2,1826,0.000000
2,1827,0.000000
2,1828,0.000000
2,1829,0.000000
2,1830,0.000000
2,1831,0.000000
2,1832,0.000000
2,1833,0.000000
2,1834,0.000000
2,1835,0.000000
2,1836,0.000000
2,1837,0.000000
2,1838,0.000000
2,1839,0.000000
2,1840,0.000000
2,1841,0.000000
2,1842,0.000000
2,1843,0.000000
2,1844,0.000000
2,1845,0.000000
2,1846,0.000000
2,1847,0.000000
2,1848,0.000000
2,1849,0.000000
2,1850,0.000000
2,1851,0.000000
2,1852,0.000000
2,1853,0.000000
2,1854,0.000000
2,1855,0.000000
2,1856,0.000000
2,1857,0.000000
2,1858,0.000000
2,1859,0.000000
2,1860,0.000000
2,1861,0.000000
2,1862,0.000000
2,1863,0.000000
2,1864,0.000000
2,1865,0.000000
2,1866,0.000000
2,1867,0.000000
2,1868,0.000000
2,1869,0.000000
2,1870,0.000000
2,1871,0.000000
2,1872,0.000000
2,1873,0.000000
2,1874,0.000000
2,1875,0.000000
2,1876,0.000000
2,1877,0.000000
2,1878,0.000000
2,1879,0.000000
2,1880,0.000000
2,1881,0.000000
2,1882,0.000000
2,1883,0.000000
2,1884,0.000000
2,1885,0.000000
2,1886,0.000000
2,1887,0.000000
2,1888,0.000000
2,1889,0.000000
2,1890,0.000000
2,1891,0.000000
2,1892,0.000000
2,1893,0.000000
2,1894,0.000000
2,1895,0.000000
2,1896,0.000000
2,1897,0.000000
2,1898,0.000000
2,1899,0.000000
2,1900,0.000000
2,1901,0.000000
2,1902,0.000000
2,1903,0.000000
2,1904,0.000000
2,1905,0.000000
2,1906,0.000000
2,1907,0.000000
2,1908,0.000000
2,1909,0.000000
2,1910,0.000000
2,1911,0.000000
2,1912,0.000000
2,1913,0.000000
2,1914,0.000000
2,1915,0.000000
2,1916,0.000000
2,1917,0.000000
2,1918,0.000000
2,1919,0.000000
2,1920,0.000000
2,1921,0.000000
2,1922,0.000000
2,1923,0.000000
2,1924,0.000000
2,1925,0.000000
2,1926,0.000000
2,1927,0.000000
2,1928,0.000000
2,1929,0.000000
2,1930,0.000000
2,1931,0.000000
2,1932,0.000000
2,1933,0.000000
2,1934,0.000000
2,1935,0.000000
2,1936,0.000000
2,1937,0.000000
2,1938,0.000000
2,1939,0.000000
2,1940,0.000000
2,1941,0.000000
2,1942,0.000000
2,1943,0.000000
2,1944,0.000000
2,1945,0.000000
2,1946,0.000000
2,1947,0.000000
2,1948,0.000000
2,1949,0.000000
2,1950,0.000000
2,1951,0.000000
2,1952,0.000000
2,1953,0.000000
2,1954,0.000000
2,1955,0.000000
2,1956,0.000000
2,1957,0.000000
2,1958,0.000000
2,1959,0.000000
2,1960,0.000000
2,1961,0.000000
2,1962,0.000000
2,1963,0.000000
2,1964,0.000000
2,1965,0.000000
2,1966,0.000000
2,1967,0.000000
2,1968,0.000000
2,1969,0.000000
2,1970,0.000000
2,1971,0.000000
2,1972,0.000000
2,1973,0.000000
2,1974,0.000000
2,1975,0.000000
2,1976,0.000000
2,1977,0.000000
2,1978,0.000000
2,1979,0.000000
2,1980,0.000000
2,1981,0.000000
2,1982,0.000000
2,1983,0.000000
2,1984,0.000000
2,1985,0.000000
2,1986,0.000000
2,1987,0.000000
2,1988,0.000000
2,1989,0.000000
2,1990,0.000000
2,1991,0.000000
2,1992,0.000000
2,1993,0.000000
2,1994,0.000000
2,1995,0.000000
2,1996,0.000000
2,1997,0.000000
2,1998,0.000000
2,1999,0.000000
2,2000,0.000000
2,2001,0.000000
2,2002,0.000000
2,2003,0.000000
2,2004,0.000000
2,2005,0.000000
2,2006,0.000000
2,2007,0.000000
2,2008,0.000000
2,2009,0.000000
2,2010,0.000000
2,2011,0.000000
2,2012,0.000000
2,2013,0.000000
2,2014,0.000000
2,2015,0.000000
2,2016,0.000000
2,2017,0.000000
2,2018,0.000000
2,2019,0.000000
2,2020,0.000000
2,2021,0.000000
2,2022,0.000000
2,2023,0.000000
2,2024,0.000000
2,2025,0.000000
2,2026,0.000000
2,2027,0.000000
2,2028,0.000000
2,2029,0.000000
2,2030,0.000000
2,2031,0.000000
2,2032,0.000000
2,2033,0.000000
2,2034,0.000000
2,2035,0.000000
2,2036,0.000000
2,2037,0.000000
2,2038,0.000000
2,2039,0.000000
2,2040,0.000000
2,2041,0.000000
2,2042,0.000000
2,2043,0.000000
2,2044,0.000000
2,2045,0.000000
2,2046,0.000000
2,2047,0.000000
2,2048,0.000000
4,1,0.739583
4,2,0.677705
4,3,0.500000
4,4,0.500000
4,5,0.250000
4,6,0.334060
4,7,0.247951
4,8,0.000000
4,9,0.250000
4,10,0.000000
4,11,0.211687
4,12,0.178172
4,13,0.140191
4,14,0.000000
4,15,0.109656
4,16,0.137083
4,17,0.095350
4,18,0.100380
4,19,0.103326
4,20,0.000000
4,21,0.000000
4,22,0.000000
4,23,0.073550
4,24,0.066237
4,25,0.068250
4,26,0.000000
4,27,0.000000
4,28,0.070700
4,29,0.000000
4,30,0.000000
4,31,0.000000
4,32,0.000000
4,33,0.051840
4,34,0.000000
4,35,0.047590
4,36,0.000000
4,37,0.047250
4,38,0.000000
4,39,0.000000
4,40,0.000000
4,41,0.042991
4,42,0.000000
4,43,0.000000
4,44,0.000000
4,45,0.035150
4,46,0.037592
4,47,0.034200
4,48,0.000000
4,49,0.000000
4,50,0.032750
4,51,0.000000
4,52,0.000000
4,53,0.000000
4,54,0.000000
4,55,0.000000
4,56,0.029150
4,57,0.000000
4,58,0.000000
4,59,0.000000
4,60,0.026900
4,61,0.000000
4,62,0.000000
4,63,0.000000
4,64,0.023900
4,65,0.000000
4,66,0.000000
4,67,0.000000
4,68,0.000000
4,69,0.000000
4,70,0.000000
4,71,0.000000
4,72,0.000000
4,73,0.000000
4,74,0.000000
4,75,0.000000
4,76,0.000000
4,77,0.000000
4,78,0.000000
4,79,0.000000
4,80,0.000000
4,81,0.000000
4,82,0.000000
4,83,0.000000
4,84,0.000000
4,85,0.000000
4,86,0.000000
4,87,0.000000
4,88,0.000000
4,89,0.000000
4,90,0.000000
4,91,0.019646
4,92,0.018650
4,93,0.000000
4,94,0.000000
4,95,0.000000
4,96,0.000000
4,97,0.000000
4,98,0.000000
4,99,0.017896
4,100,0.000000
4,101,0.000000
4,102,0.017796
4,103,0.000000
4,104,0.000000
4,105,0.000000
4,106,0.000000
4,107,0.000000
4,108,0.000000
4,109,0.000000
4,110,0.000000
4,111,0.000000
4,112,0.000000
4,113,0.000000
4,114,0.000000
4,115,0.000000
4,116,0.000000
4,117,0.000000
4,118,0.000000
4,119,0.000000
4,120,0.000000
4,121,0.000000
4,122,0.000000
4,123,0.000000
4,124,0.000000
4,125,0.000000
4,126,0.000000
4,127,0.000000
4,128,0.000000
4,129,0.000000
4,130,0.000000
4,131,0.000000
4,132,0.000000
4,133,0.000000
4,134,0.000000
4,135,0.000000
4,136,0.011800
4,137,0.009200
4,138,0.000000
4,139,0.000000
4,140,0.000000
4,141,0.000000
4,142,0.000000
4,143,0.000000
4,144,0.000000
4,145,0.000000
4,146,0.000000
4,147,0.000000
4,148,0.000000
4,149,0.000000
4,150,0.000000
4,151,0.000000
4,152,0.000000
4,153,0.000000
4,154,0.000000
4,155,0.000000
4,156,0.009950
4,157,0.000000
4,158,0.000000
4,159,0.000000
4,160,0.000000
4,161,0.000000
4,162,0.000000
4,163,0.000000
4,164,0.000000
4,165,0.000000
4,166,0.000000
4,167,0.000000
4,168,0.000000
4,169,0.000000
4,170,0.000000
4,171,0.000000
4,172,0.000000
4,173,0.000000
4,174,0.000000
4,175,0.000000
4,176,0.000000
4,177,0.000000
4,178,0.000000
4,179,0.000000
4,180,0.000000
4,181,0.000000
4,182,0.000000
4,183,0.000000
4,184,0.000000
4,185,0.000000
4,186,0.000000
4,187,0.000000
4,188,0.000000
4,189,0.000000
4,190,0.000000
4,191,0.000000
4,192,0.000000
4,193,0.000000
4,194,0.000000
4,195,0.000000
4,196,0.000000
4,197,0.000000
4,198,0.000000
4,199,0.000000
4,200,0.000000
4,201,0.000000
4,202,0.000000
4,203,0.000000
4,204,0.000000
4,205,0.000000
4,206,0.000000
4,207,0.000000
4,208,0.000000
4,209,0.000000
4,210,0.000000
4,211,0.000000
4,212,0.000000
4,213,0.000000
4,214,0.000000
4,215,0.007900
4,216,0.000000
4,217,0.000000
4,218,0.000000
4,219,0.000000
4,220,0.000000
4,221,0.007250
4,222,0.000000
4,223,0.000000
4,224,0.000000
4,225,0.000000
4,226,0.007200
4,227,0.000000
4,228,0.000000
4,229,0.000000
4,230,0.000000
4,231,0.000000
4,232,0.000000
4,233,0.000000
4,234,0.000000
4,235,0.000000
4,236,0.000000
4,237,0.000000
4,238,0.000000
4,239,0.000000
4,240,0.000000
4,241,0.008400
4,242,0.000000
4,243,0.000000
4,244,0.000000
4,245,0.000000
4,246,0.000000
4,247,0.000000
4,248,0.000000
4,249,0.000000
4,250,0.000000
4,251,0.000000
4,252,0.000000
4,253,0.000000
4,254,0.000000
4,255,0.000000
4,256,0.000000
4,257,0.000000
4,258,0.000000
4,259,0.000000
4,260,0.000000
4,261,0.000000
4,262,0.000000
4,263,0.000000
4,264,0.000000
4,265,0.000000
4,266,0.000000
4,267,0.000000
4,268,0.000000
4,269,0.000000
4,270,0.000000
4,271,0.000000
4,272,0.000000
4,273,0.000000
4,274,0.000000
4,275,0.000000
4,276,0.000000
4,277,0.000000
4,278,0.000000
4,279,0.000000
4,280,0.000000
4,281,0.000000
4,282,0.000000
4,283,0.000000
4,284,0.000000
4,285,0.000000
4,286,0.000000
4,287,0.000000
4,288,0.006250
4,289,0.000000
4,290,0.000000
4,291,0.000000
4,292,0.000000
4,293,0.000000
4,294,0.000000
4,295,0.000000
4,296,0.000000
4,297,0.000000
4,298,0.000000
4,299,0.000000
4,300,0.000000
4,301,0.000000
4,302,0.000000
4,303,0.000000
4,304,0.000000
4,305,0.000000
4,306,0.000000
4,307,0.000000
4,308,0.006550
4,309,0.000000
4,310,0.000000
4,311,0.000000
4,312,0.000000
4,313,0.000000
4,314,0.000000
4,315,0.006550
4,316,0.000000
4,317,0.000000
4,318,0.000000
4,319,0.000000
4,320,0.000000
4,321,0.000000
4,322,0.000000
4,323,0.000000
4,324,0.000000
4,325,0.000000
4,326,0.000000
4,327,0.000000
4,328,0.000000
4,329,0.000000
4,330,0.000000
4,331,0.000000
4,332,0.000000
4,333,0.000000
4,334,0.000000
4,335,0.000000
4,336,0.000000
4,337,0.000000
4,338,0.000000
4,339,0.000000
4,340,0.000000
4,341,0.000000
4,342,0.000000
4,343,0.000000
4,344,0.000000
4,345,0.000000
4,346,0.000000
4,347,0.000000
4,348,0.000000
4,349,0.000000
4,350,0.000000
4,351,0.000000
4,352,0.000000
4,353,0.000000
4,354,0.000000
4,355,0.000000
4,356,0.000000
4,357,0.000000
4,358,0.000000
4,359,0.000000
4,360,0.000000
4,361,0.000000
4,362,0.000000
4,363,0.000000
4,364,0.000000
4,365,0.000000
4,366,0.000000
4,367,0.000000
4,368,0.000000
4,369,0.000000
4,370,0.000000
4,371,0.000000
4,372,0.000000
4,373,0.000000
4,374,0.000000
4,375,0.000000
4,376,0.000000
4,377,0.000000
4,378,0.000000
4,379,0.000000
4,380,0.000000
4,381,0.000000
4,382,0.000000
4,383,0.000000
4,384,0.000000
4,385,0.000000
4,386,0.000000
4,387,0.000000
4,388,0.000000
4,389,0.005150
4,390,0.000000
4,391,0.000000
4,392,0.000000
4,393,0.000000
4,394,0.000000
4,395,0.000000
4,396,0.000000
4,397,0.000000
4,398,0.000000
4,399,0.000000
4,400,0.000000
4,401,0.000000
4,402,0.003550
4,403,0.000000
4,404,0.000000
4,405,0.000000
4,406,0.000000
4,407,0.000000
4,408,0.000000
4,409,0.000000
4,410,0.004399
4,411,0.000000
4,412,0.000000
4,413,0.000000
4,414,0.000000
4,415,0.000000
4,416,0.000000
4,417,0.000000
4,418,0.000000
4,419,0.000000
4,420,0.000000
4,421,0.000000
4,422,0.000000
4,423,0.000000
4,424,0.000000
4,425,0.000000
4,426,0.000000
4,427,0.000000
4,428,0.000000
4,429,0.000000
4,430,0.003650
4,431,0.000000
4,432,0.000000
4,433,0.000000
4,434,0.000000
4,435,0.000000
4,436,0.000000
4,437,0.000000
4,438,0.000000
4,439,0.000000
4,440,0.000000
4,441,0.000000
4,442,0.000000
4,443,0.000000
4,444,0.004700
4,445,0.000000
4,446,0.000000
4,447,0.000000
4,448,0.000000
4,449,0.000000
4,450,0.000000
4,451,0.000000
4,452,0.000000
4,453,0.000000
4,454,0.000000
4,455,0.000000
4,456,0.000000
4,457,0.003000
4,458,0.000000
4,459,0.000000
4,460,0.003249
4,461,0.000000
4,462,0.000000
4,463,0.000000
4,464,0.000000
4,465,0.000000
4,466,0.000000
4,467,0.000000
4,468,0.000000
4,469,0.000000
4,470,0.000000
4,471,0.000000
4,472,0.000000
4,473,0.000000
4,474,0.000000
4,475,0.000000
4,476,0.000000
4,477,0.000000
4,478,0.000000
4,479,0.000000
4,480,0.000000
4,481,0.000000
4,482,0.000000
4,483,0.000000
4,484,0.000000
4,485,0.000000
4,486,0.003450
4,487,0.000000
4,488,0.000000
4,489,0.000000
4,490,0.000000
4,491,0.000000
4,492,0.000000
4,493,0.000000
4,494,0.000000
4,495,0.000000
4,496,0.000000
4,497,0.000000
4,498,0.000000
4,499,0.000000
4,500,0.000000
4,501,0.000000
4,502,0.000000
4,503,0.000000
4,504,0.000000
4,505,0.000000
4,506,0.000000
4,507,0.000000
4,508,0.000000
4,509,0.000000
4,510,0.000000
4,511,0.000000
4,512,0.000000
4,513,0.000000
4,514,0.000000
4,515,0.000000
4,516,0.000000
4,517,0.000000
4,518,0.000000
4,519,0.000000
4,520,0.000000
4,521,0.000000
4,522,0.000000
4,523,0.000000
4,524,0.000000
4,525,0.000000
4,526,0.000000
4,527,0.000000
4,528,0.000000
4,529,0.000000
4,530,0.000000
4,531,0.000000
4,532,0.000000
4,533,0.000000
4,534,0.000000
4,535,0.000000
4,536,0.000000
4,537,0.000000
4,538,0.000000
4,539,0.000000
4,540,0.000000
4,541,0.000000
4,542,0.000000
4,543,0.000000
4,544,0.000000
4,545,0.000000
4,546,0.000000
4,547,0.000000
4,548,0.000000
4,549,0.000000
4,550,0.000000
4,551,0.000000
4,552,0.000000
4,553,0.000000
4,554,0.000000
4,555,0.000000
4,556,0.000000
4,557,0.000000
4,558,0.000000
4,559,0.000000
4,560,0.000000
4,561,0.000000
4,562,0.000000
4,563,0.000000
4,564,0.000000
4,565,0.000000
4,566,0.000000
4,567,0.000000
4,568,0.000000
4,569,0.000000
4,570,0.000000
4,571,0.000000
4,572,0.000000
4,573,0.000000
4,574,0.000000
4,575,0.000000
4,576,0.000000
4,577,0.000000
4,578,0.000000
4,579,0.000000
4,580,0.000000
4,581,0.000000
4,582,0.000000
4,583,0.000000
4,584,0.000000
4,585,0.000000
4,586,0.000000
4,587,0.000000
4,588,0.000000
4,589,0.000000
4,590,0.000000
4,591,0.000000
4,592,0.000000
4,593,0.000000
4,594,0.000000
4,595,0.000000
4,596,0.000000
4,597,0.000000
4,598,0.000000
4,599,0.000000
4,600,0.000000
4,601,0.000000
4,602,0.000000
4,603,0.000000
4,604,0.000000
4,605,0.000000
4,606,0.000000
4,607,0.000000
4,608,0.000000
4,609,0.000000
4,610,0.000000
4,611,0.000000
4,612,0.000000
4,613,0.000000
4,614,0.000000
4,615,0.000000
4,616,0.000000
4,617,0.000000
4,618,0.000000
4,619,0.000000
4,620,0.000000
4,621,0.000000
4,622,0.000000
4,623,0.000000
4,624,0.000000
4,625,0.000000
4,626,0.000000
4,627,0.000000
4,628,0.000000
4,629,0.000000
4,630,0.000000
4,631,0.000000
4,632,0.000000
4,633,0.000000
4,634,0.000000
4,635,0.000000
4,636,0.000000
4,637,0.000000
4,638,0.000000
4,639,0.000000
4,640,0.000000
4,641,0.000000
4,642,0.000000
4,643,0.000000
4,644,0.000000
4,645,0.000000
4,646,0.000000
4,647,0.000000
4,648,0.000000
4,649,0.000000
4,650,0.000000
4,651,0.000000
4,652,0.000000
4,653,0.000000
4,654,0.000000
4,655,0.000000
4,656,0.000000
4,657,0.000000
4,658,0.002700
4,659,0.000000
4,660,0.000000
4,661,0.000000
4,662,0.000000
4,663,0.000000
4,664,0.000000
4,665,0.000000
4,666,0.000000
4,667,0.000000
4,668,0.000000
4,669,0.000000
4,670,0.000000
4,671,0.000000
4,672,0.000000
4,673,0.000000
4,674,0.000000
4,675,0.000000
4,676,0.000000
4,677,0.002050
4,678,0.000000
4,679,0.000000
4,680,0.000000
4,681,0.000000
4,682,0.000000
4,683,0.000000
4,684,0.000000
4,685,0.000000
4,686,0.000000
4,687,0.000000
4,688,0.000000
4,689,0.000000
4,690,0.000000
4,691,0.000000
4,692,0.000000
4,693,0.000000
4,694,0.000000
4,695,0.000000
4,696,0.000000
4,697,0.000000
4,698,0.000000
4,699,0.000000
4,700,0.000000
4,701,0.000000
4,702,0.000000
4,703,0.000000
4,704,0.000000
4,705,0.000000
4,706,0.000000
4,707,0.000000
4,708,0.000000
4,709,0.000000
4,710,0.000000
4,711,0.000000
4,712,0.000000
4,713,0.000000
4,714,0.000000
4,715,0.000000
4,716,0.000000
4,717,0.000000
4,718,0.000000
4,719,0.000000
4,720,0.000000
4,721,0.000000
4,722,0.000000
4,723,0.000000
4,724,0.000000
4,725,0.003600
4,726,0.000000
4,727,0.000000
4,728,0.000000
4,729,0.000000
4,730,0.000000
4,731,0.000000
4,732,0.000000
4,733,0.000000
4,734,0.000000
4,735,0.000000
4,736,0.000000
4,737,0.000000
4,738,0.000000
4,739,0.000000
4,740,0.000000
4,741,0.000000
4,742,0.000000
4,743,0.000000
4,744,0.000000
4,745,0.000000
4,746,0.000000
4,747,0.000000
4,748,0.000000
4,749,0.000000
4,750,0.000000
4,751,0.000000
4,752,0.000000
4,753,0.000000
4,754,0.000000
4,755,0.000000
4,756,0.000000
4,757,0.000000
4,758,0.000000
4,759,0.000000
4,760,0.000000
4,761,0.000000
4,762,0.000000
4,763,0.000000
4,764,0.000000
4,765,0.000000
4,766,0.000000
4,767,0.000000
4,768,0.000000
4,769,0.000000
4,770,0.000000
4,771,0.000000
4,772,0.000000
4,773,0.000000
4,774,0.000000
4,775,0.000000
4,776,0.000000
4,777,0.000000
4,778,0.000000
4,779,0.000000
4,780,0.000000
4,781,0.000000
4,782,0.000000
4,783,0.000000
4,784,0.000000
4,785,0.000000
4,786,0.000000
4,787,0.000000
4,788,0.000000
4,789,0.000000
4,790,0.000000
4,791,0.000000
4,792,0.000000
4,793,0.000000
4,794,0.000000
4,795,0.000000
4,796,0.000000
4,797,0.000000
4,798,0.000000
4,799,0.000000
4,800,0.000000
4,801,0.000000
4,802,0.000000
4,803,0.000000
4,804,0.000000
4,805,0.000000
4,806,0.000000
4,807,0.000000
4,808,0.000000
4,809,0.000000
4,810,0.000000
4,811,0.000000
4,812,0.000000
4,813,0.000000
4,814,0.000000
4,815,0.000000
4,816,0.000000
4,817,0.000000
4,818,0.000000
4,819,0.000000
4,820,0.000000
4,821,0.000000
4,822,0.000000
4,823,0.000000
4,824,0.000000
4,825,0.000000
4,826,0.000000
4,827,0.000000
4,828,0.000000
4,829,0.000000
4,830,0.000000
4,831,0.000000
4,832,0.000000
4,833,0.000000
4,834,0.000000
4,835,0.000000
4,836,0.000000
4,837,0.000000
4,838,0.000000
4,839,0.000000
4,840,0.000000
4,841,0.000000
4,842,0.000000
4,843,0.000000
4,844,0.000000
4,845,0.000000
4,846,0.000000
4,847,0.000000
4,848,0.000000
4,849,0.000000
4,850,0.000000
4,851,0.000000
4,852,0.000000
4,853,0.000000
4,854,0.000000
4,855,0.000000
4,856,0.000000
4,857,0.000000
4,858,0.000000
4,859,0.000000
4,860,0.000000
4,861,0.000000
4,862,0.000000
4,863,0.000000
4,864,0.000000
4,865,0.000000
4,866,0.000000
4,867,0.000000
4,868,0.000000
4,869,0.000000
4,870,0.000000
4,871,0.000000
4,872,0.000000
4,873,0.000000
4,874,0.000000
4,875,0.000000
4,876,0.000000
4,877,0.000000
4,878,0.001600
4,879,0.000000
4,880,0.000000
4,881,0.000000
4,882,0.000000
4,883,0.000000
4,884,0.000000
4,885,0.000000
4,886,0.000000
4,887,0.000000
4,888,0.000000
4,889,0.000000
4,890,0.000000
4,891,0.000000
4,892,0.000000
4,893,0.000000
4,894,0.000000
4,895,0.000000
4,896,0.000000
4,897,0.000000
4,898,0.000000
4,899,0.000000
4,900,0.000000
4,901,0.000000
4,902,0.000000
4,903,0.000000
4,904,0.000000
4,905,0.000000
4,906,0.000000
4,907,0.000000
4,908,0.000000
4,909,0.000000
4,910,0.000000
4,911,0.000000
4,912,0.000000
4,913,0.000000
4,914,0.000000
4,915,0.000000
4,916,0.000000
4,917,0.000000
4,918,0.000000
4,919,0.000000
4,920,0.000000
4,921,0.000000
4,922,0.000000
4,923,0.000000
4,924,0.000000
4,925,0.000000
4,926,0.000000
4,927,0.000000
4,928,0.000000
4,929,0.000000
4,930,0.000000
4,931,0.000000
4,932,0.000000
4,933,0.000000
4,934,0.000000
4,935,0.000000
4,936,0.000000
4,937,0.000000
4,938,0.000000
4,939,0.000000
4,940,0.000000
4,941,0.000000
4,942,0.000000
4,943,0.000000
4,944,0.000000
4,945,0.000000
4,946,0.000000
4,947,0.000000
4,948,0.000000
4,949,0.000000
4,950,0.000000
4,951,0.000000
4,952,0.000000
4,953,0.000000
4,954,0.000000
4,955,0.000000
4,956,0.000000
4,957,0.001750
4,958,0.000000
4,959,0.000000
4,960,0.000000
4,961,0.000000
4,962,0.000000
4,963,0.000000
4,964,0.000000
4,965,0.000000
4,966,0.000000
4,967,0.000000
4,968,0.000000
4,969,0.000000
4,970,0.000000
4,971,0.000000
4,972,0.000000
4,973,0.000000
4,974,0.000000
4,975,0.000000
4,976,0.000000
4,977,0.000000
4,978,0.000000
4,979,0.000000
4,980,0.000000
4,981,0.000000
4,982,0.000000
4,983,0.000000
4,984,0.000000
4,985,0.000000
4,986,0.000000
4,987,0.000000
4,988,0.000000
4,989,0.000000
4,990,0.000000
4,991,0.000000
4,992,0.000000
4,993,0.000000
4,994,0.000000
4,995,0.000000
4,996,0.000000
4,997,0.000000
4,998,0.000000
4,999,0.000000
4,1000,0.000000
4,1001,0.000000
4,1002,0.000000
4,1003,0.000000
4,1004,0.000000
4,1005,0.000000
4,1006,0.000000
4,1007,0.000000
4,1008,0.000000
4,1009,0.000000
4,1010,0.000000
4,1011,0.000000
4,1012,0.000000
4,1013,0.000000
4,1014,0.001750
4,1015,0.000000
4,1016,0.000000
4,1017,0.000000
4,1018,0.000000
4,1019,0.000000
4,1020,0.000000
4,1021,0.000000
4,1022,0.000000
4,1023,0.000000
4,1024,0.000000
4,1025,0.000000
4,1026,0.000000
4,1027,0.000000
4,1028,0.000000
4,1029,0.000000
4,1030,0.000000
4,1031,0.000000
4,1032,0.000000
4,1033,0.000000
4,1034,0.000000
4,1035,0.001400
4,1036,0.000000
4,1037,0.000000
4,1038,0.000000
4,1039,0.000000
4,1040,0.000000
4,1041,0.000000
4,1042,0.000000
4,1043,0.000000
4,1044,0.000000
4,1045,0.000000
4,1046,0.000000
4,1047,0.000000
4,1048,0.000000
4,1049,0.000000
4,1050,0.000000
4,1051,0.000000
4,1052,0.000000
4,1053,0.000000
4,1054,0.000000
4,1055,0.000000
4,1056,0.000000
4,1057,0.000000
4,1058,0.000000
4,1059,0.000000
4,1060,0.000000
4,1061,0.000000
4,1062,0.000000
4,1063,0.000000
4,1064,0.000000
4,1065,0.000000
4,1066,0.000000
4,1067,0.000000
4,1068,0.000000
4,1069,0.000000
4,1070,0.000000
4,1071,0.000000
4,1072,0.000000
4,1073,0.000000
4,1074,0.000000
4,1075,0.000000
4,1076,0.000000
4,1077,0.000000
4,1078,0.000000
4,1079,0.000000
4,1080,0.000000
4,1081,0.000000
4,1082,0.000000
4,1083,0.000000
4,1084,0.000000
4,1085,0.000000
4,1086,0.000000
4,1087,0.000000
4,1088,0.000000
4,1089,0.000000
4,1090,0.000000
4,1091,0.000000
4,1092,0.000000
4,1093,0.000000
4,1094,0.000000
4,1095,0.000000
4,1096,0.000000
4,1097,0.000000
4,1098,0.000000
4,1099,0.000000
4,1100,0.001850
4,1101,0.000000
4,1102,0.000000
4,1103,0.000000
4,1104,0.000000
4,1105,0.000000
4,1106,0.000000
4,1107,0.000000
4,1108,0.000000
4,1109,0.000000
4,1110,0.000000
4,1111,0.000000
4,1112,0.000000
4,1113,0.000000
4,1114,0.000000
4,1115,0.000000
4,1116,0.000000
4,1117,0.000000
4,1118,0.000000
4,1119,0.000000
4,1120,0.000000
4,1121,0.000000
4,1122,0.000000
4,1123,0.000000
4,1124,0.000000
4,1125,0.000000
4,1126,0.000000
4,1127,0.000000
4,1128,0.000000
4,1129,0.000000
4,1130,0.000000
4,1131,0.000000
4,1132,0.000000
4,1133,0.001400
4,1134,0.000000
4,1135,0.000000
4,1136,0.000000
4,1137,0.000000
4,1138,0.000000
4,1139,0.000000
4,1140,0.000000
4,1141,0.000000
4,1142,0.000000
4,1143,0.000000
4,1144,0.000000
4,1145,0.000000
4,1146,0.000000
4,1147,0.000000
4,1148,0.000000
4,1149,0.000000
4,1150,0.000000
4,1151,0.000000
4,1152,0.000000
4,1153,0.000000
4,1154,0.000000
4,1155,0.000000
4,1156,0.000000
4,1157,0.000000
4,1158,0.000000
4,1159,0.000000
4,1160,0.000000
4,1161,0.000000
4,1162,0.000000
4,1163,0.000000
4,1164,0.000000
4,1165,0.000000
4,1166,0.000000
4,1167,0.000000
4,1168,0.000000
4,1169,0.000000
4,1170,0.000000
4,1171,0.000000
4,1172,0.000000
4,1173,0.000000
4,1174,0.000000
4,1175,0.000000
4,1176,0.000000
4,1177,0.000000
4,1178,0.000000
4,1179,0.000000
4,1180,0.000000
4,1181,0.000000
4,1182,0.000000
4,1183,0.000000
4,1184,0.000000
4,1185,0.000000
4,1186,0.000000
4,1187,0.000000
4,1188,0.000000
4,1189,0.000000
4,1190,0.000000
4,1191,0.000000
4,1192,0.000000
4,1193,0.000000
4,1194,0.000000
4,1195,0.000000
4,1196,0.000000
4,1197,0.000000
4,1198,0.000000
4,1199,0.000000
4,1200,0.000000
4,1201,0.000000
4,1202,0.000000
4,1203,0.000000
4,1204,0.000000
4,1205,0.000000
4,1206,0.000000
4,1207,0.001450
4,1208,0.000000
4,1209,0.000000
4,1210,0.000000
4,1211,0.000000
4,1212,0.000000
4,1213,0.000000
4,1214,0.000000
4,1215,0.000000
4,1216,0.000000
4,1217,0.000000
4,1218,0.000000
4,1219,0.000000
4,1220,0.000000
4,1221,0.000000
4,1222,0.000000
4,1223,0.000000
4,1224,0.000000
4,1225,0.000000
4,1226,0.000000
4,1227,0.000000
4,1228,0.000000
4,1229,0.000000
4,1230,0.000000
4,1231,0.000000
4,1232,0.000000
4,1233,0.000000
4,1234,0.000000
4,1235,0.000000
4,1236,0.000000
4,1237,0.000000
4,1238,0.000000
4,1239,0.000000
4,1240,0.000000
4,1241,0.000000
4,1242,0.000000
4,1243,0.000000
4,1244,0.000000
4,1245,0.000000
4,1246,0.000000
4,1247,0.000000
4,1248,0.000000
4,1249,0.000000
4,1250,0.000000
4,1251,0.000000
4,1252,0.000000
4,1253,0.000000
4,1254,0.000000
4,1255,0.000000
4,1256,0.000000
4,1257,0.001550
4,1258,0.000000
4,1259,0.000000
4,1260,0.000000
4,1261,0.000000
4,1262,0.000000
4,1263,0.000000
4,1264,0.000000
4,1265,0.000000
4,1266,0.000000
4,1267,0.000000
4,1268,0.000000
4,1269,0.000000
4,1270,0.000000
4,1271,0.000000
4,1272,0.000000
4,1273,0.000000
4,1274,0.000000
4,1275,0.000000
4,1276,0.000000
4,1277,0.000000
4,1278,0.000000
4,1279,0.000000
4,1280,0.000000
4,1281,0.000000
4,1282,0.000000
4,1283,0.000000
4,1284,0.000000
4,1285,0.000000
4,1286,0.000000
4,1287,0.000000
4,1288,0.000000
4,1289,0.000000
4,1290,0.000000
4,1291,0.000000
4,1292,0.000000
4,1293,0.000000
4,1294,0.000000
4,1295,0.000000
4,1296,0.000000
4,1297,0.000000
4,1298,0.000000
4,1299,0.000000
4,1300,0.000000
4,1301,0.000000
4,1302,0.000000
4,1303,0.000000
4,1304,0.000000
4,1305,0.000000
4,1306,0.000000
4,1307,0.000000
4,1308,0.000000
4,1309,0.000000
4,1310,0.000000
4,1311,0.000000
4,1312,0.000000
4,1313,0.000000
4,1314,0.000000
4,1315,0.000000
4,1316,0.000000
4,1317,0.000000
4,1318,0.000000
4,1319,0.000000
4,1320,0.000000
4,1321,0.000000
4,1322,0.000000
4,1323,0.000000
4,1324,0.000000
4,1325,0.000000
4,1326,0.000000
4,1327,0.001300
4,1328,0.000000
4,1329,0.000000
4,1330,0.000000
4,1331,0.000000
4,1332,0.000000
4,1333,0.000000
4,1334,0.000000
4,1335,0.000000
4,1336,0.000000
4,1337,0.000000
4,1338,0.000000
4,1339,0.000000
4,1340,0.000000
4,1341,0.000000
4,1342,0.000000
4,1343,0.000000
4,1344,0.000000
4,1345,0.000000
4,1346,0.000000
4,1347,0.000000
4,1348,0.000000
4,1349,0.000000
4,1350,0.000000
4,1351,0.000000
4,1352,0.000000
4,1353,0.000000
4,1354,0.000000
4,1355,0.000000
4,1356,0.000000
4,1357,0.000000
4,1358,0.000000
4,1359,0.000000
4,1360,0.000000
4,1361,0.000000
4,1362,0.000000
4,1363,0.000000
4,1364,0.000000
4,1365,0.000000
4,1366,0.000000
4,1367,0.000000
4,1368,0.000000
4,1369,0.000000
4,1370,0.000000
4,1371,0.000000
4,1372,0.000000
4,1373,0.000000
4,1374,0.000000
4,1375,0.000000
4,1376,0.000000
4,1377,0.000000
4,1378,0.000000
4,1379,0.000000
4,1380,0.000000
4,1381,0.000000
4,1382,0.000000
4,1383,0.000000
4,1384,0.000000
4,1385,0.000000
4,1386,0.000000
4,1387,0.000000
4,1388,0.000000
4,1389,0.000000
4,1390,0.000000
4,1391,0.000000
4,1392,0.000000
4,1393,0.000000
4,1394,0.000000
4,1395,0.000000
4,1396,0.000000
4,1397,0.000000
4,1398,0.000000
4,1399,0.000000
4,1400,0.000000
4,1401,0.000000
4,1402,0.000000
4,1403,0.000000
4,1404,0.000000
4,1405,0.000000
4,1406,0.000000
4,1407,0.001150
4,1408,0.000000
4,1409,0.000000
4,1410,0.000000
4,1411,0.000000
4,1412,0.000000
4,1413,0.000000
4,1414,0.000000
4,1415,0.000000
4,1416,0.000000
4,1417,0.000000
4,1418,0.000000
4,1419,0.000000
4,1420,0.000000
4,1421,0.000000
4,1422,0.000000
4,1423,0.000000
4,1424,0.000000
4,1425,0.000000
4,1426,0.000000
4,1427,0.000000
4,1428,0.000000
4,1429,0.000000
4,1430,0.000000
4,1431,0.000000
4,1432,0.000000
4,1433,0.000000
4,1434,0.000000
4,1435,0.000000
4,1436,0.000000
4,1437,0.000000
4,1438,0.000000
4,1439,0.000000
4,1440,0.000000
4,1441,0.000000
4,1442,0.000000
4,1443,0.000000
4,1444,0.000000
4,1445,0.000000
4,1446,0.000000
4,1447,0.000000
4,1448,0.000000
4,1449,0.000000
4,1450,0.000000
4,1451,0.000000
4,1452,0.000000
4,1453,0.000000
4,1454,0.000000
4,1455,0.000000
4,1456,0.000000
4,1457,0.000000
4,1458,0.000000
4,1459,0.000000
4,1460,0.000000
4,1461,0.000000
4,1462,0.000000
4,1463,0.000000
4,1464,0.000000
4,1465,0.000000
4,1466,0.000000
4,1467,0.000000
4,1468,0.000000
4,1469,0.000000
4,1470,0.000000
4,1471,0.000000
4,1472,0.000000
4,1473,0.000000
4,1474,0.000000
4,1475,0.000000
4,1476,0.000000
4,1477,0.000000
4,1478,0.000000
4,1479,0.000000
4,1480,0.000000
4,1481,0.000000
4,1482,0.000000
4,1483,0.000000
4,1484,0.000000
4,1485,0.000000
4,1486,0.000000
4,1487,0.000000
4,1488,0.000000
4,1489,0.000000
4,1490,0.000000
4,1491,0.000000
4,1492,0.000000
4,1493,0.000000
4,1494,0.000000
4,1495,0.000000
4,1496,0.000000
4,1497,0.000000
4,1498,0.000000
4,1499,0.000000
4,1500,0.000000
4,1501,0.000000
4,1502,0.000000
4,1503,0.000000
4,1504,0.000000
4,1505,0.000000
4,1506,0.000000
4,1507,0.000000
4,1508,0.000000
4,1509,0.000000
4,1510,0.000000
4,1511,0.000000
4,1512,0.000000
4,1513,0.000000
4,1514,0.000000
4,1515,0.000000
4,1516,0.000000
4,1517,0.000000
4,1518,0.000000
4,1519,0.000000
4,1520,0.000000
4,1521,0.000000
4,1522,0.000000
4,1523,0.000000
4,1524,0.000000
4,1525,0.000000
4,1526,0.000000
4,1527,0.000000
4,1528,0.000000
4,1529,0.000000
4,1530,0.000000
4,1531,0.000000
4,1532,0.000000
4,1533,0.000000
4,1534,0.000000
4,1535,0.000000
4,1536,0.000000
4,1537,0.000000
4,1538,0.000000
4,1539,0.000000
4,1540,0.000000
4,1541,0.000000
4,1542,0.000000
4,1543,0.000000
4,1544,0.000000
4,1545,0.000000
4,1546,0.000000
4,1547,0.000000
4,1548,0.000000
4,1549,0.000000
4,1550,0.000000
4,1551,0.000000
4,1552,0.000000
4,1553,0.000000
4,1554,0.000000
4,1555,0.000000
4,1556,0.000000
4,1557,0.000000
4,1558,0.000000
4,1559,0.000000
4,1560,0.000000
4,1561,0.000000
4,1562,0.000000
4,1563,0.000000
4,1564,0.000000
4,1565,0.000000
4,1566,0.000000
4,1567,0.000000
4,1568,0.000000
4,1569,0.000000
4,1570,0.000000
4,1571,0.000000
4,1572,0.000000
4,1573,0.000000
4,1574,0.000000
4,1575,0.000000
4,1576,0.000000
4,1577,0.000000
4,1578,0.000000
4,1579,0.000000
4,1580,0.000000
4,1581,0.000000
4,1582,0.000000
4,1583,0.000000
4,1584,0.000000
4,1585,0.000000
4,1586,0.001400
4,1587,0.000000
4,1588,0.000000
4,1589,0.000000
4,1590,0.000000
4,1591,0.000000
4,1592,0.000000
4,1593,0.000000
4,1594,0.000000
4,1595,0.000000
4,1596,0.000000
4,1597,0.000000
4,1598,0.000000
4,1599,0.000000
4,1600,0.000000
4,1601,0.000000
4,1602,0.000000
4,1603,0.000000
4,1604,0.000000
4,1605,0.000000
4,1606,0.000000
4,1607,0.000000
4,1608,0.000000
4,1609,0.000000
4,1610,0.000000
4,1611,0.000000
4,1612,0.000000
4,1613,0.000000
4,1614,0.000000
4,1615,0.000000
4,1616,0.000000
4,1617,0.000000
4,1618,0.000000
4,1619,0.000000
4,1620,0.000000
4,1621,0.000000
4,1622,0.000000
4,1623,0.000000
4,1624,0.000000
4,1625,0.000000
4,1626,0.000000
4,1627,0.000000
4,1628,0.000000
4,1629,0.000000
4,1630,0.000000
4,1631,0.000000
4,1632,0.000000
4,1633,0.000000
4,1634,0.000000
4,1635,0.000000
4,1636,0.000000
4,1637,0.000000
4,1638,0.000000
4,1639,0.000000
4,1640,0.000000
4,1641,0.000000
4,1642,0.000000
4,1643,0.000000
4,1644,0.000000
4,1645,0.000000
4,1646,0.000000
4,1647,0.000000
4,1648,0.000000
4,1649,0.000000
4,1650,0.000000
4,1651,0.000000
4,1652,0.000000
4,1653,0.000000
4,1654,0.000000
4,1655,0.000000
4,1656,0.000000
4,1657,0.000000
4,1658,0.000000
4,1659,0.000000
4,1660,0.000000
4,1661,0.000000
4,1662,0.000000
4,1663,0.000000
4,1664,0.000000
4,1665,0.000000
4,1666,0.000000
4,1667,0.000000
4,1668,0.000000
4,1669,0.000000
4,1670,0.000000
4,1671,0.000000
4,1672,0.000000
4,1673,0.000000
4,1674,0.000000
4,1675,0.000000
4,1676,0.000000
4,1677,0.000000
4,1678,0.000000
4,1679,0.000000
4,1680,0.000000
4,1681,0.000000
4,1682,0.000000
4,1683,0.000000
4,1684,0.000000
4,1685,0.000000
4,1686,0.000000
4,1687,0.000000
4,1688,0.000000
4,1689,0.000000
4,1690,0.000700
4,1691,0.000000
4,1692,0.000000
4,1693,0.000000
4,1694,0.000000
4,1695,0.000000
4,1696,0.000000
4,1697,0.000000
4,1698,0.000000
4,1699,0.000000
4,1700,0.000000
4,1701,0.000000
4,1702,0.000000
4,1703,0.000000
4,1704,0.000000
4,1705,0.000000
4,1706,0.000000
4,1707,0.000000
4,1708,0.000000
4,1709,0.000000
4,1710,0.000000
4,1711,0.000000
4,1712,0.000000
4,1713,0.000000
4,1714,0.000000
4,1715,0.000000
4,1716,0.000000
4,1717,0.000000
4,1718,0.000000
4,1719,0.000000
4,1720,0.000000
4,1721,0.000000
4,1722,0.000000
4,1723,0.000000
4,1724,0.000000
4,1725,0.000000
4,1726,0.000000
4,1727,0.000000
4,1728,0.000000
4,1729,0.000000
4,1730,0.000000
4,1731,0.000000
4,1732,0.000000
4,1733,0.000000
4,1734,0.000000
4,1735,0.000000
4,1736,0.000000
4,1737,0.001050
4,1738,0.000000
4,1739,0.000000
4,1740,0.000000
4,1741,0.000000
4,1742,0.000000
4,1743,0.000000
4,1744,0.000000
4,1745,0.000000
4,1746,0.000000
4,1747,0.000000
4,1748,0.000000
4,1749,0.000000
4,1750,0.000000
4,1751,0.000000
4,1752,0.000000
4,1753,0.000000
4,1754,0.000000
4,1755,0.000000
4,1756,0.000000
4,1757,0.000000
4,1758,0.000000
4,1759,0.000000
4,1760,0.000000
4,1761,0.000000
4,1762,0.000000
4,1763,0.000000
4,1764,0.000000
4,1765,0.000000
4,1766,0.000000
4,1767,0.000000
4,1768,0.000000
4,1769,0.000000
4,1770,0.000000
4,1771,0.000000
4,1772,0.000000
4,1773,0.000000
4,1774,0.000000
4,1775,0.000000
4,1776,0.000000
4,1777,0.000000
4,1778,0.000000
4,1779,0.000000
4,1780,0.000000
4,1781,0.000000
4,1782,0.000000
4,1783,0.000000
4,1784,0.000000
4,1785,0.000000
4,1786,0.000000
4,1787,0.000000
4,1788,0.000000
4,1789,0.000000
4,1790,0.000000
4,1791,0.000000
4,1792,0.000000
4,1793,0.000000
4,1794,0.000000
4,1795,0.000000
4,1796,0.000000
4,1797,0.000000
4,1798,0.000000
4,1799,0.000000
4,1800,0.000000
4,1801,0.000000
4,1802,0.000000
4,1803,0.000000
4,1804,0.000000
4,1805,0.000000
4,1806,0.000000
4,1807,0.000000
4,1808,0.000000
4,1809,0.000000
4,1810,0.000000
4,1811,0.000000
4,1812,0.000000
4,1813,0.000000
4,1814,0.000000
4,1815,0.000000
4,1816,0.000000
4,1817,0.000000
4,1818,0.000000
4,1819,0.000000
4,1820,0.000000
4,1821,0.000000
4,1822,0.000000
4,1823,0.000750
4,1824,0.000000
4,1825,0.000000
4,1826,0.000000
4,1827,0.000000
4,1828,0.000000
4,1829,0.000000
4,1830,0.000000
4,1831,0.000000
4,1832,0.000000
4,1833,0.000000
4,1834,0.000000
4,1835,0.000000
4,1836,0.000000
4,1837,0.000000
4,1838,0.000000
4,1839,0.000000
4,1840,0.000000
4,1841,0.000000
4,1842,0.000000
4,1843,0.000000
4,1844,0.000000
4,1845,0.000000
4,1846,0.000000
4,1847,0.000000
4,1848,0.000000
4,1849,0.000000
4,1850,0.000000
4,1851,0.000000
4,1852,0.000000
4,1853,0.000000
4,1854,0.000000
4,1855,0.000000
4,1856,0.000000
4,1857,0.000000
4,1858,0.000000
4,1859,0.000000
4,1860,0.000000
4,1861,0.000000
4,1862,0.000000
4,1863,0.000000
4,1864,0.000000
4,1865,0.000000
4,1866,0.000000
4,1867,0.000000
4,1868,0.000000
4,1869,0.000000
4,1870,0.000000
4,1871,0.000000
4,1872,0.000000
4,1873,0.000000
4,1874,0.000000
4,1875,0.000000
4,1876,0.000000
4,1877,0.000000
4,1878,0.000000
4,1879,0.000000
4,1880,0.000000
4,1881,0.000000
4,1882,0.000000
4,1883,0.000000
4,1884,0.000000
4,1885,0.000000
4,1886,0.000000
4,1887,0.000000
4,1888,0.000000
4,1889,0.000000
4,1890,0.000000
4,1891,0.000000
4,1892,0.000000
4,1893,0.001100
4,1894,0.000000
4,1895,0.000000
4,1896,0.000000
4,1897,0.000000
4,1898,0.000000
4,1899,0.000000
4,1900,0.000000
4,1901,0.000000
4,1902,0.000000
4,1903,0.000000
4,1904,0.000000
4,1905,0.000000
4,1906,0.000000
4,1907,0.000000
4,1908,0.000000
4,1909,0.000000
4,1910,0.000000
4,1911,0.000000
4,1912,0.000000
4,1913,0.000000
4,1914,0.000000
4,1915,0.000000
4,1916,0.000000
4,1917,0.000000
4,1918,0.000000
4,1919,0.000000
4,1920,0.000000
4,1921,0.000000
4,1922,0.000000
4,1923,0.000000
4,1924,0.000000
4,1925,0.000000
4,1926,0.000000
4,1927,0.000000
4,1928,0.000000
4,1929,0.000000
4,1930,0.000000
4,1931,0.000000
4,1932,0.000000
4,1933,0.000000
4,1934,0.000000
4,1935,0.000000
4,1936,0.000000
4,1937,0.000000
4,1938,0.000000
4,1939,0.000000
4,1940,0.000000
4,1941,0.000000
4,1942,0.000000
4,1943,0.000000
4,1944,0.000000
4,1945,0.000000
4,1946,0.000000
4,1947,0.000000
4,1948,0.000000
4,1949,0.000000
4,1950,0.000000
4,1951,0.000000
4,1952,0.000000
4,1953,0.000000
4,1954,0.000000
4,1955,0.000000
4,1956,0.000000
4,1957,0.000000
4,1958,0.000000
4,1959,0.000000
4,1960,0.000000
4,1961,0.000000
4,1962,0.000000
4,1963,0.000000
4,1964,0.000000
4,1965,0.000000
4,1966,0.000000
4,1967,0.000000
4,1968,0.000000
4,1969,0.000000
4,1970,0.000000
4,1971,0.000000
4,1972,0.000000
4,1973,0.000000
4,1974,0.000000
4,1975,0.000000
4,1976,0.000000
4,1977,0.000000
4,1978,0.000000
4,1979,0.000000
4,1980,0.000000
4,1981,0.000000
4,1982,0.000000
4,1983,0.000000
4,1984,0.000000
4,1985,0.000000
4,1986,0.000000
4,1987,0.000000
4,1988,0.000000
4,1989,0.000000
4,1990,0.000000
4,1991,0.000000
4,1992,0.000000
4,1993,0.000000
4,1994,0.000000
4,1995,0.000000
4,1996,0.000000
4,1997,0.000000
4,1998,0.000000
4,1999,0.000000
4,2000,0.000000
4,2001,0.000000
4,2002,0.000000
4,2003,0.000000
4,2004,0.000000
4,2005,0.000000
4,2006,0.000000
4,2007,0.000000
4,2008,0.000000
4,2009,0.000000
4,2010,0.000000
4,2011,0.000000
4,2012,0.000000
4,2013,0.000000
4,2014,0.000000
4,2015,0.000000
4,2016,0.000000
4,2017,0.000000
4,2018,0.000000
4,2019,0.000000
4,2020,0.000000
4,2021,0.000000
4,2022,0.000000
4,2023,0.000000
4,2024,0.000000
4,2025,0.000000
4,2026,0.000000
4,2027,0.000000
4,2028,0.000000
4,2029,0.000000
4,2030,0.000000
4,2031,0.000000
4,2032,0.000000
4,2033,0.000000
4,2034,0.000000
4,2035,0.000000
4,2036,0.000000
4,2037,0.000000
4,2038,0.000000
4,2039,0.000000
4,2040,0.000000
4,2041,0.000000
4,2042,0.000000
4,2043,0.000000
4,2044,0.000000
4,2045,0.000000
4,2046,0.000000
4,2047,0.000000
4,2048,0.000000
8,1,0.862847
8,2,0.847561
8,3,0.809459
8,4,0.785326
8,5,0.625000
8,6,0.609211
8,7,0.559823
8,8,0.514706
8,9,0.375000
8,10,0.125000
8,11,0.250000
8,12,0.368263
8,13,0.375000
8,14,0.373775
8,15,0.250000
8,16,0.250000
8,17,0.250000
8,18,0.250000
8,19,0.234715
8,20,0.248355
8,21,0.250000
8,22,0.213596
8,23,0.201429
8,24,0.250000
8,25,0.125000
8,26,0.125000
8,27,0.125000
8,28,0.125000
8,29,0.000000
8,30,0.156803
8,31,0.125000
8,32,0.125000
8,33,0.125000
8,34,0.126736
8,35,0.128571
8,36,0.125000
8,37,0.125000
8,38,0.128268
8,39,0.125000
8,40,0.000000
8,41,0.102141
8,42,0.099823
8,43,0.250000
8,44,0.102008
8,45,0.000000
8,46,0.125000
8,47,0.125000
8,48,0.095653
8,49,0.000000
8,50,0.088037
8,51,0.079977
8,52,0.125000
8,53,0.082939
8,54,0.000000
8,55,0.000000
8,56,0.000000
8,57,0.081324
8,58,0.125000
8,59,0.077689
8,60,0.125000
8,61,0.074858
8,62,0.071712
8,63,0.000000
8,64,0.066506
8,65,0.000000
8,66,0.000000
8,67,0.000000
8,68,0.067909
8,69,0.058738
8,70,0.000000
8,71,0.059500
8,72,0.057100
8,73,0.000000
8,74,0.000000
8,75,0.052140
8,76,0.000000
8,77,0.000000
8,78,0.059201
8,79,0.125000
8,80,0.053172
8,81,0.000000
8,82,0.000000
8,83,0.000000
8,84,0.000000
8,85,0.050230
8,86,0.000000
8,87,0.051625
8,88,0.049675
8,89,0.047740
8,90,0.000000
8,91,0.044575
8,92,0.000000
8,93,0.000000
8,94,0.000000
8,95,0.000000
8,96,0.039175
8,97,0.000000
8,98,0.000000
8,99,0.000000
8,100,0.000000
8,101,0.000000
8,102,0.000000
8,103,0.039467
8,104,0.039192
8,105,0.000000
8,106,0.000000
8,107,0.000000
8,108,0.000000
8,109,0.035993
8,110,0.000000
8,111,0.000000
8,112,0.000000
8,113,0.000000
8,114,0.000000
8,115,0.000000
8,116,0.032775
8,117,0.035368
8,118,0.000000
8,119,0.030026
8,120,0.033900
8,121,0.038267
8,122,0.000000
8,123,0.000000
8,124,0.000000
8,125,0.000000
8,126,0.000000
8,127,0.000000
8,128,0.000000
8,129,0.000000
8,130,0.000000
8,131,0.031762
8,132,0.000000
8,133,0.000000
8,134,0.000000
8,135,0.000000
8,136,0.000000
8,137,0.000000
8,138,0.000000
8,139,0.000000
8,140,0.125000
8,141,0.000000
8,142,0.026050
8,143,0.028625
8,144,0.000000
8,145,0.029882
8,146,0.026800
8,147,0.000000
8,148,0.030844
8,149,0.000000
8,150,0.000000
8,151,0.024850
8,152,0.000000
8,153,0.000000
8,154,0.000000
8,155,0.000000
8,156,0.024720
8,157,0.000000
8,158,0.000000
8,159,0.000000
8,160,0.000000
8,161,0.027575
8,162,0.000000
8,163,0.024475
8,164,0.000000
8,165,0.022371
8,166,0.020700
8,167,0.000000
8,168,0.025750
8,169,0.000000
8,170,0.026675
8,171,0.000000
8,172,0.000000
8,173,0.000000
8,174,0.026400
8,175,0.000000
8,176,0.021896
8,177,0.021800
8,178,0.000000
8,179,0.000000
8,180,0.025900
8,181,0.000000
8,182,0.000000
8,183,0.000000
8,184,0.019650
8,185,0.000000
8,186,0.000000
8,187,0.000000
8,188,0.021621
8,189,0.000000
8,190,0.000000
8,191,0.000000
8,192,0.020325
8,193,0.000000
8,194,0.000000
8,195,0.000000
8,196,0.000000
8,197,0.000000
8,198,0.000000
8,199,0.000000
8,200,0.018796
8,201,0.021600
8,202,0.018900
8,203,0.017775
8,204,0.000000
8,205,0.018346
8,206,0.000000
8,207,0.024945
8,208,0.018271
8,209,0.000000
8,210,0.000000
8,211,0.000000
8,212,0.000000
8,213,0.000000
8,214,0.017546
8,215,0.000000
8,216,0.019850
8,217,0.019275
8,218,0.000000
8,219,0.018921
8,220,0.000000
8,221,0.000000
8,222,0.000000
8,223,0.020621
8,224,0.017675
8,225,0.000000
8,226,0.017250
8,227,0.000000
8,228,0.000000
8,229,0.016822
8,230,0.018593
8,231,0.000000
8,232,0.000000
8,233,0.000000
8,234,0.015372
8,235,0.000000
8,236,0.000000
8,237,0.000000
8,238,0.000000
8,239,0.000000
8,240,0.016525
8,241,0.000000
8,242,0.000000
8,243,0.000000
8,244,0.000000
8,245,0.000000
8,246,0.000000
8,247,0.000000
8,248,0.016450
8,249,0.000000
8,250,0.000000
8,251,0.000000
8,252,0.000000
8,253,0.000000
8,254,0.000000
8,255,0.000000
8,256,0.015697
8,257,0.000000
8,258,0.000000
8,259,0.000000
8,260,0.000000
8,261,0.000000
8,262,0.014597
8,263,0.000000
8,264,0.000000
8,265,0.015300
8,266,0.000000
8,267,0.000000
8,268,0.000000
8,269,0.000000
8,270,0.000000
8,271,0.014200
8,272,0.000000
8,273,0.000000
8,274,0.000000
8,275,0.000000
8,276,0.000000
8,277,0.000000
8,278,0.000000
8,279,0.000000
8,280,0.000000
8,281,0.000000
8,282,0.000000
8,283,0.014147
8,284,0.000000
8,285,0.013797
8,286,0.000000
8,287,0.000000
8,288,0.012600
8,289,0.000000
8,290,0.000000
8,291,0.000000
8,292,0.000000
8,293,0.000000
8,294,0.000000
8,295,0.000000
8,296,0.014100
8,297,0.013547
8,298,0.000000
8,299,0.000000
8,300,0.000000
8,301,0.011498
8,302,0.012800
8,303,0.000000
8,304,0.000000
8,305,0.000000
8,306,0.000000
8,307,0.000000
8,308,0.000000
8,309,0.013300
8,310,0.000000
8,311,0.000000
8,312,0.000000
8,313,0.000000
8,314,0.000000
8,315,0.000000
8,316,0.000000
8,317,0.000000
8,318,0.000000
8,319,0.000000
8,320,0.000000
8,321,0.012850
8,322,0.000000
8,323,0.000000
8,324,0.000000
8,325,0.000000
8,326,0.000000
8,327,0.000000
8,328,0.000000
8,329,0.000000
8,330,0.000000
8,331,0.000000
8,332,0.000000
8,333,0.000000
8,334,0.000000
8,335,0.000000
8,336,0.000000
8,337,0.000000
8,338,0.012025
8,339,0.000000
8,340,0.000000
8,341,0.000000
8,342,0.000000
8,343,0.000000
8,344,0.000000
8,345,0.000000
8,346,0.000000
8,347,0.000000
8,348,0.000000
8,349,0.000000
8,350,0.009675
8,351,0.000000
8,352,0.010525
8,353,0.000000
8,354,0.010175
8,355,0.000000
8,356,0.000000
8,357,0.011100
8,358,0.000000
8,359,0.000000
8,360,0.000000
8,361,0.000000
8,362,0.000000
8,363,0.000000
8,364,0.000000
8,365,0.000000
8,366,0.010925
8,367,0.000000
8,368,0.000000
8,369,0.009700
8,370,0.000000
8,371,0.000000
8,372,0.000000
8,373,0.000000
8,374,0.000000
8,375,0.000000
8,376,0.000000
8,377,0.010100
8,378,0.010525
8,379,0.000000
8,380,0.000000
8,381,0.000000
8,382,0.000000
8,383,0.000000
8,384,0.000000
8,385,0.000000
8,386,0.000000
8,387,0.011048
8,388,0.000000
8,389,0.000000
8,390,0.000000
8,391,0.000000
8,392,0.000000
8,393,0.000000
8,394,0.000000
8,395,0.000000
8,396,0.000000
8,397,0.000000
8,398,0.000000
8,399,0.000000
8,400,0.000000
8,401,0.000000
8,402,0.009423
8,403,0.000000
8,404,0.000000
8,405,0.000000
8,406,0.000000
8,407,0.008575
8,408,0.000000
8,409,0.000000
8,410,0.000000
8,411,0.000000
8,412,0.000000
8,413,0.000000
8,414,0.000000
8,415,0.000000
8,416,0.009575
8,417,0.000000
8,418,0.000000
8,419,0.000000
8,420,0.000000
8,421,0.000000
8,422,0.000000
8,423,0.000000
8,424,0.000000
8,425,0.000000
8,426,0.000000
8,427,0.012350
8,428,0.008946
8,429,0.000000
8,430,0.000000
8,431,0.000000
8,432,0.000000
8,433,0.000000
8,434,0.000000
8,435,0.000000
8,436,0.000000
8,437,0.000000
8,438,0.000000
8,439,0.000000
8,440,0.000000
8,441,0.000000
8,442,0.000000
8,443,0.000000
8,444,0.000000
8,445,0.000000
8,446,0.000000
8,447,0.000000
8,448,0.007773
8,449,0.000000
8,450,0.009823
8,451,0.000000
8,452,0.000000
8,453,0.000000
8,454,0.009275
8,455,0.000000
8,456,0.000000
8,457,0.000000
8,458,0.008350
8,459,0.000000
8,460,0.000000
8,461,0.000000
8,462,0.000000
8,463,0.000000
8,464,0.000000
8,465,0.000000
8,466,0.000000
8,467,0.000000
8,468,0.007499
8,469,0.000000
8,470,0.000000
8,471,0.000000
8,472,0.000000
8,473,0.008150
8,474,0.000000
8,475,0.007675
8,476,0.000000
8,477,0.000000
8,478,0.008823
8,479,0.000000
8,480,0.008050
8,481,0.000000
8,482,0.000000
8,483,0.000000
8,484,0.000000
8,485,0.000000
8,486,0.008073
8,487,0.000000
8,488,0.000000
8,489,0.000000
8,490,0.000000
8,491,0.000000
8,492,0.000000
8,493,0.000000
8,494,0.000000
8,495,0.007573
8,496,0.000000
8,497,0.000000
8,498,0.000000
8,499,0.000000
8,500,0.000000
8,501,0.007225
8,502,0.000000
8,503,0.000000
8,504,0.008350
8,505,0.000000
8,506,0.000000
8,507,0.000000
8,508,0.006550
8,509,0.006925
8,510,0.000000
8,511,0.000000
8,512,0.000000
8,513,0.008150
8,514,0.000000
8,515,0.000000
8,516,0.000000
8,517,0.000000
8,518,0.000000
8,519,0.000000
8,520,0.000000
8,521,0.000000
8,522,0.000000
8,523,0.000000
8,524,0.000000
8,525,0.000000
8,526,0.000000
8,527,0.000000
8,528,0.000000
8,529,0.000000
8,530,0.000000
8,531,0.000000
8,532,0.000000
8,533,0.000000
8,534,0.000000
8,535,0.000000
8,536,0.000000
8,537,0.000000
8,538,0.000000
8,539,0.000000
8,540,0.000000
8,541,0.000000
8,542,0.000000
8,543,0.006975
8,544,0.000000
8,545,0.000000
8,546,0.000000
8,547,0.000000
8,548,0.000000
8,549,0.000000
8,550,0.000000
8,551,0.000000
8,552,0.000000
8,553,0.000000
8,554,0.006600
8,555,0.000000
8,556,0.000000
8,557,0.007600
8,558,0.000000
8,559,0.000000
8,560,0.000000
8,561,0.000000
8,562,0.006800
8,563,0.006775
8,564,0.000000
8,565,0.000000
8,566,0.000000
8,567,0.000000
8,568,0.000000
8,569,0.007675
8,570,0.006350
8,571,0.000000
8,572,0.006925
8,573,0.000000
8,574,0.000000
8,575,0.000000
8,576,0.000000
8,577,0.007075
8,578,0.000000
8,579,0.000000
8,580,0.007000
8,581,0.000000
8,582,0.000000
8,583,0.007400
8,584,0.000000
8,585,0.000000
8,586,0.000000
8,587,0.007100
8,588,0.000000
8,589,0.000000
8,590,0.000000
8,591,0.005724
8,592,0.000000
8,593,0.000000
8,594,0.000000
8,595,0.000000
8,596,0.000000
8,597,0.000000
8,598,0.000000
8,599,0.000000
8,600,0.000000
8,601,0.000000
8,602,0.000000
8,603,0.000000
8,604,0.000000
8,605,0.000000
8,606,0.000000
8,607,0.006224
8,608,0.000000
8,609,0.006449
8,610,0.000000
8,611,0.000000
8,612,0.005274
8,613,0.000000
8,614,0.000000
8,615,0.000000
8,616,0.000000
8,617,0.000000
8,618,0.000000
8,619,0.000000
8,620,0.000000
8,621,0.000000
8,622,0.000000
8,623,0.000000
8,624,0.000000
8,625,0.006375
8,626,0.000000
8,627,0.000000
8,628,0.000000
8,629,0.000000
8,630,0.000000
8,631,0.000000
8,632,0.000000
8,633,0.000000
8,634,0.000000
8,635,0.000000
8,636,0.000000
8,637,0.000000
8,638,0.000000
8,639,0.000000
8,640,0.000000
8,641,0.000000
8,642,0.000000
8,643,0.000000
8,644,0.000000
8,645,0.000000
8,646,0.000000
8,647,0.000000
8,648,0.000000
8,649,0.000000
8,650,0.000000
8,651,0.000000
8,652,0.000000
8,653,0.000000
8,654,0.000000
8,655,0.000000
8,656,0.000000
8,657,0.000000
8,658,0.000000
8,659,0.000000
8,660,0.000000
8,661,0.000000
8,662,0.000000
8,663,0.000000
8,664,0.000000
8,665,0.000000
8,666,0.000000
8,667,0.005575
8,668,0.000000
8,669,0.000000
8,670,0.000000
8,671,0.000000
8,672,0.000000
8,673,0.000000
8,674,0.000000
8,675,0.006125
8,676,0.000000
8,677,0.000000
8,678,0.000000
8,679,0.000000
8,680,0.000000
8,681,0.000000
8,682,0.000000
8,683,0.000000
8,684,0.000000
8,685,0.000000
8,686,0.000000
8,687,0.000000
8,688,0.000000
8,689,0.000000
8,690,0.005224
8,691,0.000000
8,692,0.000000
8,693,0.000000
8,694,0.000000
8,695,0.000000
8,696,0.000000
8,697,0.000000
8,698,0.000000
8,699,0.000000
8,700,0.000000
8,701,0.000000
8,702,0.006925
8,703,0.004774
8,704,0.000000
8,705,0.000000
8,706,0.000000
8,707,0.000000
8,708,0.000000
8,709,0.005000
8,710,0.000000
8,711,0.000000
8,712,0.000000
8,713,0.000000
8,714,0.000000
8,715,0.000000
8,716,0.000000
8,717,0.000000
8,718,0.000000
8,719,0.000000
8,720,0.000000
8,721,0.000000
8,722,0.000000
8,723,0.000000
8,724,0.000000
8,725,0.000000
8,726,0.000000
8,727,0.000000
8,728,0.000000
8,729,0.000000
8,730,0.005225
8,731,0.000000
8,732,0.000000
8,733,0.000000
8,734,0.005425
8,735,0.000000
8,736,0.000000
8,737,0.000000
8,738,0.000000
8,739,0.000000
8,740,0.000000
8,741,0.000000
8,742,0.000000
8,743,0.000000
8,744,0.004900
8,745,0.000000
8,746,0.000000
8,747,0.000000
8,748,0.000000
8,749,0.000000
8,750,0.000000
8,751,0.000000
8,752,0.000000
8,753,0.000000
8,754,0.000000
8,755,0.000000
8,756,0.000000
8,757,0.000000
8,758,0.000000
8,759,0.004250
8,760,0.000000
8,761,0.000000
8,762,0.000000
8,763,0.000000
8,764,0.000000
8,765,0.000000
8,766,0.000000
8,767,0.000000
8,768,0.000000
8,769,0.000000
8,770,0.000000
8,771,0.000000
8,772,0.000000
8,773,0.004875
8,774,0.000000
8,775,0.000000
8,776,0.000000
8,777,0.005300
8,778,0.000000
8,779,0.000000
8,780,0.000000
8,781,0.000000
8,782,0.000000
8,783,0.000000
8,784,0.000000
8,785,0.000000
8,786,0.000000
8,787,0.000000
8,788,0.000000
8,789,0.000000
8,790,0.000000
8,791,0.000000
8,792,0.000000
8,793,0.000000
8,794,0.000000
8,795,0.000000
8,796,0.000000
8,797,0.000000
8,798,0.000000
8,799,0.000000
8,800,0.000000
8,801,0.000000
8,802,0.000000
8,803,0.000000
8,804,0.000000
8,805,0.000000
8,806,0.000000
8,807,0.000000
8,808,0.000000
8,809,0.000000
8,810,0.000000
8,811,0.000000
8,812,0.000000
8,813,0.000000
8,814,0.000000
8,815,0.000000
8,816,0.000000
8,817,0.000000
8,818,0.000000
8,819,0.000000
8,820,0.000000
8,821,0.000000
8,822,0.000000
8,823,0.000000
8,824,0.000000
8,825,0.000000
8,826,0.000000
8,827,0.000000
8,828,0.000000
8,829,0.000000
8,830,0.000000
8,831,0.000000
8,832,0.004399
8,833,0.000000
8,834,0.000000
8,835,0.000000
8,836,0.000000
8,837,0.000000
8,838,0.004075
8,839,0.004300
8,840,0.000000
8,841,0.000000
8,842,0.000000
8,843,0.000000
8,844,0.000000
8,845,0.000000
8,846,0.000000
8,847,0.004524
8,848,0.000000
8,849,0.000000
8,850,0.000000
8,851,0.000000
8,852,0.000000
8,853,0.000000
8,854,0.004225
8,855,0.000000
8,856,0.000000
8,857,0.004349
8,858,0.000000
8,859,0.000000
8,860,0.000000
8,861,0.000000
8,862,0.000000
8,863,0.000000
8,864,0.000000
8,865,0.004049
8,866,0.000000
8,867,0.000000
8,868,0.000000
8,869,0.000000
8,870,0.000000
8,871,0.000000
8,872,0.000000
8,873,0.000000
8,874,0.000000
8,875,0.000000
8,876,0.000000
8,877,0.000000
8,878,0.000000
8,879,0.000000
8,880,0.000000
8,881,0.000000
8,882,0.000000
8,883,0.000000
8,884,0.000000
8,885,0.000000
8,886,0.000000
8,887,0.000000
8,888,0.000000
8,889,0.000000
8,890,0.000000
8,891,0.000000
8,892,0.000000
8,893,0.000000
8,894,0.000000
8,895,0.000000
8,896,0.004500
8,897,0.000000
8,898,0.004099
8,899,0.000000
8,900,0.000000
8,901,0.000000
8,902,0.000000
8,903,0.000000
8,904,0.000000
8,905,0.000000
8,906,0.000000
8,907,0.004474
8,908,0.000000
8,909,0.000000
8,910,0.000000
8,911,0.000000
8,912,0.000000
8,913,0.000000
8,914,0.000000
8,915,0.000000
8,916,0.000000
8,917,0.000000
8,918,0.000000
8,919,0.000000
8,920,0.000000
8,921,0.000000
8,922,0.003850
8,923,0.000000
8,924,0.000000
8,925,0.004900
8,926,0.000000
8,927,0.000000
8,928,0.000000
8,929,0.000000
8,930,0.000000
8,931,0.000000
8,932,0.000000
8,933,0.000000
8,934,0.000000
8,935,0.000000
8,936,0.000000
8,937,0.000000
8,938,0.000000
8,939,0.000000
8,940,0.000000
8,941,0.000000
8,942,0.000000
8,943,0.000000
8,944,0.000000
8,945,0.000000
8,946,0.000000
8,947,0.000000
8,948,0.000000
8,949,0.004349
8,950,0.000000
8,951,0.000000
8,952,0.000000
8,953,0.000000
8,954,0.000000
8,955,0.004675
8,956,0.000000
8,957,0.000000
8,958,0.000000
8,959,0.000000
8,960,0.000000
8,961,0.000000
8,962,0.000000
8,963,0.000000
8,964,0.000000
8,965,0.000000
8,966,0.000000
8,967,0.000000
8,968,0.000000
8,969,0.000000
8,970,0.000000
8,971,0.000000
8,972,0.000000
8,973,0.000000
8,974,0.000000
8,975,0.000000
8,976,0.000000
8,977,0.000000
8,978,0.000000
8,979,0.000000
8,980,0.000000
8,981,0.000000
8,982,0.000000
8,983,0.000000
8,984,0.000000
8,985,0.000000
8,986,0.000000
8,987,0.000000
8,988,0.000000
8,989,0.000000
8,990,0.000000
8,991,0.000000
8,992,0.000000
8,993,0.000000
8,994,0.000000
8,995,0.000000
8,996,0.000000
8,997,0.000000
8,998,0.000000
8,999,0.003875
8,1000,0.000000
8,1001,0.000000
8,1002,0.003400
8,1003,0.000000
8,1004,0.003400
8,1005,0.000000
8,1006,0.000000
8,1007,0.000000
8,1008,0.000000
8,1009,0.000000
8,1010,0.000000
8,1011,0.000000
8,1012,0.000000
8,1013,0.000000
8,1014,0.000000
8,1015,0.000000
8,1016,0.000000
8,1017,0.000000
8,1018,0.000000
8,1019,0.000000
8,1020,0.000000
8,1021,0.000000
8,1022,0.000000
8,1023,0.000000
8,1024,0.000000
8,1025,0.000000
8,1026,0.000000
8,1027,0.000000
8,1028,0.000000
8,1029,0.000000
8,1030,0.000000
8,1031,0.000000
8,1032,0.000000
8,1033,0.000000
8,1034,0.000000
8,1035,0.000000
8,1036,0.000000
8,1037,0.000000
8,1038,0.000000
8,1039,0.000000
8,1040,0.000000
8,1041,0.000000
8,1042,0.000000
8,1043,0.000000
8,1044,0.000000
8,1045,0.000000
8,1046,0.000000
8,1047,0.000000
8,1048,0.000000
8,1049,0.000000
8,1050,0.000000
8,1051,0.000000
8,1052,0.000000
8,1053,0.000000
8,1054,0.000000
8,1055,0.000000
8,1056,0.000000
8,1057,0.000000
8,1058,0.000000
8,1059,0.000000
8,1060,0.000000
8,1061,0.004049
8,1062,0.000000
8,1063,0.000000
8,1064,0.000000
8,1065,0.000000
8,1066,0.000000
8,1067,0.000000
8,1068,0.003325
8,1069,0.000000
8,1070,0.000000
8,1071,0.000000
8,1072,0.000000
8,1073,0.003225
8,1074,0.000000
8,1075,0.000000
8,1076,0.000000
8,1077,0.000000
8,1078,0.000000
8,1079,0.003650
8,1080,0.000000
8,1081,0.000000
8,1082,0.000000
8,1083,0.000000
8,1084,0.000000
8,1085,0.000000
8,1086,0.000000
8,1087,0.000000
8,1088,0.000000
8,1089,0.000000
8,1090,0.000000
8,1091,0.000000
8,1092,0.000000
8,1093,0.000000
8,1094,0.000000
8,1095,0.000000
8,1096,0.000000
8,1097,0.000000
8,1098,0.000000
8,1099,0.000000
8,1100,0.000000
8,1101,0.000000
8,1102,0.000000
8,1103,0.000000
8,1104,0.000000
8,1105,0.000000
8,1106,0.003575
8,1107,0.000000
8,1108,0.000000
8,1109,0.000000
8,1110,0.000000
8,1111,0.000000
8,1112,0.000000
8,1113,0.000000
8,1114,0.000000
8,1115,0.000000
8,1116,0.000000
8,1117,0.000000
8,1118,0.000000
8,1119,0.000000
8,1120,0.000000
8,1121,0.003524
8,1122,0.000000
8,1123,0.000000
8,1124,0.000000
8,1125,0.000000
8,1126,0.000000
8,1127,0.000000
8,1128,0.000000
8,1129,0.000000
8,1130,0.000000
8,1131,0.000000
8,1132,0.000000
8,1133,0.000000
8,1134,0.000000
8,1135,0.000000
8,1136,0.000000
8,1137,0.000000
8,1138,0.000000
8,1139,0.000000
8,1140,0.000000
8,1141,0.000000
8,1142,0.000000
8,1143,0.000000
8,1144,0.000000
8,1145,0.000000
8,1146,0.000000
8,1147,0.000000
8,1148,0.000000
8,1149,0.000000
8,1150,0.000000
8,1151,0.000000
8,1152,0.000000
8,1153,0.000000
8,1154,0.000000
8,1155,0.000000
8,1156,0.003224
8,1157,0.000000
8,1158,0.000000
8,1159,0.000000
8,1160,0.000000
8,1161,0.000000
8,1162,0.000000
8,1163,0.000000
8,1164,0.000000
8,1165,0.000000
8,1166,0.000000
8,1167,0.000000
8,1168,0.003600
8,1169,0.000000
8,1170,0.000000
8,1171,0.000000
8,1172,0.000000
8,1173,0.000000
8,1174,0.000000
8,1175,0.000000
8,1176,0.000000
8,1177,0.000000
8,1178,0.000000
8,1179,0.000000
8,1180,0.000000
8,1181,0.000000
8,1182,0.000000
8,1183,0.000000
8,1184,0.000000
8,1185,0.000000
8,1186,0.000000
8,1187,0.000000
8,1188,0.000000
8,1189,0.000000
8,1190,0.000000
8,1191,0.000000
8,1192,0.003550
8,1193,0.000000
8,1194,0.000000
8,1195,0.000000
8,1196,0.004000
8,1197,0.003449
8,1198,0.000000
8,1199,0.000000
8,1200,0.000000
8,1201,0.000000
8,1202,0.000000
8,1203,0.000000
8,1204,0.000000
8,1205,0.000000
8,1206,0.000000
8,1207,0.000000
8,1208,0.000000
8,1209,0.000000
8,1210,0.000000
8,1211,0.000000
8,1212,0.000000
8,1213,0.000000
8,1214,0.000000
8,1215,0.000000
8,1216,0.000000
8,1217,0.003175
8,1218,0.000000
8,1219,0.000000
8,1220,0.000000
8,1221,0.000000
8,1222,0.000000
8,1223,0.000000
8,1224,0.002925
8,1225,0.000000
8,1226,0.000000
8,1227,0.004150
8,1228,0.000000
8,1229,0.000000
8,1230,0.000000
8,1231,0.000000
8,1232,0.000000
8,1233,0.003125
8,1234,0.000000
8,1235,0.000000
8,1236,0.000000
8,1237,0.002700
8,1238,0.000000
8,1239,0.000000
8,1240,0.000000
8,1241,0.000000
8,1242,0.000000
8,1243,0.000000
8,1244,0.000000
8,1245,0.000000
8,1246,0.000000
8,1247,0.000000
8,1248,0.000000
8,1249,0.000000
8,1250,0.000000
8,1251,0.000000
8,1252,0.000000
8,1253,0.000000
8,1254,0.000000
8,1255,0.000000
8,1256,0.000000
8,1257,0.000000
8,1258,0.000000
8,1259,0.000000
8,1260,0.000000
8,1261,0.000000
8,1262,0.000000
8,1263,0.000000
8,1264,0.000000
8,1265,0.000000
8,1266,0.000000
8,1267,0.000000
8,1268,0.000000
8,1269,0.000000
8,1270,0.002950
8,1271,0.000000
8,1272,0.000000
8,1273,0.000000
8,1274,0.000000
8,1275,0.000000
8,1276,0.000000
8,1277,0.000000
8,1278,0.000000
8,1279,0.000000
8,1280,0.000000
8,1281,0.000000
8,1282,0.000000
8,1283,0.000000
8,1284,0.000000
8,1285,0.000000
8,1286,0.000000
8,1287,0.000000
8,1288,0.000000
8,1289,0.000000
8,1290,0.000000
8,1291,0.000000
8,1292,0.000000
8,1293,0.000000
8,1294,0.000000
8,1295,0.000000
8,1296,0.000000
8,1297,0.000000
8,1298,0.000000
8,1299,0.000000
8,1300,0.000000
8,1301,0.000000
8,1302,0.002300
8,1303,0.000000
8,1304,0.000000
8,1305,0.000000
8,1306,0.000000
8,1307,0.000000
8,1308,0.000000
8,1309,0.000000
8,1310,0.000000
8,1311,0.000000
8,1312,0.000000
8,1313,0.000000
8,1314,0.000000
8,1315,0.000000
8,1316,0.000000
8,1317,0.000000
8,1318,0.000000
8,1319,0.000000
8,1320,0.000000
8,1321,0.000000
8,1322,0.000000
8,1323,0.000000
8,1324,0.000000
8,1325,0.000000
8,1326,0.003074
8,1327,0.000000
8,1328,0.000000
8,1329,0.000000
8,1330,0.000000
8,1331,0.000000
8,1332,0.000000
8,1333,0.000000
8,1334,0.000000
8,1335,0.000000
8,1336,0.000000
8,1337,0.000000
8,1338,0.000000
8,1339,0.000000
8,1340,0.000000
8,1341,0.000000
8,1342,0.000000
8,1343,0.000000
8,1344,0.000000
8,1345,0.000000
8,1346,0.000000
8,1347,0.000000
8,1348,0.000000
8,1349,0.000000
8,1350,0.000000
8,1351,0.000000
8,1352,0.000000
8,1353,0.000000
8,1354,0.002749
8,1355,0.000000
8,1356,0.000000
8,1357,0.000000
8,1358,0.000000
8,1359,0.000000
8,1360,0.000000
8,1361,0.000000
8,1362,0.000000
8,1363,0.000000
8,1364,0.000000
8,1365,0.000000
8,1366,0.000000
8,1367,0.000000
8,1368,0.000000
8,1369,0.000000
8,1370,0.000000
8,1371,0.000000
8,1372,0.000000
8,1373,0.000000
8,1374,0.000000
8,1375,0.000000
8,1376,0.000000
8,1377,0.000000
8,1378,0.000000
8,1379,0.000000
8,1380,0.000000
8,1381,0.000000
8,1382,0.000000
8,1383,0.000000
8,1384,0.002875
8,1385,0.000000
8,1386,0.000000
8,1387,0.000000
8,1388,0.000000
8,1389,0.000000
8,1390,0.000000
8,1391,0.000000
8,1392,0.000000
8,1393,0.000000
8,1394,0.000000
8,1395,0.000000
8,1396,0.000000
8,1397,0.000000
8,1398,0.000000
8,1399,0.000000
8,1400,0.000000
8,1401,0.000000
8,1402,0.000000
8,1403,0.000000
8,1404,0.000000
8,1405,0.000000
8,1406,0.000000
8,1407,0.000000
8,1408,0.000000
8,1409,0.000000
8,1410,0.000000
8,1411,0.000000
8,1412,0.000000
8,1413,0.000000
8,1414,0.000000
8,1415,0.000000
8,1416,0.000000
8,1417,0.000000
8,1418,0.000000
8,1419,0.000000
8,1420,0.000000
8,1421,0.000000
8,1422,0.000000
8,1423,0.000000
8,1424,0.000000
8,1425,0.000000
8,1426,0.000000
8,1427,0.000000
8,1428,0.000000
8,1429,0.000000
8,1430,0.000000
8,1431,0.000000
8,1432,0.000000
8,1433,0.000000
8,1434,0.000000
8,1435,0.000000
8,1436,0.000000
8,1437,0.000000
8,1438,0.000000
8,1439,0.000000
8,1440,0.000000
8,1441,0.000000
8,1442,0.000000
8,1443,0.000000
8,1444,0.000000
8,1445,0.000000
8,1446,0.000000
8,1447,0.002825
8,1448,0.000000
8,1449,0.000000
8,1450,0.000000
8,1451,0.000000
8,1452,0.000000
8,1453,0.000000
8,1454,0.000000
8,1455,0.000000
8,1456,0.000000
8,1457,0.000000
8,1458,0.000000
8,1459,0.000000
8,1460,0.000000
8,1461,0.000000
8,1462,0.000000
8,1463,0.000000
8,1464,0.000000
8,1465,0.000000
8,1466,0.000000
8,1467,0.000000
8,1468,0.000000
8,1469,0.000000
8,1470,0.000000
8,1471,0.000000
8,1472,0.002550
8,1473,0.000000
8,1474,0.000000
8,1475,0.000000
8,1476,0.000000
8,1477,0.000000
8,1478,0.000000
8,1479,0.000000
8,1480,0.002650
8,1481,0.000000
8,1482,0.000000
8,1483,0.000000
8,1484,0.000000
8,1485,0.000000
8,1486,0.000000
8,1487,0.000000
8,1488,0.000000
8,1489,0.000000
8,1490,0.002450
8,1491,0.000000
8,1492,0.000000
8,1493,0.000000
8,1494,0.000000
8,1495,0.000000
8,1496,0.000000
8,1497,0.000000
8,1498,0.000000
8,1499,0.000000
8,1500,0.000000
8,1501,0.000000
8,1502,0.000000
8,1503,0.000000
8,1504,0.000000
8,1505,0.000000
8,1506,0.000000
8,1507,0.000000
8,1508,0.000000
8,1509,0.000000
8,1510,0.000000
8,1511,0.000000
8,1512,0.000000
8,1513,0.000000
8,1514,0.000000
8,1515,0.000000
8,1516,0.000000
8,1517,0.000000
8,1518,0.000000
8,1519,0.000000
8,1520,0.000000
8,1521,0.000000
8,1522,0.000000
8,1523,0.000000
8,1524,0.000000
8,1525,0.002150
8,1526,0.000000
8,1527,0.000000
8,1528,0.000000
8,1529,0.000000
8,1530,0.000000
8,1531,0.000000
8,1532,0.000000
8,1533,0.000000
8,1534,0.000000
8,1535,0.000000
8,1536,0.000000
8,1537,0.000000
8,1538,0.000000
8,1539,0.000000
8,1540,0.000000
8,1541,0.000000
8,1542,0.000000
8,1543,0.002475
8,1544,0.000000
8,1545,0.000000
8,1546,0.000000
8,1547,0.000000
8,1548,0.003150
8,1549,0.000000
8,1550,0.000000
8,1551,0.000000
8,1552,0.000000
8,1553,0.000000
8,1554,0.000000
8,1555,0.000000
8,1556,0.000000
8,1557,0.000000
8,1558,0.000000
8,1559,0.000000
8,1560,0.000000
8,1561,0.000000
8,1562,0.002549
8,1563,0.000000
8,1564,0.000000
8,1565,0.000000
8,1566,0.000000
8,1567,0.000000
8,1568,0.000000
8,1569,0.000000
8,1570,0.000000
8,1571,0.000000
8,1572,0.000000
8,1573,0.000000
8,1574,0.000000
8,1575,0.000000
8,1576,0.000000
8,1577,0.000000
8,1578,0.000000
8,1579,0.000000
8,1580,0.000000
8,1581,0.000000
8,1582,0.000000
8,1583,0.000000
8,1584,0.000000
8,1585,0.000000
8,1586,0.000000
8,1587,0.000000
8,1588,0.000000
8,1589,0.002050
8,1590,0.000000
8,1591,0.000000
8,1592,0.000000
8,1593,0.000000
8,1594,0.000000
8,1595,0.000000
8,1596,0.000000
8,1597,0.000000
8,1598,0.000000
8,1599,0.000000
8,1600,0.000000
8,1601,0.000000
8,1602,0.000000
8,1603,0.000000
8,1604,0.000000
8,1605,0.000000
8,1606,0.000000
8,1607,0.000000
8,1608,0.002075
8,1609,0.000000
8,1610,0.000000
8,1611,0.000000
8,1612,0.002125
8,1613,0.000000
8,1614,0.000000
8,1615,0.000000
8,1616,0.000000
8,1617,0.000000
8,1618,0.000000
8,1619,0.000000
8,1620,0.000000
8,1621,0.000000
8,1622,0.000000
8,1623,0.000000
8,1624,0.000000
8,1625,0.000000
8,1626,0.000000
8,1627,0.000000
8,1628,0.000000
8,1629,0.000000
8,1630,0.000000
8,1631,0.000000
8,1632,0.000000
8,1633,0.000000
8,1634,0.000000
8,1635,0.000000
8,1636,0.002775
8,1637,0.000000
8,1638,0.000000
8,1639,0.000000
8,1640,0.000000
8,1641,0.000000
8,1642,0.000000
8,1643,0.000000
8,1644,0.000000
8,1645,0.000000
8,1646,0.000000
8,1647,0.000000
8,1648,0.000000
8,1649,0.000000
8,1650,0.000000
8,1651,0.000000
8,1652,0.000000
8,1653,0.000000
8,1654,0.000000
8,1655,0.000000
8,1656,0.002624
8,1657,0.000000
8,1658,0.000000
8,1659,0.000000
8,1660,0.000000
8,1661,0.000000
8,1662,0.000000
8,1663,0.002475
8,1664,0.000000
8,1665,0.000000
8,1666,0.000000
8,1667,0.000000
8,1668,0.000000
8,1669,0.000000
8,1670,0.000000
8,1671,0.000000
8,1672,0.000000
8,1673,0.000000
8,1674,0.000000
8,1675,0.000000
8,1676,0.000000
8,1677,0.000000
8,1678,0.000000
8,1679,0.000000
8,1680,0.000000
8,1681,0.000000
8,1682,0.000000
8,1683,0.000000
8,1684,0.000000
8,1685,0.000000
8,1686,0.000000
8,1687,0.000000
8,1688,0.000000
8,1689,0.000000
8,1690,0.000000
8,1691,0.000000
8,1692,0.000000
8,1693,0.000000
8,1694,0.000000
8,1695,0.000000
8,1696,0.000000
8,1697,0.000000
8,1698,0.000000
8,1699,0.000000
8,1700,0.000000
8,1701,0.000000
8,1702,0.000000
8,1703,0.000000
8,1704,0.000000
8,1705,0.000000
8,1706,0.000000
8,1707,0.000000
8,1708,0.000000
8,1709,0.000000
8,1710,0.000000
8,1711,0.000000
8,1712,0.000000
8,1713,0.000000
8,1714,0.000000
8,1715,0.000000
8,1716,0.000000
8,1717,0.000000
8,1718,0.000000
8,1719,0.000000
8,1720,0.000000
8,1721,0.000000
8,1722,0.000000
8,1723,0.000000
8,1724,0.000000
8,1725,0.000000
8,1726,0.000000
8,1727,0.000000
8,1728,0.000000
8,1729,0.000000
8,1730,0.000000
8,1731,0.000000
8,1732,0.000000
8,1733,0.000000
8,1734,0.000000
8,1735,0.000000
8,1736,0.001750
8,1737,0.000000
8,1738,0.000000
8,1739,0.000000
8,1740,0.000000
8,1741,0.000000
8,1742,0.000000
8,1743,0.000000
8,1744,0.000000
8,1745,0.002150
8,1746,0.000000
8,1747,0.000000
8,1748,0.000000
8,1749,0.000000
8,1750,0.000000
8,1751,0.000000
8,1752,0.000000
8,1753,0.000000
8,1754,0.000000
8,1755,0.000000
8,1756,0.000000
8,1757,0.000000
8,1758,0.000000
8,1759,0.000000
8,1760,0.000000
8,1761,0.000000
8,1762,0.000000
8,1763,0.000000
8,1764,0.000000
8,1765,0.000000
8,1766,0.000000
8,1767,0.000000
8,1768,0.000000
8,1769,0.000000
8,1770,0.002000
8,1771,0.000000
8,1772,0.000000
8,1773,0.000000
8,1774,0.000000
8,1775,0.000000
8,1776,0.000000
8,1777,0.000000
8,1778,0.000000
8,1779,0.000000
8,1780,0.000000
8,1781,0.000000
8,1782,0.000000
8,1783,0.000000
8,1784,0.000000
8,1785,0.000000
8,1786,0.000000
8,1787,0.000000
8,1788,0.001850
8,1789,0.000000
8,1790,0.000000
8,1791,0.000000
8,1792,0.000000
8,1793,0.000000
8,1794,0.000000
8,1795,0.000000
8,1796,0.000000
8,1797,0.000000
8,1798,0.000000
8,1799,0.000000
8,1800,0.000000
8,1801,0.000000
8,1802,0.000000
8,1803,0.000000
8,1804,0.000000
8,1805,0.000000
8,1806,0.000000
8,1807,0.000000
8,1808,0.000000
8,1809,0.001775
8,1810,0.000000
8,1811,0.000000
8,1812,0.000000
8,1813,0.000000
8,1814,0.000000
8,1815,0.000000
8,1816,0.000000
8,1817,0.000000
8,1818,0.000000
8,1819,0.000000
8,1820,0.000000
8,1821,0.000000
8,1822,0.000000
8,1823,0.000000
8,1824,0.000000
8,1825,0.000000
8,1826,0.000000
8,1827,0.000000
8,1828,0.000000
8,1829,0.000000
8,1830,0.000000
8,1831,0.000000
8,1832,0.001725
8,1833,0.000000
8,1834,0.000000
8,1835,0.000000
8,1836,0.000000
8,1837,0.000000
8,1838,0.000000
8,1839,0.000000
8,1840,0.000000
8,1841,0.000000
8,1842,0.001875
8,1843,0.000000
8,1844,0.000000
8,1845,0.000000
8,1846,0.000000
8,1847,0.000000
8,1848,0.000000
8,1849,0.000000
8,1850,0.000000
8,1851,0.000000
8,1852,0.000000
8,1853,0.000000
8,1854,0.000000
8,1855,0.000000
8,1856,0.000000
8,1857,0.000000
8,1858,0.000000
8,1859,0.000000
8,1860,0.000000
8,1861,0.000000
8,1862,0.000000
8,1863,0.001950
8,1864,0.000000
8,1865,0.000000
8,1866,0.000000
8,1867,0.000000
8,1868,0.000000
8,1869,0.000000
8,1870,0.000000
8,1871,0.000000
8,1872,0.000000
8,1873,0.000000
8,1874,0.000000
8,1875,0.000000
8,1876,0.000000
8,1877,0.000000
8,1878,0.000000
8,1879,0.000000
8,1880,0.000000
8,1881,0.000000
8,1882,0.000000
8,1883,0.000000
8,1884,0.000000
8,1885,0.000000
8,1886,0.000000
8,1887,0.000000
8,1888,0.000000
8,1889,0.000000
8,1890,0.000000
8,1891,0.000000
8,1892,0.000000
8,1893,0.002175
8,1894,0.000000
8,1895,0.000000
8,1896,0.000000
8,1897,0.001775
8,1898,0.000000
8,1899,0.000000
8,1900,0.000000
8,1901,0.000000
8,1902,0.000000
8,1903,0.000000
8,1904,0.000000
8,1905,0.000000
8,1906,0.000000
8,1907,0.000000
8,1908,0.000000
8,1909,0.000000
8,1910,0.000000
8,1911,0.000000
8,1912,0.000000
8,1913,0.000000
8,1914,0.000000
8,1915,0.000000
8,1916,0.000000
8,1917,0.000000
8,1918,0.000000
8,1919,0.000000
8,1920,0.000000
8,1921,0.000000
8,1922,0.000000
8,1923,0.000000
8,1924,0.000000
8,1925,0.000000
8,1926,0.000000
8,1927,0.000000
8,1928,0.000000
8,1929,0.000000
8,1930,0.000000
8,1931,0.000000
8,1932,0.000000
8,1933,0.000000
8,1934,0.000000
8,1935,0.000000
8,1936,0.000000
8,1937,0.000000
8,1938,0.000000
8,1939,0.000000
8,1940,0.000000
8,1941,0.000000
8,1942,0.000000
8,1943,0.000000
8,1944,0.000000
8,1945,0.000000
8,1946,0.000000
8,1947,0.000000
8,1948,0.000000
8,1949,0.000000
8,1950,0.000000
8,1951,0.000000
8,1952,0.000000
8,1953,0.000000
8,1954,0.000000
8,1955,0.000000
8,1956,0.000000
8,1957,0.000000
8,1958,0.000000
8,1959,0.000000
8,1960,0.000000
8,1961,0.000000
8,1962,0.000000
8,1963,0.000000
8,1964,0.000000
8,1965,0.000000
8,1966,0.000000
8,1967,0.000000
8,1968,0.000000
8,1969,0.000000
8,1970,0.000000
8,1971,0.000000
8,1972,0.000000
8,1973,0.000000
8,1974,0.000000
8,1975,0.000000
8,1976,0.000000
8,1977,0.000000
8,1978,0.000000
8,1979,0.002000
8,1980,0.000000
8,1981,0.000000
8,1982,0.000000
8,1983,0.000000
8,1984,0.000000
8,1985,0.000000
8,1986,0.000000
8,1987,0.000000
8,1988,0.000000
8,1989,0.000000
8,1990,0.000000
8,1991,0.000000
8,1992,0.000000
8,1993,0.000000
8,1994,0.000000
8,1995,0.000000
8,1996,0.002025
8,1997,0.000000
8,1998,0.000000
8,1999,0.000000
8,2000,0.000000
8,2001,0.000000
8,2002,0.000000
8,2003,0.000000
8,2004,0.001750
8,2005,0.000000
8,2006,0.000000
8,2007,0.000000
8,2008,0.000000
8,2009,0.000000
8,2010,0.000000
8,2011,0.000000
8,2012,0.001675
8,2013,0.002100
8,2014,0.000000
8,2015,0.000000
8,2016,0.000000
8,2017,0.000000
8,2018,0.000000
8,2019,0.000000
8,2020,0.000000
8,2021,0.000000
8,2022,0.000000
8,2023,0.000000
8,2024,0.000000
8,2025,0.000000
8,2026,0.000000
8,2027,0.000000
8,2028,0.000000
8,2029,0.000000
8,2030,0.000000
8,2031,0.000000
8,2032,0.000000
8,2033,0.000000
8,2034,0.000000
8,2035,0.000000
8,2036,0.000000
8,2037,0.000000
8,2038,0.000000
8,2039,0.000000
8,2040,0.000000
8,2041,0.000000
8,2042,0.000000
8,2043,0.000000
8,2044,0.000000
8,2045,0.000000
8,2046,0.000000
8,2047,0.000000
8,2048,0.000000
16,1,0.924479
16,2,0.899074
16,3,0.873641
16,4,0.819444
16,5,0.747024
16,6,0.799745
16,7,0.782027
16,8,0.625000
16,9,0.689394
16,10,0.678472
16,11,0.437500
16,12,0.562500
16,13,0.626339
16,14,0.577788
16,15,0.562500
16,16,0.557598
16,17,0.501359
16,18,0.495370
16,19,0.507895
16,20,0.462189
16,21,0.431548
16,22,0.435345
16,23,0.435065
16,24,0.370192
16,25,0.379310
16,26,0.312500
16,27,0.312500
16,28,0.364224
16,29,0.437500
16,30,0.359635
16,31,0.317354
16,32,0.250000
16,33,0.310049
16,34,0.312500
16,35,0.062500
16,36,0.376302
16,37,0.272447
16,38,0.125000
16,39,0.283439
16,40,0.308859
16,41,0.253934
16,42,0.244737
16,43,0.250345
16,44,0.187500
16,45,0.187500
16,46,0.125000
16,47,0.236439
16,48,0.250000
16,49,0.183155
16,50,0.125000
16,51,0.196128
16,52,0.188953
16,53,0.200039
16,54,0.125000
16,55,0.125000
16,56,0.188578
16,57,0.170590
16,58,0.199029
16,59,0.062500
16,60,0.125000
16,61,0.155424
16,62,0.159730
16,63,0.125000
16,64,0.125000
16,65,0.126761
16,66,0.188144
16,67,0.062500
16,68,0.062500
16,69,0.125000
16,70,0.125000
16,71,0.125000
16,72,0.062500
16,73,0.125000
16,74,0.062500
16,75,0.125000
16,76,0.126389
16,77,0.062500
16,78,0.062500
16,79,0.125000
16,80,0.126506
16,81,0.127155
16,82,0.062500
16,83,0.187500
16,84,0.120327
16,85,0.062500
16,86,0.125000
16,87,0.125000
16,88,0.114014
16,89,0.062500
16,90,0.062500
16,91,0.062500
16,92,0.112373
16,93,0.062500
16,94,0.125000
16,95,0.125000
16,96,0.125000
16,97,0.125543
16,98,0.062500
16,99,0.097068
16,100,0.062500
16,101,0.062500
16,102,0.062500
16,103,0.125000
16,104,0.000000
16,105,0.093354
16,106,0.000000
16,107,0.082894
16,108,0.085886
16,109,0.000000
16,110,0.062996
16,111,0.082492
16,112,0.062500
16,113,0.062500
16,114,0.062500
16,115,0.062500
16,116,0.062500
16,117,0.062500
16,118,0.095301
16,119,0.062500
16,120,0.062500
16,121,0.062500
16,122,0.078963
16,123,0.000000
16,124,0.081517
16,125,0.000000
16,126,0.062500
16,127,0.064549
16,128,0.062500
16,129,0.062500
16,130,0.073129
16,131,0.061678
16,132,0.060495
16,133,0.064655
16,134,0.062500
16,135,0.062500
16,136,0.062500
16,137,0.125000
16,138,0.062500
16,139,0.062500
16,140,0.062500
16,141,0.062500
16,142,0.064668
16,143,0.062500
16,144,0.073797
16,145,0.062500
16,146,0.062500
16,147,0.062500
16,148,0.062500
16,149,0.063090
16,150,0.000000
16,151,0.000000
16,152,0.062960
16,153,0.062500
16,154,0.062901
16,155,0.063859
16,156,0.052033
16,157,0.000000
16,158,0.000000
16,159,0.062500
16,160,0.057345
16,161,0.062500
16,162,0.062500
16,163,0.059827
16,164,0.000000
16,165,0.062500
16,166,0.062500
16,167,0.053792
16,168,0.055634
16,169,0.062500
16,170,0.000000
16,171,0.000000
16,172,0.062500
16,173,0.048988
16,174,0.063194
16,175,0.058170
16,176,0.046765
16,177,0.052304
16,178,0.062500
16,179,0.000000
16,180,0.062500
16,181,0.053685
16,182,0.049031
16,183,0.000000
16,184,0.046592
16,185,0.048330
16,186,0.046486
16,187,0.062500
16,188,0.050433
16,189,0.062500
16,190,0.041989
16,191,0.048513
16,192,0.048668
16,193,0.047071
16,194,0.041793
16,195,0.000000
16,196,0.000000
16,197,0.045500
16,198,0.062500
16,199,0.000000
16,200,0.000000
16,201,0.000000
16,202,0.062500
16,203,0.047520
16,204,0.000000
16,205,0.000000
16,206,0.042757
16,207,0.000000
16,208,0.045884
16,209,0.000000
16,210,0.000000
16,211,0.043791
16,212,0.046229
16,213,0.040417
16,214,0.037778
16,215,0.062500
16,216,0.000000
16,217,0.038658
16,218,0.041244
16,219,0.062500
16,220,0.036319
16,221,0.000000
16,222,0.062500
16,223,0.039773
16,224,0.043971
16,225,0.038034
16,226,0.000000
16,227,0.037511
16,228,0.037968
16,229,0.036445
16,230,0.000000
16,231,0.039626
16,232,0.062500
16,233,0.000000
16,234,0.036613
16,235,0.062500
16,236,0.035993
16,237,0.035750
16,238,0.000000
16,239,0.000000
16,240,0.037014
16,241,0.036102
16,242,0.034476
16,243,0.035536
16,244,0.036671
16,245,0.062500
16,246,0.040604
16,247,0.000000
16,248,0.000000
16,249,0.034951
16,250,0.000000
16,251,0.062500
16,252,0.000000
16,253,0.033889
16,254,0.033459
16,255,0.000000
16,256,0.032511
16,257,0.000000
16,258,0.031931
16,259,0.033253
16,260,0.032423
16,261,0.000000
16,262,0.000000
16,263,0.062500
16,264,0.034987
16,265,0.033066
16,266,0.029644
16,267,0.031319
16,268,0.000000
16,269,0.031981
16,270,0.000000
16,271,0.000000
16,272,0.034109
16,273,0.033833
16,274,0.033972
16,275,0.000000
16,276,0.062500
16,277,0.033291
16,278,0.000000
16,279,0.000000
16,280,0.000000
16,281,0.000000
16,282,0.000000
16,283,0.032793
16,284,0.029294
16,285,0.000000
16,286,0.000000
16,287,0.028988
16,288,0.030750
16,289,0.030537
16,290,0.000000
16,291,0.000000
16,292,0.030006
16,293,0.000000
16,294,0.000000
16,295,0.028288
16,296,0.030338
16,297,0.031382
16,298,0.000000
16,299,0.000000
16,300,0.000000
16,301,0.028188
16,302,0.027903
16,303,0.000000
16,304,0.000000
16,305,0.000000
16,306,0.026832
16,307,0.027363
16,308,0.000000
16,309,0.027589
16,310,0.028362
16,311,0.000000
16,312,0.000000
16,313,0.026887
16,314,0.062500
16,315,0.000000
16,316,0.026595
16,317,0.029494
16,318,0.028432
16,319,0.026488
16,320,0.000000
16,321,0.062500
16,322,0.000000
16,323,0.028350
16,324,0.025840
16,325,0.000000
16,326,0.000000
16,327,0.026032
16,328,0.000000
16,329,0.000000
16,330,0.027637
16,331,0.000000
16,332,0.000000
16,333,0.000000
16,334,0.024900
16,335,0.024655
16,336,0.024263
16,337,0.024315
16,338,0.023633
16,339,0.000000
16,340,0.000000
16,341,0.023783
16,342,0.023645
16,343,0.000000
16,344,0.000000
16,345,0.000000
16,346,0.000000
16,347,0.023183
16,348,0.024365
16,349,0.062500
16,350,0.025070
16,351,0.023403
16,352,0.000000
16,353,0.000000
16,354,0.026287
16,355,0.000000
16,356,0.000000
16,357,0.023708
16,358,0.062500
16,359,0.000000
16,360,0.025112
16,361,0.024083
16,362,0.000000
16,363,0.000000
16,364,0.000000
16,365,0.026432
16,366,0.022758
16,367,0.024670
16,368,0.000000
16,369,0.021646
16,370,0.000000
16,371,0.023753
16,372,0.000000
16,373,0.000000
16,374,0.000000
16,375,0.000000
16,376,0.025665
16,377,0.000000
16,378,0.022861
16,379,0.000000
16,380,0.021925
16,381,0.021158
16,382,0.023038
16,383,0.000000
16,384,0.000000
16,385,0.021683
16,386,0.000000
16,387,0.022112
16,388,0.000000
16,389,0.022413
16,390,0.023200
16,391,0.000000
16,392,0.000000
16,393,0.000000
16,394,0.020213
16,395,0.000000
16,396,0.000000
16,397,0.000000
16,398,0.019959
16,399,0.020413
16,400,0.021800
16,401,0.022057
16,402,0.000000
16,403,0.021246
16,404,0.022958
16,405,0.021312
16,406,0.000000
16,407,0.000000
16,408,0.020308
16,409,0.000000
16,410,0.000000
16,411,0.000000
16,412,0.019034
16,413,0.000000
16,414,0.019746
16,415,0.000000
16,416,0.021337
16,417,0.000000
16,418,0.000000
16,419,0.019100
16,420,0.018638
16,421,0.018430
16,422,0.020633
16,423,0.000000
16,424,0.019671
16,425,0.000000
16,426,0.000000
16,427,0.000000
16,428,0.000000
16,429,0.000000
16,430,0.000000
16,431,0.000000
16,432,0.019484
16,433,0.000000
16,434,0.018909
16,435,0.000000
16,436,0.000000
16,437,0.000000
16,438,0.000000
16,439,0.000000
16,440,0.021720
16,441,0.018755
16,442,0.000000
16,443,0.019159
16,444,0.000000
16,445,0.017175
16,446,0.000000
16,447,0.017038
16,448,0.020158
16,449,0.000000
16,450,0.020583
16,451,0.000000
16,452,0.000000
16,453,0.000000
16,454,0.016625
16,455,0.000000
16,456,0.020287
16,457,0.000000
16,458,0.016788
16,459,0.000000
16,460,0.000000
16,461,0.000000
16,462,0.017721
16,463,0.018355
16,464,0.019921
16,465,0.017497
16,466,0.000000
16,467,0.000000
16,468,0.000000
16,469,0.000000
16,470,0.017721
16,471,0.000000
16,472,0.000000
16,473,0.000000
16,474,0.000000
16,475,0.017712
16,476,0.000000
16,477,0.017159
16,478,0.000000
16,479,0.062500
16,480,0.000000
16,481,0.018063
16,482,0.017137
16,483,0.000000
16,484,0.000000
16,485,0.000000
16,486,0.016188
16,487,0.000000
16,488,0.000000
16,489,0.000000
16,490,0.000000
16,491,0.000000
16,492,0.000000
16,493,0.000000
16,494,0.017272
16,495,0.018850
16,496,0.015875
16,497,0.018259
16,498,0.000000
16,499,0.015497
16,500,0.000000
16,501,0.000000
16,502,0.000000
16,503,0.016797
16,504,0.018900
16,505,0.000000
16,506,0.016593
16,507,0.000000
16,508,0.000000
16,509,0.000000
16,510,0.000000
16,511,0.015581
16,512,0.000000
16,513,0.000000
16,514,0.000000
16,515,0.017534
16,516,0.016238
16,517,0.062500
16,518,0.015747
16,519,0.000000
16,520,0.000000
16,521,0.016922
16,522,0.000000
16,523,0.000000
16,524,0.000000
16,525,0.015709
16,526,0.016047
16,527,0.016972
16,528,0.015525
16,529,0.000000
16,530,0.000000
16,531,0.000000
16,532,0.015325
16,533,0.000000
16,534,0.000000
16,535,0.017272
16,536,0.000000
16,537,0.000000
16,538,0.000000
16,539,0.000000
16,540,0.000000
16,541,0.000000
16,542,0.000000
16,543,0.000000
16,544,0.014400
16,545,0.062500
16,546,0.015150
16,547,0.000000
16,548,0.000000
16,549,0.000000
16,550,0.015688
16,551,0.015813
16,552,0.016325
16,553,0.000000
16,554,0.000000
16,555,0.014088
16,556,0.000000
16,557,0.000000
16,558,0.015697
16,559,0.014688
16,560,0.000000
16,561,0.000000
16,562,0.000000
16,563,0.000000
16,564,0.000000
16,565,0.000000
16,566,0.013947
16,567,0.000000
16,568,0.000000
16,569,0.000000
16,570,0.000000
16,571,0.000000
16,572,0.000000
16,573,0.000000
16,574,0.000000
16,575,0.000000
16,576,0.000000
16,577,0.000000
16,578,0.014500
16,579,0.000000
16,580,0.000000
16,581,0.015525
16,582,0.000000
16,583,0.000000
16,584,0.000000
16,585,0.000000
16,586,0.014894
16,587,0.014372
16,588,0.014688
16,589,0.013272
16,590,0.000000
16,591,0.000000
16,592,0.000000
16,593,0.000000
16,594,0.014438
16,595,0.062500
16,596,0.013225
16,597,0.000000
16,598,0.013577
16,599,0.000000
16,600,0.013925
16,601,0.013413
16,602,0.012575
16,603,0.000000
16,604,0.000000
16,605,0.000000
16,606,0.000000
16,607,0.000000
16,608,0.000000
16,609,0.000000
16,610,0.000000
16,611,0.012613
16,612,0.000000
16,613,0.013185
16,614,0.000000
16,615,0.000000
16,616,0.000000
16,617,0.000000
16,618,0.012485
16,619,0.000000
16,620,0.000000
16,621,0.000000
16,622,0.012897
16,623,0.013635
16,624,0.000000
16,625,0.000000
16,626,0.000000
16,627,0.012772
16,628,0.000000
16,629,0.013900
16,630,0.013260
16,631,0.000000
16,632,0.012985
16,633,0.014188
16,634,0.000000
16,635,0.000000
16,636,0.013822
16,637,0.012333
16,638,0.000000
16,639,0.000000
16,640,0.000000
16,641,0.000000
16,642,0.000000
16,643,0.000000
16,644,0.011938
16,645,0.000000
16,646,0.000000
16,647,0.000000
16,648,0.000000
16,649,0.013062
16,650,0.000000
16,651,0.013288
16,652,0.012660
16,653,0.012275
16,654,0.000000
16,655,0.000000
16,656,0.012563
16,657,0.000000
16,658,0.000000
16,659,0.012725
16,660,0.000000
16,661,0.000000
16,662,0.000000
16,663,0.000000
16,664,0.000000
16,665,0.000000
16,666,0.000000
16,667,0.000000
16,668,0.000000
16,669,0.013097
16,670,0.000000
16,671,0.000000
16,672,0.012672
16,673,0.000000
16,674,0.000000
16,675,0.000000
16,676,0.000000
16,677,0.000000
16,678,0.000000
16,679,0.000000
16,680,0.012563
16,681,0.011360
16,682,0.000000
16,683,0.000000
16,684,0.000000
16,685,0.000000
16,686,0.000000
16,687,0.000000
16,688,0.000000
16,689,0.000000
16,690,0.000000
16,691,0.000000
16,692,0.000000
16,693,0.000000
16,694,0.000000
16,695,0.011950
16,696,0.000000
16,697,0.012225
16,698,0.000000
16,699,0.012448
16,700,0.000000
16,701,0.000000
16,702,0.000000
16,703,0.000000
16,704,0.000000
16,705,0.000000
16,706,0.011888
16,707,0.000000
16,708,0.000000
16,709,0.000000
16,710,0.011613
16,711,0.011673
16,712,0.000000
16,713,0.000000
16,714,0.000000
16,715,0.012782
16,716,0.000000
16,717,0.000000
16,718,0.000000
16,719,0.000000
16,720,0.011375
16,721,0.000000
16,722,0.000000
16,723,0.011723
16,724,0.000000
16,725,0.000000
16,726,0.012360
16,727,0.000000
16,728,0.000000
16,729,0.000000
16,730,0.000000
16,731,0.011623
16,732,0.000000
16,733,0.012500
16,734,0.000000
16,735,0.000000
16,736,0.000000
16,737,0.011163
16,738,0.000000
16,739,0.011885
16,740,0.000000
16,741,0.010800
16,742,0.011663
16,743,0.011663
16,744,0.000000
16,745,0.000000
16,746,0.000000
16,747,0.000000
16,748,0.000000
16,749,0.011425
16,750,0.000000
16,751,0.000000
16,752,0.000000
16,753,0.010908
16,754,0.000000
16,755,0.000000
16,756,0.000000
16,757,0.000000
16,758,0.000000
16,759,0.000000
16,760,0.000000
16,761,0.000000
16,762,0.000000
16,763,0.010688
16,764,0.000000
16,765,0.000000
16,766,0.009687
16,767,0.010823
16,768,0.000000
16,769,0.009898
16,770,0.000000
16,771,0.000000
16,772,0.000000
16,773,0.000000
16,774,0.000000
16,775,0.000000
16,776,0.011450
16,777,0.010288
16,778,0.011387
16,779,0.000000
16,780,0.010213
16,781,0.000000
16,782,0.000000
16,783,0.000000
16,784,0.010198
16,785,0.010610
16,786,0.000000
16,787,0.000000
16,788,0.000000
16,789,0.009638
16,790,0.000000
16,791,0.000000
16,792,0.000000
16,793,0.010412
16,794,0.009838
16,795,0.000000
16,796,0.000000
16,797,0.000000
16,798,0.010063
16,799,0.010350
16,800,0.000000
16,801,0.000000
16,802,0.000000
16,803,0.010098
16,804,0.000000
16,805,0.000000
16,806,0.011110
16,807,0.000000
16,808,0.000000
16,809,0.000000
16,810,0.000000
16,811,0.000000
16,812,0.000000
16,813,0.010771
16,814,0.000000
16,815,0.000000
16,816,0.000000
16,817,0.000000
16,818,0.000000
16,819,0.000000
16,820,0.000000
16,821,0.000000
16,822,0.000000
16,823,0.009638
16,824,0.011112
16,825,0.009961
16,826,0.000000
16,827,0.009161
16,828,0.000000
16,829,0.000000
16,830,0.000000
16,831,0.000000
16,832,0.009700
16,833,0.000000
16,834,0.000000
16,835,0.000000
16,836,0.000000
16,837,0.000000
16,838,0.000000
16,839,0.000000
16,840,0.000000
16,841,0.000000
16,842,0.000000
16,843,0.000000
16,844,0.000000
16,845,0.010123
16,846,0.010260
16,847,0.010850
16,848,0.010448
16,849,0.000000
16,850,0.009487
16,851,0.000000
16,852,0.000000
16,853,0.009400
16,854,0.010235
16,855,0.000000
16,856,0.000000
16,857,0.000000
16,858,0.010537
16,859,0.009773
16,860,0.000000
16,861,0.000000
16,862,0.000000
16,863,0.000000
16,864,0.000000
16,865,0.000000
16,866,0.010037
16,867,0.000000
16,868,0.000000
16,869,0.009800
16,870,0.000000
16,871,0.010473
16,872,0.000000
16,873,0.009259
16,874,0.000000
16,875,0.009450
16,876,0.009911
16,877,0.000000
16,878,0.009048
16,879,0.000000
16,880,0.010613
16,881,0.000000
16,882,0.000000
16,883,0.000000
16,884,0.000000
16,885,0.000000
16,886,0.000000
16,887,0.008748
16,888,0.000000
16,889,0.000000
16,890,0.009575
16,891,0.000000
16,892,0.008863
16,893,0.000000
16,894,0.008425
16,895,0.008323
16,896,0.009100
16,897,0.000000
16,898,0.008909
16,899,0.000000
16,900,0.000000
16,901,0.009411
16,902,0.000000
16,903,0.008473
16,904,0.008550
16,905,0.000000
16,906,0.000000
16,907,0.000000
16,908,0.000000
16,909,0.008975
16,910,0.010085
16,911,0.008788
16,912,0.009388
16,913,0.000000
16,914,0.000000
16,915,0.000000
16,916,0.008675
16,917,0.000000
16,918,0.008573
16,919,0.000000
16,920,0.008736
16,921,0.000000
16,922,0.000000
16,923,0.000000
16,924,0.000000
16,925,0.000000
16,926,0.000000
16,927,0.009200
16,928,0.000000
16,929,0.000000
16,930,0.000000
16,931,0.000000
16,932,0.009238
16,933,0.000000
16,934,0.000000
16,935,0.000000
16,936,0.000000
16,937,0.000000
16,938,0.000000
16,939,0.000000
16,940,0.000000
16,941,0.000000
16,942,0.008463
16,943,0.009275
16,944,0.000000
16,945,0.000000
16,946,0.000000
16,947,0.008986
16,948,0.000000
16,949,0.000000
16,950,0.000000
16,951,0.008498
16,952,0.000000
16,953,0.000000
16,954,0.000000
16,955,0.000000
16,956,0.000000
16,957,0.000000
16,958,0.000000
16,959,0.000000
16,960,0.000000
16,961,0.000000
16,962,0.000000
16,963,0.000000
16,964,0.000000
16,965,0.000000
16,966,0.000000
16,967,0.007861
16,968,0.000000
16,969,0.000000
16,970,0.000000
16,971,0.008700
16,972,0.008111
16,973,0.000000
16,974,0.000000
16,975,0.000000
16,976,0.000000
16,977,0.000000
16,978,0.000000
16,979,0.000000
16,980,0.000000
16,981,0.000000
16,982,0.000000
16,983,0.000000
16,984,0.000000
16,985,0.000000
16,986,0.000000
16,987,0.000000
16,988,0.000000
16,989,0.000000
16,990,0.000000
16,991,0.000000
16,992,0.000000
16,993,0.008463
16,994,0.000000
16,995,0.000000
16,996,0.000000
16,997,0.009061
16,998,0.000000
16,999,0.009100
16,1000,0.000000
16,1001,0.000000
16,1002,0.000000
16,1003,0.000000
16,1004,0.000000
16,1005,0.000000
16,1006,0.000000
16,1007,0.000000
16,1008,0.000000
16,1009,0.008136
16,1010,0.000000
16,1011,0.000000
16,1012,0.008198
16,1013,0.000000
16,1014,0.000000
16,1015,0.000000
16,1016,0.000000
16,1017,0.007238
16,1018,0.008223
16,1019,0.000000
16,1020,0.008225
16,1021,0.000000
16,1022,0.000000
16,1023,0.000000
16,1024,0.000000
16,1025,0.007938
16,1026,0.000000
16,1027,0.000000
16,1028,0.000000
16,1029,0.000000
16,1030,0.000000
16,1031,0.000000
16,1032,0.000000
16,1033,0.000000
16,1034,0.000000
16,1035,0.000000
16,1036,0.000000
16,1037,0.000000
16,1038,0.000000
16,1039,0.000000
16,1040,0.000000
16,1041,0.000000
16,1042,0.000000
16,1043,0.000000
16,1044,0.000000
16,1045,0.000000
16,1046,0.008187
16,1047,0.000000
16,1048,0.000000
16,1049,0.000000
16,1050,0.009086
16,1051,0.000000
16,1052,0.007775
16,1053,0.000000
16,1054,0.000000
16,1055,0.000000
16,1056,0.000000
16,1057,0.007648
16,1058,0.000000
16,1059,0.000000
16,1060,0.000000
16,1061,0.000000
16,1062,0.000000
16,1063,0.000000
16,1064,0.000000
16,1065,0.000000
16,1066,0.000000
16,1067,0.000000
16,1068,0.000000
16,1069,0.000000
16,1070,0.000000
16,1071,0.000000
16,1072,0.000000
16,1073,0.007698
16,1074,0.000000
16,1075,0.000000
16,1076,0.000000
16,1077,0.000000
16,1078,0.008450
16,1079,0.007137
16,1080,0.000000
16,1081,0.000000
16,1082,0.000000
16,1083,0.000000
16,1084,0.000000
16,1085,0.000000
16,1086,0.000000
16,1087,0.000000
16,1088,0.000000
16,1089,0.000000
16,1090,0.000000
16,1091,0.000000
16,1092,0.000000
16,1093,0.000000
16,1094,0.000000
16,1095,0.000000
16,1096,0.000000
16,1097,0.000000
16,1098,0.007111
16,1099,0.000000
16,1100,0.000000
16,1101,0.007812
16,1102,0.007088
16,1103,0.000000
16,1104,0.000000
16,1105,0.008663
16,1106,0.000000
16,1107,0.000000
16,1108,0.000000
16,1109,0.000000
16,1110,0.000000
16,1111,0.000000
16,1112,0.007186
16,1113,0.000000
16,1114,0.000000
16,1115,0.000000
16,1116,0.000000
16,1117,0.000000
16,1118,0.000000
16,1119,0.000000
16,1120,0.008286
16,1121,0.000000
16,1122,0.000000
16,1123,0.000000
16,1124,0.000000
16,1125,0.000000
16,1126,0.000000
16,1127,0.000000
16,1128,0.000000
16,1129,0.000000
16,1130,0.000000
16,1131,0.000000
16,1132,0.000000
16,1133,0.000000
16,1134,0.000000
16,1135,0.000000
16,1136,0.000000
16,1137,0.000000
16,1138,0.000000
16,1139,0.007249
16,1140,0.000000
16,1141,0.000000
16,1142,0.000000
16,1143,0.000000
16,1144,0.000000
16,1145,0.000000
16,1146,0.000000
16,1147,0.000000
16,1148,0.006636
16,1149,0.007612
16,1150,0.000000
16,1151,0.000000
16,1152,0.000000
16,1153,0.000000
16,1154,0.000000
16,1155,0.000000
16,1156,0.000000
16,1157,0.000000
16,1158,0.000000
16,1159,0.007450
16,1160,0.000000
16,1161,0.000000
16,1162,0.000000
16,1163,0.000000
16,1164,0.000000
16,1165,0.006863
16,1166,0.000000
16,1167,0.000000
16,1168,0.000000
16,1169,0.000000
16,1170,0.000000
16,1171,0.000000
16,1172,0.000000
16,1173,0.006837
16,1174,0.000000
16,1175,0.007163
16,1176,0.000000
16,1177,0.000000
16,1178,0.000000
16,1179,0.006850
16,1180,0.000000
16,1181,0.000000
16,1182,0.000000
16,1183,0.000000
16,1184,0.006261
16,1185,0.000000
16,1186,0.000000
16,1187,0.006888
16,1188,0.000000
16,1189,0.000000
16,1190,0.007262
16,1191,0.000000
16,1192,0.006525
16,1193,0.000000
16,1194,0.000000
16,1195,0.000000
16,1196,0.000000
16,1197,0.000000
16,1198,0.006563
16,1199,0.000000
16,1200,0.006938
16,1201,0.000000
16,1202,0.000000
16,1203,0.000000
16,1204,0.000000
16,1205,0.000000
16,1206,0.007312
16,1207,0.000000
16,1208,0.000000
16,1209,0.000000
16,1210,0.000000
16,1211,0.000000
16,1212,0.000000
16,1213,0.007061
16,1214,0.000000
16,1215,0.000000
16,1216,0.000000
16,1217,0.000000
16,1218,0.000000
16,1219,0.000000
16,1220,0.000000
16,1221,0.000000
16,1222,0.000000
16,1223,0.000000
16,1224,0.000000
16,1225,0.000000
16,1226,0.000000
16,1227,0.006500
16,1228,0.006575
16,1229,0.000000
16,1230,0.006975
16,1231,0.000000
16,1232,0.000000
16,1233,0.000000
16,1234,0.000000
16,1235,0.000000
16,1236,0.000000
16,1237,0.000000
16,1238,0.000000
16,1239,0.005985
16,1240,0.000000
16,1241,0.000000
16,1242,0.000000
16,1243,0.000000
16,1244,0.007250
16,1245,0.007372
16,1246,0.000000
16,1247,0.000000
16,1248,0.000000
16,1249,0.000000
16,1250,0.006613
16,1251,0.000000
16,1252,0.000000
16,1253,0.000000
16,1254,0.000000
16,1255,0.000000
16,1256,0.006413
16,1257,0.000000
16,1258,0.006450
16,1259,0.000000
16,1260,0.000000
16,1261,0.000000
16,1262,0.000000
16,1263,0.000000
16,1264,0.006761
16,1265,0.000000
16,1266,0.000000
16,1267,0.000000
16,1268,0.006311
16,1269,0.000000
16,1270,0.000000
16,1271,0.000000
16,1272,0.000000
16,1273,0.000000
16,1274,0.000000
16,1275,0.000000
16,1276,0.006450
16,1277,0.000000
16,1278,0.000000
16,1279,0.000000
16,1280,0.006336
16,1281,0.000000
16,1282,0.000000
16,1283,0.000000
16,1284,0.006061
16,1285,0.000000
16,1286,0.000000
16,1287,0.000000
16,1288,0.000000
16,1289,0.000000
16,1290,0.000000
16,1291,0.000000
16,1292,0.000000
16,1293,0.000000
16,1294,0.005975
16,1295,0.000000
16,1296,0.000000
16,1297,0.000000
16,1298,0.000000
16,1299,0.000000
16,1300,0.006361
16,1301,0.000000
16,1302,0.000000
16,1303,0.006013
16,1304,0.005849
16,1305,0.000000
16,1306,0.000000
16,1307,0.000000
16,1308,0.000000
16,1309,0.005888
16,1310,0.000000
16,1311,0.000000
16,1312,0.000000
16,1313,0.000000
16,1314,0.000000
16,1315,0.005936
16,1316,0.000000
16,1317,0.000000
16,1318,0.006136
16,1319,0.000000
16,1320,0.000000
16,1321,0.000000
16,1322,0.000000
16,1323,0.000000
16,1324,0.000000
16,1325,0.000000
16,1326,0.000000
16,1327,0.000000
16,1328,0.006687
16,1329,0.000000
16,1330,0.000000
16,1331,0.000000
16,1332,0.000000
16,1333,0.000000
16,1334,0.000000
16,1335,0.000000
16,1336,0.000000
16,1337,0.000000
16,1338,0.000000
16,1339,0.000000
16,1340,0.000000
16,1341,0.005461
16,1342,0.000000
16,1343,0.000000
16,1344,0.000000
16,1345,0.000000
16,1346,0.006399
16,1347,0.000000
16,1348,0.000000
16,1349,0.000000
16,1350,0.006736
16,1351,0.000000
16,1352,0.000000
16,1353,0.000000
16,1354,0.000000
16,1355,0.000000
16,1356,0.000000
16,1357,0.000000
16,1358,0.000000
16,1359,0.000000
16,1360,0.000000
16,1361,0.005863
16,1362,0.006712
16,1363,0.000000
16,1364,0.000000
16,1365,0.000000
16,1366,0.000000
16,1367,0.000000
16,1368,0.000000
16,1369,0.000000
16,1370,0.000000
16,1371,0.000000
16,1372,0.000000
16,1373,0.000000
16,1374,0.005800
16,1375,0.000000
16,1376,0.005649
16,1377,0.000000
16,1378,0.000000
16,1379,0.000000
16,1380,0.000000
16,1381,0.000000
16,1382,0.000000
16,1383,0.000000
16,1384,0.005987
16,1385,0.000000
16,1386,0.000000
16,1387,0.000000
16,1388,0.000000
16,1389,0.000000
16,1390,0.000000
16,1391,0.000000
16,1392,0.000000
16,1393,0.005650
16,1394,0.000000
16,1395,0.000000
16,1396,0.000000
16,1397,0.000000
16,1398,0.000000
16,1399,0.000000
16,1400,0.000000
16,1401,0.000000
16,1402,0.000000
16,1403,0.000000
16,1404,0.000000
16,1405,0.000000
16,1406,0.000000
16,1407,0.000000
16,1408,0.000000
16,1409,0.000000
16,1410,0.005863
16,1411,0.000000
16,1412,0.000000
16,1413,0.005338
16,1414,0.000000
16,1415,0.000000
16,1416,0.000000
16,1417,0.000000
16,1418,0.000000
16,1419,0.000000
16,1420,0.000000
16,1421,0.000000
16,1422,0.000000
16,1423,0.000000
16,1424,0.000000
16,1425,0.000000
16,1426,0.005388
16,1427,0.000000
16,1428,0.005537
16,1429,0.000000
16,1430,0.005636
16,1431,0.000000
16,1432,0.000000
16,1433,0.000000
16,1434,0.000000
16,1435,0.000000
16,1436,0.000000
16,1437,0.000000
16,1438,0.000000
16,1439,0.000000
16,1440,0.000000
16,1441,0.000000
16,1442,0.000000
16,1443,0.000000
16,1444,0.000000
16,1445,0.000000
16,1446,0.000000
16,1447,0.000000
16,1448,0.000000
16,1449,0.000000
16,1450,0.000000
16,1451,0.000000
16,1452,0.000000
16,1453,0.000000
16,1454,0.005175
16,1455,0.000000
16,1456,0.000000
16,1457,0.000000
16,1458,0.000000
16,1459,0.000000
16,1460,0.000000
16,1461,0.000000
16,1462,0.000000
16,1463,0.000000
16,1464,0.000000
16,1465,0.000000
16,1466,0.000000
16,1467,0.000000
16,1468,0.000000
16,1469,0.000000
16,1470,0.005850
16,1471,0.000000
16,1472,0.000000
16,1473,0.005662
16,1474,0.000000
16,1475,0.000000
16,1476,0.000000
16,1477,0.000000
16,1478,0.000000
16,1479,0.000000
16,1480,0.000000
16,1481,0.000000
16,1482,0.000000
16,1483,0.000000
16,1484,0.000000
16,1485,0.000000
16,1486,0.000000
16,1487,0.000000
16,1488,0.000000
16,1489,0.000000
16,1490,0.000000
16,1491,0.000000
16,1492,0.000000
16,1493,0.000000
16,1494,0.000000
16,1495,0.000000
16,1496,0.005563
16,1497,0.000000
16,1498,0.000000
16,1499,0.000000
16,1500,0.000000
16,1501,0.000000
16,1502,0.000000
16,1503,0.000000
16,1504,0.000000
16,1505,0.005237
16,1506,0.000000
16,1507,0.005463
16,1508,0.000000
16,1509,0.000000
16,1510,0.000000
16,1511,0.000000
16,1512,0.000000
16,1513,0.000000
16,1514,0.005661
16,1515,0.000000
16,1516,0.000000
16,1517,0.000000
16,1518,0.000000
16,1519,0.000000
16,1520,0.000000
16,1521,0.000000
16,1522,0.000000
16,1523,0.000000
16,1524,0.000000
16,1525,0.000000
16,1526,0.000000
16,1527,0.000000
16,1528,0.000000
16,1529,0.000000
16,1530,0.000000
16,1531,0.000000
16,1532,0.000000
16,1533,0.005348
16,1534,0.000000
16,1535,0.000000
16,1536,0.000000
16,1537,0.000000
16,1538,0.000000
16,1539,0.000000
16,1540,0.000000
16,1541,0.005262
16,1542,0.000000
16,1543,0.005825
16,1544,0.005100
16,1545,0.000000
16,1546,0.000000
16,1547,0.000000
16,1548,0.000000
16,1549,0.000000
16,1550,0.000000
16,1551,0.000000
16,1552,0.000000
16,1553,0.000000
16,1554,0.000000
16,1555,0.000000
16,1556,0.000000
16,1557,0.005375
16,1558,0.000000
16,1559,0.000000
16,1560,0.000000
16,1561,0.000000
16,1562,0.000000
16,1563,0.005175
16,1564,0.000000
16,1565,0.000000
16,1566,0.000000
16,1567,0.000000
16,1568,0.005038
16,1569,0.000000
16,1570,0.005250
16,1571,0.000000
16,1572,0.000000
16,1573,0.000000
16,1574,0.000000
16,1575,0.000000
16,1576,0.000000
16,1577,0.000000
16,1578,0.000000
16,1579,0.000000
16,1580,0.005685
16,1581,0.000000
16,1582,0.000000
16,1583,0.000000
16,1584,0.004775
16,1585,0.000000
16,1586,0.000000
16,1587,0.000000
16,1588,0.005549
16,1589,0.000000
16,1590,0.005050
16,1591,0.000000
16,1592,0.005436
16,1593,0.000000
16,1594,0.000000
16,1595,0.000000
16,1596,0.000000
16,1597,0.000000
16,1598,0.004825
16,1599,0.000000
16,1600,0.004637
16,1601,0.000000
16,1602,0.000000
16,1603,0.000000
16,1604,0.000000
16,1605,0.000000
16,1606,0.000000
16,1607,0.004962
16,1608,0.000000
16,1609,0.004737
16,1610,0.000000
16,1611,0.000000
16,1612,0.000000
16,1613,0.000000
16,1614,0.005336
16,1615,0.000000
16,1616,0.000000
16,1617,0.000000
16,1618,0.004775
16,1619,0.000000
16,1620,0.000000
16,1621,0.000000
16,1622,0.000000
16,1623,0.000000
16,1624,0.000000
16,1625,0.000000
16,1626,0.000000
16,1627,0.000000
16,1628,0.000000
16,1629,0.005924
16,1630,0.000000
16,1631,0.004912
16,1632,0.004938
16,1633,0.000000
16,1634,0.000000
16,1635,0.000000
16,1636,0.000000
16,1637,0.000000
16,1638,0.000000
16,1639,0.000000
16,1640,0.000000
16,1641,0.000000
16,1642,0.004950
16,1643,0.000000
16,1644,0.000000
16,1645,0.000000
16,1646,0.000000
16,1647,0.000000
16,1648,0.000000
16,1649,0.000000
16,1650,0.000000
16,1651,0.000000
16,1652,0.000000
16,1653,0.000000
16,1654,0.000000
16,1655,0.000000
16,1656,0.000000
16,1657,0.000000
16,1658,0.000000
16,1659,0.000000
16,1660,0.000000
16,1661,0.005049
16,1662,0.000000
16,1663,0.004387
16,1664,0.000000
16,1665,0.000000
16,1666,0.000000
16,1667,0.000000
16,1668,0.000000
16,1669,0.000000
16,1670,0.000000
16,1671,0.000000
16,1672,0.005236
16,1673,0.000000
16,1674,0.000000
16,1675,0.000000
16,1676,0.000000
16,1677,0.000000
16,1678,0.000000
16,1679,0.000000
16,1680,0.000000
16,1681,0.000000
16,1682,0.000000
16,1683,0.000000
16,1684,0.000000
16,1685,0.000000
16,1686,0.000000
16,1687,0.000000
16,1688,0.000000
16,1689,0.000000
16,1690,0.000000
16,1691,0.000000
16,1692,0.000000
16,1693,0.000000
16,1694,0.000000
16,1695,0.000000
16,1696,0.000000
16,1697,0.004650
16,1698,0.000000
16,1699,0.000000
16,1700,0.000000
16,1701,0.000000
16,1702,0.000000
16,1703,0.062500
16,1704,0.000000
16,1705,0.000000
16,1706,0.000000
16,1707,0.000000
16,1708,0.000000
16,1709,0.000000
16,1710,0.000000
16,1711,0.004425
16,1712,0.000000
16,1713,0.000000
16,1714,0.000000
16,1715,0.000000
16,1716,0.004524
16,1717,0.000000
16,1718,0.000000
16,1719,0.000000
16,1720,0.000000
16,1721,0.000000
16,1722,0.000000
16,1723,0.000000
16,1724,0.000000
16,1725,0.000000
16,1726,0.000000
16,1727,0.000000
16,1728,0.004499
16,1729,0.000000
16,1730,0.000000
16,1731,0.004575
16,1732,0.000000
16,1733,0.000000
16,1734,0.000000
16,1735,0.000000
16,1736,0.000000
16,1737,0.000000
16,1738,0.000000
16,1739,0.000000
16,1740,0.000000
16,1741,0.004687
16,1742,0.000000
16,1743,0.005088
16,1744,0.000000
16,1745,0.005099
16,1746,0.000000
16,1747,0.004788
16,1748,0.000000
16,1749,0.000000
16,1750,0.000000
16,1751,0.000000
16,1752,0.000000
16,1753,0.000000
16,1754,0.000000
16,1755,0.000000
16,1756,0.005175
16,1757,0.000000
16,1758,0.000000
16,1759,0.004038
16,1760,0.000000
16,1761,0.000000
16,1762,0.003949
16,1763,0.000000
16,1764,0.000000
16,1765,0.004149
16,1766,0.000000
16,1767,0.000000
16,1768,0.000000
16,1769,0.004075
16,1770,0.000000
16,1771,0.000000
16,1772,0.000000
16,1773,0.000000
16,1774,0.000000
16,1775,0.000000
16,1776,0.000000
16,1777,0.000000
16,1778,0.000000
16,1779,0.000000
16,1780,0.000000
16,1781,0.000000
16,1782,0.000000
16,1783,0.000000
16,1784,0.000000
16,1785,0.000000
16,1786,0.000000
16,1787,0.000000
16,1788,0.000000
16,1789,0.000000
16,1790,0.000000
16,1791,0.000000
16,1792,0.000000
16,1793,0.000000
16,1794,0.000000
16,1795,0.004712
16,1796,0.000000
16,1797,0.000000
16,1798,0.000000
16,1799,0.000000
16,1800,0.004475
16,1801,0.000000
16,1802,0.000000
16,1803,0.000000
16,1804,0.000000
16,1805,0.000000
16,1806,0.000000
16,1807,0.000000
16,1808,0.000000
16,1809,0.000000
16,1810,0.004562
16,1811,0.000000
16,1812,0.000000
16,1813,0.000000
16,1814,0.000000
16,1815,0.000000
16,1816,0.004349
16,1817,0.000000
16,1818,0.000000
16,1819,0.000000
16,1820,0.000000
16,1821,0.000000
16,1822,0.000000
16,1823,0.000000
16,1824,0.000000
16,1825,0.000000
16,1826,0.000000
16,1827,0.000000
16,1828,0.000000
16,1829,0.000000
16,1830,0.000000
16,1831,0.000000
16,1832,0.000000
16,1833,0.000000
16,1834,0.000000
16,1835,0.000000
16,1836,0.004974
16,1837,0.000000
16,1838,0.000000
16,1839,0.004399
16,1840,0.000000
16,1841,0.000000
16,1842,0.000000
16,1843,0.000000
16,1844,0.000000
16,1845,0.000000
16,1846,0.000000
16,1847,0.000000
16,1848,0.000000
16,1849,0.000000
16,1850,0.000000
16,1851,0.000000
16,1852,0.000000
16,1853,0.000000
16,1854,0.004500
16,1855,0.000000
16,1856,0.000000
16,1857,0.000000
16,1858,0.000000
16,1859,0.000000
16,1860,0.000000
16,1861,0.000000
16,1862,0.000000
16,1863,0.005188
16,1864,0.000000
16,1865,0.000000
16,1866,0.000000
16,1867,0.000000
16,1868,0.004537
16,1869,0.000000
16,1870,0.004649
16,1871,0.000000
16,1872,0.000000
16,1873,0.000000
16,1874,0.000000
16,1875,0.000000
16,1876,0.000000
16,1877,0.000000
16,1878,0.000000
16,1879,0.000000
16,1880,0.000000
16,1881,0.000000
16,1882,0.004450
16,1883,0.000000
16,1884,0.004175
16,1885,0.000000
16,1886,0.003948
16,1887,0.000000
16,1888,0.000000
16,1889,0.000000
16,1890,0.000000
16,1891,0.000000
16,1892,0.000000
16,1893,0.000000
16,1894,0.000000
16,1895,0.000000
16,1896,0.000000
16,1897,0.000000
16,1898,0.000000
16,1899,0.000000
16,1900,0.000000
16,1901,0.000000
16,1902,0.000000
16,1903,0.000000
16,1904,0.000000
16,1905,0.004062
16,1906,0.000000
16,1907,0.000000
16,1908,0.000000
16,1909,0.000000
16,1910,0.000000
16,1911,0.000000
16,1912,0.000000
16,1913,0.000000
16,1914,0.000000
16,1915,0.000000
16,1916,0.000000
16,1917,0.000000
16,1918,0.000000
16,1919,0.000000
16,1920,0.000000
16,1921,0.000000
16,1922,0.000000
16,1923,0.000000
16,1924,0.004212
16,1925,0.000000
16,1926,0.000000
16,1927,0.000000
16,1928,0.000000
16,1929,0.000000
16,1930,0.000000
16,1931,0.000000
16,1932,0.000000
16,1933,0.000000
16,1934,0.000000
16,1935,0.000000
16,1936,0.000000
16,1937,0.000000
16,1938,0.000000
16,1939,0.000000
16,1940,0.000000
16,1941,0.000000
16,1942,0.000000
16,1943,0.000000
16,1944,0.000000
16,1945,0.000000
16,1946,0.000000
16,1947,0.000000
16,1948,0.000000
16,1949,0.000000
16,1950,0.000000
16,1951,0.000000
16,1952,0.004275
16,1953,0.000000
16,1954,0.000000
16,1955,0.000000
16,1956,0.003762
16,1957,0.000000
16,1958,0.000000
16,1959,0.004500
16,1960,0.003875
16,1961,0.000000
16,1962,0.000000
16,1963,0.000000
16,1964,0.000000
16,1965,0.000000
16,1966,0.000000
16,1967,0.000000
16,1968,0.000000
16,1969,0.000000
16,1970,0.000000
16,1971,0.000000
16,1972,0.000000
16,1973,0.000000
16,1974,0.000000
16,1975,0.000000
16,1976,0.000000
16,1977,0.000000
16,1978,0.000000
16,1979,0.004237
16,1980,0.000000
16,1981,0.000000
16,1982,0.000000
16,1983,0.000000
16,1984,0.000000
16,1985,0.000000
16,1986,0.000000
16,1987,0.000000
16,1988,0.000000
16,1989,0.004213
16,1990,0.000000
16,1991,0.000000
16,1992,0.000000
16,1993,0.000000
16,1994,0.000000
16,1995,0.003462
16,1996,0.000000
16,1997,0.000000
16,1998,0.000000
16,1999,0.000000
16,2000,0.000000
16,2001,0.000000
16,2002,0.000000
16,2003,0.000000
16,2004,0.000000
16,2005,0.000000
16,2006,0.000000
16,2007,0.000000
16,2008,0.000000
16,2009,0.000000
16,2010,0.000000
16,2011,0.004188
16,2012,0.000000
16,2013,0.000000
16,2014,0.000000
16,2015,0.000000
16,2016,0.000000
16,2017,0.000000
16,2018,0.000000
16,2019,0.000000
16,2020,0.003974
16,2021,0.000000
16,2022,0.000000
16,2023,0.000000
16,2024,0.000000
16,2025,0.000000
16,2026,0.000000
16,2027,0.000000
16,2028,0.000000
16,2029,0.000000
16,2030,0.000000
16,2031,0.000000
16,2032,0.000000
16,2033,0.000000
16,2034,0.003838
16,2035,0.000000
16,2036,0.000000
16,2037,0.000000
16,2038,0.000000
16,2039,0.004312
16,2040,0.000000
16,2041,0.000000
16,2042,0.000000
16,2043,0.000000
16,2044,0.000000
16,2045,0.000000
16,2046,0.000000
16,2047,0.000000
16,2048,0.000000
32,1,0.955295
32,2,0.940689
32,3,0.907197
32,4,0.916295
32,5,0.875000
32,6,0.841797
32,7,0.841619
32,8,0.814787
32,9,0.783333
32,10,0.751953
32,11,0.752841
32,12,0.784157
32,13,0.776786
32,14,0.716071
32,15,0.716071
32,16,0.716797
32,17,0.713710
32,18,0.689732
32,19,0.652261
32,20,0.688920
32,21,0.688101
32,22,0.591667
32,23,0.593750
32,24,0.621528
32,25,0.596955
32,26,0.532895
32,27,0.559176
32,28,0.560096
32,29,0.618140
32,30,0.595000
32,31,0.563920
32,32,0.538955
32,33,0.467262
32,34,0.468750
32,35,0.501202
32,36,0.493566
32,37,0.497533
32,38,0.506188
32,39,0.498698
32,40,0.501157
32,41,0.467376
32,42,0.494518
32,43,0.507902
32,44,0.409135
32,45,0.430108
32,46,0.433877
32,47,0.467593
32,48,0.375977
32,49,0.342548
32,50,0.438477
32,51,0.345353
32,52,0.407774
32,53,0.403343
32,54,0.415848
32,55,0.314495
32,56,0.379401
32,57,0.281250
32,58,0.250000
32,59,0.406250
32,60,0.339602
32,61,0.367126
32,62,0.341463
32,63,0.250000
32,64,0.343750
32,65,0.343750
32,66,0.310156
32,67,0.342076
32,68,0.315290
32,69,0.376838
32,70,0.312500
32,71,0.343750
32,72,0.281250
32,73,0.282812
32,74,0.343750
32,75,0.278090
32,76,0.343750
32,77,0.281250
32,78,0.277530
32,79,0.278533
32,80,0.252694
32,81,0.284771
32,82,0.062500
32,83,0.187500
32,84,0.187500
32,85,0.248750
32,86,0.251359
32,87,0.250000
32,88,0.278072
32,89,0.218750
32,90,0.218750
32,91,0.218750
32,92,0.245536
32,93,0.260266
32,94,0.218750
32,95,0.244213
32,96,0.250947
32,97,0.244792
32,98,0.222481
32,99,0.210543
32,100,0.206134
32,101,0.125000
32,102,0.209323
32,103,0.093750
32,104,0.250000
32,105,0.188368
32,106,0.192526
32,107,0.192925
32,108,0.191317
32,109,0.184619
32,110,0.189693
32,111,0.062500
32,112,0.157366
32,113,0.187769
32,114,0.183880
32,115,0.184436
32,116,0.177841
32,117,0.186553
32,118,0.125000
32,119,0.188125
32,120,0.179427
32,121,0.152261
32,122,0.162126
32,123,0.152685
32,124,0.155258
32,125,0.125000
32,126,0.156250
32,127,0.161885
32,128,0.031250
32,129,0.155864
32,130,0.153465
32,131,0.190945
32,132,0.155331
32,133,0.151786
32,134,0.157169
32,135,0.187500
32,136,0.155469
32,137,0.220238
32,138,0.125000
32,139,0.125000
32,140,0.031250
32,141,0.154070
32,142,0.146124
32,143,0.156250
32,144,0.125000
32,145,0.134707
32,146,0.062500
32,147,0.126126
32,148,0.126433
32,149,0.127307
32,150,0.125428
32,151,0.122222
32,152,0.062500
32,153,0.062500
32,154,0.093750
32,155,0.129051
32,156,0.119565
32,157,0.126234
32,158,0.122259
32,159,0.129561
32,160,0.122768
32,161,0.125515
32,162,0.156863
32,163,0.125000
32,164,0.125852
32,165,0.062500
32,166,0.126680
32,167,0.062500
32,168,0.093750
32,169,0.125561
32,170,0.031250
32,171,0.031250
32,172,0.116037
32,173,0.125000
32,174,0.062500
32,175,0.117712
32,176,0.125000
32,177,0.122003
32,178,0.112303
32,179,0.106971
32,180,0.062500
32,181,0.093099
32,182,0.062500
32,183,0.123355
32,184,0.093750
32,185,0.062500
32,186,0.094444
32,187,0.062500
32,188,0.093750
32,189,0.090517
32,190,0.094783
32,191,0.097362
32,192,0.093750
32,193,0.125000
32,194,0.093750
32,195,0.124138
32,196,0.095997
32,197,0.062500
32,198,0.113474
32,199,0.096082
32,200,0.093149
32,201,0.092997
32,202,0.062500
32,203,0.093750
32,204,0.092905
32,205,0.093750
32,206,0.094298
32,207,0.093750
32,208,0.125000
32,209,0.094210
32,210,0.093254
32,211,0.093750
32,212,0.031250
32,213,0.092831
32,214,0.094050
32,215,0.062500
32,216,0.095210
32,217,0.062500
32,218,0.062500
32,219,0.093364
32,220,0.125000
32,221,0.088490
32,222,0.094828
32,223,0.093750
32,224,0.095274
32,225,0.062500
32,226,0.062500
32,227,0.086866
32,228,0.062500
32,229,0.031250
32,230,0.093177
32,231,0.062500
32,232,0.082696
32,233,0.000000
32,234,0.093750
32,235,0.087163
32,236,0.031250
32,237,0.062500
32,238,0.062500
32,239,0.093750
32,240,0.062500
32,241,0.062500
32,242,0.076525
32,243,0.062500
32,244,0.062500
32,245,0.085714
32,246,0.079672
32,247,0.077646
32,248,0.076625
32,249,0.031250
32,250,0.031250
32,251,0.000000
32,252,0.062500
32,253,0.062500
32,254,0.093750
32,255,0.031250
32,256,0.093750
32,257,0.080152
32,258,0.062500
32,259,0.064291
32,260,0.093750
32,261,0.075546
32,262,0.031250
32,263,0.071228
32,264,0.093056
32,265,0.075233
32,266,0.062500
32,267,0.000000
32,268,0.093254
32,269,0.062500
32,270,0.063457
32,271,0.031250
32,272,0.000000
32,273,0.000000
32,274,0.031250
32,275,0.069808
32,276,0.062960
32,277,0.031250
32,278,0.031250
32,279,0.062500
32,280,0.031250
32,281,0.093750
32,282,0.062500
32,283,0.068314
32,284,0.061567
32,285,0.062500
32,286,0.062500
32,287,0.031250
32,288,0.031250
32,289,0.063508
32,290,0.062500
32,291,0.062500
32,292,0.062500
32,293,0.062500
32,294,0.062816
32,295,0.031250
32,296,0.093750
32,297,0.000000
32,298,0.031250
32,299,0.031250
32,300,0.059896
32,301,0.031250
32,302,0.031250
32,303,0.064463
32,304,0.058435
32,305,0.062500
32,306,0.063281
32,307,0.031250
32,308,0.031250
32,309,0.031250
32,310,0.031250
32,311,0.000000
32,312,0.031250
32,313,0.031250
32,314,0.062627
32,315,0.058310
32,316,0.062500
32,317,0.059411
32,318,0.063702
32,319,0.060587
32,320,0.062500
32,321,0.031250
32,322,0.063846
32,323,0.031250
32,324,0.062500
32,325,0.064097
32,326,0.031250
32,327,0.060673
32,328,0.061899
32,329,0.061961
32,330,0.000000
32,331,0.031250
32,332,0.051420
32,333,0.062500
32,334,0.062500
32,335,0.056713
32,336,0.062500
32,337,0.031250
32,338,0.093750
32,339,0.031250
32,340,0.000000
32,341,0.055717
32,342,0.031250
32,343,0.053577
32,344,0.031250
32,345,0.062500
32,346,0.055523
32,347,0.052985
32,348,0.053607
32,349,0.031250
32,350,0.051776
32,351,0.062500
32,352,0.062500
32,353,0.031250
32,354,0.052626
32,355,0.031250
32,356,0.048246
32,357,0.054148
32,358,0.062500
32,359,0.063030
32,360,0.052042
32,361,0.031250
32,362,0.000000
32,363,0.062500
32,364,0.031250
32,365,0.051234
32,366,0.000000
32,367,0.062500
32,368,0.031250
32,369,0.031250
32,370,0.031250
32,371,0.052816
32,372,0.031250
32,373,0.062500
32,374,0.031250
32,375,0.031250
32,376,0.062500
32,377,0.031250
32,378,0.031250
32,379,0.045897
32,380,0.031250
32,381,0.048050
32,382,0.093750
32,383,0.063090
32,384,0.047763
32,385,0.031250
32,386,0.031250
32,387,0.050572
32,388,0.046941
32,389,0.062500
32,390,0.031250
32,391,0.031250
32,392,0.031250
32,393,0.031250
32,394,0.047841
32,395,0.031250
32,396,0.031250
32,397,0.046762
32,398,0.045752
32,399,0.062500
32,400,0.031250
32,401,0.044411
32,402,0.052970
32,403,0.044863
32,404,0.049104
32,405,0.031250
32,406,0.031250
32,407,0.031250
32,408,0.031250
32,409,0.031250
32,410,0.031250
32,411,0.041880
32,412,0.031250
32,413,0.031250
32,414,0.041895
32,415,0.046950
32,416,0.031250
32,417,0.062500
32,418,0.031250
32,419,0.031250
32,420,0.049941
32,421,0.046562
32,422,0.041886
32,423,0.031250
32,424,0.031250
32,425,0.031250
32,426,0.031250
32,427,0.041821
32,428,0.031250
32,429,0.042786
32,430,0.000000
32,431,0.031250
32,432,0.031250
32,433,0.000000
32,434,0.040767
32,435,0.043931
32,436,0.043897
32,437,0.031250
32,438,0.031250
32,439,0.039762
32,440,0.031250
32,441,0.040171
32,442,0.038613
32,443,0.043425
32,444,0.041166
32,445,0.031250
32,446,0.043547
32,447,0.031250
32,448,0.039650
32,449,0.000000
32,450,0.031250
32,451,0.031250
32,452,0.031250
32,453,0.037316
32,454,0.031250
32,455,0.031250
32,456,0.031250
32,457,0.031250
32,458,0.062500
32,459,0.000000
32,460,0.031250
32,461,0.031250
32,462,0.042836
32,463,0.031250
32,464,0.000000
32,465,0.000000
32,466,0.031250
32,467,0.031250
32,468,0.037795
32,469,0.031250
32,470,0.031250
32,471,0.031250
32,472,0.041317
32,473,0.031250
32,474,0.031250
32,475,0.038831
32,476,0.031250
32,477,0.042365
32,478,0.039883
32,479,0.031250
32,480,0.038609
32,481,0.031250
32,482,0.031250
32,483,0.031250
32,484,0.031250
32,485,0.040845
32,486,0.031250
32,487,0.062500
32,488,0.035019
32,489,0.038152
32,490,0.031250
32,491,0.000000
32,492,0.031250
32,493,0.000000
32,494,0.031250
32,495,0.041439
32,496,0.031250
32,497,0.031250
32,498,0.000000
32,499,0.031627
32,500,0.035427
32,501,0.031250
32,502,0.000000
32,503,0.000000
32,504,0.031250
32,505,0.031250
32,506,0.031250
32,507,0.031250
32,508,0.036259
32,509,0.040317
32,510,0.031250
32,511,0.036614
32,512,0.031250
32,513,0.000000
32,514,0.031684
32,515,0.036400
32,516,0.031250
32,517,0.034199
32,518,0.031622
32,519,0.033996
32,520,0.031250
32,521,0.031250
32,522,0.031250
32,523,0.000000
32,524,0.031250
32,525,0.034195
32,526,0.031250
32,527,0.031250
32,528,0.031250
32,529,0.000000
32,530,0.031250
32,531,0.031250
32,532,0.093750
32,533,0.031250
32,534,0.033100
32,535,0.031250
32,536,0.031250
32,537,0.000000
32,538,0.031250
32,539,0.030903
32,540,0.031875
32,541,0.029401
32,542,0.030742
32,543,0.031250
32,544,0.029053
32,545,0.031250
32,546,0.031250
32,547,0.031250
32,548,0.031250
32,549,0.031250
32,550,0.034124
32,551,0.029254
32,552,0.031250
32,553,0.000000
32,554,0.000000
32,555,0.000000
32,556,0.031840
32,557,0.031250
32,558,0.031250
32,559,0.000000
32,560,0.031566
32,561,0.031250
32,562,0.031250
32,563,0.034036
32,564,0.034803
32,565,0.031250
32,566,0.031250
32,567,0.062500
32,568,0.062500
32,569,0.000000
32,570,0.031250
32,571,0.031250
32,572,0.031250
32,573,0.000000
32,574,0.031250
32,575,0.031250
32,576,0.026958
32,577,0.031622
32,578,0.033571
32,579,0.031250
32,580,0.034616
32,581,0.029589
32,582,0.031250
32,583,0.031250
32,584,0.031250
32,585,0.031250
32,586,0.031250
32,587,0.029647
32,588,0.031250
32,589,0.031250
32,590,0.031977
32,591,0.029141
32,592,0.031250
32,593,0.031250
32,594,0.031250
32,595,0.031250
32,596,0.000000
32,597,0.032216
32,598,0.030976
32,599,0.033886
32,600,0.031250
32,601,0.029024
32,602,0.031250
32,603,0.028875
32,604,0.031250
32,605,0.031250
32,606,0.000000
32,607,0.029320
32,608,0.031250
32,609,0.030878
32,610,0.031250
32,611,0.031250
32,612,0.029178
32,613,0.030918
32,614,0.000000
32,615,0.027661
32,616,0.031250
32,617,0.032738
32,618,0.031250
32,619,0.031250
32,620,0.000000
32,621,0.000000
32,622,0.030643
32,623,0.031250
32,624,0.000000
32,625,0.031250
32,626,0.000000
32,627,0.031250
32,628,0.025656
32,629,0.031651
32,630,0.030910
32,631,0.030966
32,632,0.030839
32,633,0.027205
32,634,0.031250
32,635,0.025955
32,636,0.030134
32,637,0.000000
32,638,0.030438
32,639,0.026244
32,640,0.000000
32,641,0.027563
32,642,0.031678
32,643,0.031250
32,644,0.031250
32,645,0.030784
32,646,0.026957
32,647,0.029274
32,648,0.000000
32,649,0.031250
32,650,0.000000
32,651,0.026912
32,652,0.031950
32,653,0.000000
32,654,0.031250
32,655,0.031250
32,656,0.025632
32,657,0.031250
32,658,0.000000
32,659,0.025911
32,660,0.031250
32,661,0.026781
32,662,0.031250
32,663,0.031250
32,664,0.000000
32,665,0.026796
32,666,0.027761
32,667,0.000000
32,668,0.031250
32,669,0.025282
32,670,0.029514
32,671,0.031250
32,672,0.025965
32,673,0.030419
32,674,0.026492
32,675,0.000000
32,676,0.026834
32,677,0.031250
32,678,0.024831
32,679,0.026290
32,680,0.031250
32,681,0.062500
32,682,0.024371
32,683,0.000000
32,684,0.023726
32,685,0.031250
32,686,0.000000
32,687,0.025887
32,688,0.026672
32,689,0.031250
32,690,0.031250
32,691,0.031250
32,692,0.031250
32,693,0.000000
32,694,0.031646
32,695,0.024591
32,696,0.023400
32,697,0.000000
32,698,0.023480
32,699,0.024985
32,700,0.000000
32,701,0.000000
32,702,0.031590
32,703,0.031250
32,704,0.031250
32,705,0.000000
32,706,0.025301
32,707,0.026311
32,708,0.031250
32,709,0.024869
32,710,0.031250
32,711,0.000000
32,712,0.025347
32,713,0.026932
32,714,0.024541
32,715,0.023700
32,716,0.031250
32,717,0.024472
32,718,0.031250
32,719,0.023494
32,720,0.024837
32,721,0.031250
32,722,0.024723
32,723,0.031250
32,724,0.031250
32,725,0.023180
32,726,0.031250
32,727,0.026440
32,728,0.024420
32,729,0.024251
32,730,0.024599
32,731,0.025289
32,732,0.026985
32,733,0.000000
32,734,0.031250
32,735,0.031250
32,736,0.000000
32,737,0.031250
32,738,0.023933
32,739,0.022596
32,740,0.026083
32,741,0.032558
32,742,0.024210
32,743,0.023091
32,744,0.024496
32,745,0.024154
32,746,0.000000
32,747,0.000000
32,748,0.031250
32,749,0.031250
32,750,0.023489
32,751,0.031250
32,752,0.000000
32,753,0.031250
32,754,0.000000
32,755,0.000000
32,756,0.021887
32,757,0.031250
32,758,0.022435
32,759,0.022280
32,760,0.022404
32,761,0.031250
32,762,0.000000
32,763,0.000000
32,764,0.022811
32,765,0.000000
32,766,0.000000
32,767,0.022550
32,768,0.021547
32,769,0.023532
32,770,0.024583
32,771,0.021353
32,772,0.022107
32,773,0.021731
32,774,0.021477
32,775,0.031250
32,776,0.031250
32,777,0.000000
32,778,0.023283
32,779,0.000000
32,780,0.000000
32,781,0.022510
32,782,0.031250
32,783,0.024475
32,784,0.000000
32,785,0.000000
32,786,0.031250
32,787,0.022715
32,788,0.022745
32,789,0.022288
32,790,0.022949
32,791,0.022038
32,792,0.021903
32,793,0.025062
32,794,0.031250
32,795,0.000000
32,796,0.023126
32,797,0.031250
32,798,0.031250
32,799,0.020088
32,800,0.020939
32,801,0.021491
32,802,0.021182
32,803,0.020233
32,804,0.021543
32,805,0.021597
32,806,0.021016
32,807,0.000000
32,808,0.021178
32,809,0.000000
32,810,0.031250
32,811,0.000000
32,812,0.031250
32,813,0.022170
32,814,0.031250
32,815,0.021501
32,816,0.022061
32,817,0.022087
32,818,0.000000
32,819,0.031250
32,820,0.031250
32,821,0.022666
32,822,0.021713
32,823,0.000000
32,824,0.020411
32,825,0.031250
32,826,0.020062
32,827,0.021195
32,828,0.031250
32,829,0.022433
32,830,0.020699
32,831,0.022056
32,832,0.000000
32,833,0.020488
32,834,0.019917
32,835,0.022474
32,836,0.021292
32,837,0.000000
32,838,0.020385
32,839,0.000000
32,840,0.020542
32,841,0.000000
32,842,0.031250
32,843,0.020192
32,844,0.031250
32,845,0.000000
32,846,0.031250
32,847,0.000000
32,848,0.022310
32,849,0.031250
32,850,0.031250
32,851,0.018887
32,852,0.020952
32,853,0.031250
32,854,0.020287
32,855,0.000000
32,856,0.019762
32,857,0.020366
32,858,0.022093
32,859,0.020973
32,860,0.000000
32,861,0.000000
32,862,0.020879
32,863,0.031250
32,864,0.000000
32,865,0.021079
32,866,0.018921
32,867,0.000000
32,868,0.000000
32,869,0.020569
32,870,0.020763
32,871,0.000000
32,872,0.000000
32,873,0.000000
32,874,0.000000
32,875,0.020999
32,876,0.019747
32,877,0.020233
32,878,0.031250
32,879,0.019895
32,880,0.031250
32,881,0.020577
32,882,0.021666
32,883,0.019503
32,884,0.021553
32,885,0.031250
32,886,0.018223
32,887,0.018685
32,888,0.000000
32,889,0.019064
32,890,0.000000
32,891,0.019894
32,892,0.020780
32,893,0.018731
32,894,0.000000
32,895,0.031250
32,896,0.018243
32,897,0.018790
32,898,0.000000
32,899,0.018355
32,900,0.018683
32,901,0.019668
32,902,0.019673
32,903,0.000000
32,904,0.020888
32,905,0.031250
32,906,0.000000
32,907,0.031250
32,908,0.000000
32,909,0.000000
32,910,0.019034
32,911,0.031250
32,912,0.019999
32,913,0.000000
32,914,0.018460
32,915,0.018618
32,916,0.019371
32,917,0.018616
32,918,0.031250
32,919,0.019058
32,920,0.000000
32,921,0.000000
32,922,0.031250
32,923,0.000000
32,924,0.000000
32,925,0.018829
32,926,0.031250
32,927,0.018258
32,928,0.000000
32,929,0.018512
32,930,0.031250
32,931,0.018594
32,932,0.000000
32,933,0.018419
32,934,0.031250
32,935,0.018782
32,936,0.019174
32,937,0.018964
32,938,0.000000
32,939,0.017190
32,940,0.031250
32,941,0.019970
32,942,0.019315
32,943,0.017633
32,944,0.000000
32,945,0.017517
32,946,0.000000
32,947,0.019334
32,948,0.031250
32,949,0.017511
32,950,0.031250
32,951,0.017869
32,952,0.017567
32,953,0.031250
32,954,0.018556
32,955,0.018297
32,956,0.017586
32,957,0.017758
32,958,0.031250
32,959,0.000000
32,960,0.019500
32,961,0.022266
32,962,0.017746
32,963,0.000000
32,964,0.000000
32,965,0.000000
32,966,0.000000
32,967,0.000000
32,968,0.031250
32,969,0.018237
32,970,0.016230
32,971,0.019312
32,972,0.019279
32,973,0.000000
32,974,0.000000
32,975,0.018153
32,976,0.017398
32,977,0.016955
32,978,0.031250
32,979,0.018198
32,980,0.017520
32,981,0.000000
32,982,0.000000
32,983,0.017432
32,984,0.031250
32,985,0.000000
32,986,0.000000
32,987,0.000000
32,988,0.000000
32,989,0.018459
32,990,0.000000
32,991,0.000000
32,992,0.017352
32,993,0.031250
32,994,0.000000
32,995,0.000000
32,996,0.017008
32,997,0.031250
32,998,0.017062
32,999,0.000000
32,1000,0.016370
32,1001,0.000000
32,1002,0.017309
32,1003,0.016569
32,1004,0.000000
32,1005,0.000000
32,1006,0.016999
32,1007,0.016477
32,1008,0.000000
32,1009,0.017101
32,1010,0.016494
32,1011,0.017758
32,1012,0.016906
32,1013,0.017312
32,1014,0.000000
32,1015,0.016802
32,1016,0.000000
32,1017,0.031250
32,1018,0.000000
32,1019,0.016968
32,1020,0.017139
32,1021,0.017845
32,1022,0.016631
32,1023,0.031250
32,1024,0.015752
32,1025,0.016528
32,1026,0.016280
32,1027,0.000000
32,1028,0.016845
32,1029,0.017651
32,1030,0.016288
32,1031,0.031250
32,1032,0.017784
32,1033,0.017086
32,1034,0.031250
32,1035,0.000000
32,1036,0.000000
32,1037,0.000000
32,1038,0.016957
32,1039,0.016694
32,1040,0.015600
32,1041,0.016280
32,1042,0.000000
32,1043,0.016955
32,1044,0.000000
32,1045,0.000000
32,1046,0.000000
32,1047,0.016054
32,1048,0.031250
32,1049,0.000000
32,1050,0.017049
32,1051,0.015910
32,1052,0.017683
32,1053,0.000000
32,1054,0.000000
32,1055,0.000000
32,1056,0.016321
32,1057,0.016699
32,1058,0.016733
32,1059,0.016128
32,1060,0.018132
32,1061,0.015503
32,1062,0.015755
32,1063,0.000000
32,1064,0.016110
32,1065,0.000000
32,1066,0.015910
32,1067,0.016378
32,1068,0.000000
32,1069,0.016070
32,1070,0.016280
32,1071,0.015450
32,1072,0.015957
32,1073,0.015849
32,1074,0.000000
32,1075,0.000000
32,1076,0.016859
32,1077,0.000000
32,1078,0.014981
32,1079,0.016586
32,1080,0.016273
32,1081,0.015353
32,1082,0.000000
32,1083,0.016053
32,1084,0.000000
32,1085,0.000000
32,1086,0.031250
32,1087,0.015513
32,1088,0.000000
32,1089,0.016336
32,1090,0.031250
32,1091,0.015889
32,1092,0.016199
32,1093,0.015241
32,1094,0.015752
32,1095,0.014988
32,1096,0.000000
32,1097,0.000000
32,1098,0.000000
32,1099,0.014710
32,1100,0.015903
32,1101,0.015016
32,1102,0.015003
32,1103,0.000000
32,1104,0.000000
32,1105,0.000000
32,1106,0.000000
32,1107,0.014875
32,1108,0.000000
32,1109,0.015516
32,1110,0.031250
32,1111,0.031250
32,1112,0.015669
32,1113,0.000000
32,1114,0.000000
32,1115,0.014616
32,1116,0.015516
32,1117,0.000000
32,1118,0.014903
32,1119,0.015313
32,1120,0.000000
32,1121,0.015917
32,1122,0.000000
32,1123,0.015141
32,1124,0.015288
32,1125,0.000000
32,1126,0.000000
32,1127,0.000000
32,1128,0.000000
32,1129,0.015553
32,1130,0.000000
32,1131,0.014713
32,1132,0.000000
32,1133,0.014528
32,1134,0.000000
32,1135,0.000000
32,1136,0.031250
32,1137,0.015050
32,1138,0.015144
32,1139,0.000000
32,1140,0.000000
32,1141,0.000000
32,1142,0.015334
32,1143,0.015344
32,1144,0.014256
32,1145,0.014191
32,1146,0.000000
32,1147,0.000000
32,1148,0.014566
32,1149,0.015556
32,1150,0.000000
32,1151,0.015334
32,1152,0.014938
32,1153,0.014653
32,1154,0.000000
32,1155,0.031250
32,1156,0.000000
32,1157,0.014066
32,1158,0.014316
32,1159,0.016015
32,1160,0.014179
32,1161,0.014910
32,1162,0.000000
32,1163,0.015581
32,1164,0.015044
32,1165,0.014769
32,1166,0.000000
32,1167,0.000000
32,1168,0.000000
32,1169,0.014650
32,1170,0.000000
32,1171,0.000000
32,1172,0.014694
32,1173,0.015653
32,1174,0.015860
32,1175,0.031250
32,1176,0.000000
32,1177,0.013356
32,1178,0.000000
32,1179,0.000000
32,1180,0.014310
32,1181,0.014756
32,1182,0.000000
32,1183,0.014988
32,1184,0.015584
32,1185,0.014006
32,1186,0.031250
32,1187,0.031250
32,1188,0.014535
32,1189,0.015513
32,1190,0.014228
32,1191,0.015425
32,1192,0.014485
32,1193,0.000000
32,1194,0.014916
32,1195,0.015516
32,1196,0.000000
32,1197,0.000000
32,1198,0.000000
32,1199,0.014385
32,1200,0.015031
32,1201,0.014603
32,1202,0.000000
32,1203,0.000000
32,1204,0.015288
32,1205,0.000000
32,1206,0.013956
32,1207,0.014457
32,1208,0.014635
32,1209,0.014197
32,1210,0.014645
32,1211,0.000000
32,1212,0.014297
32,1213,0.000000
32,1214,0.000000
32,1215,0.014356
32,1216,0.000000
32,1217,0.000000
32,1218,0.013422
32,1219,0.000000
32,1220,0.000000
32,1221,0.000000
32,1222,0.000000
32,1223,0.013956
32,1224,0.013532
32,1225,0.013779
32,1226,0.000000
32,1227,0.000000
32,1228,0.013447
32,1229,0.014301
32,1230,0.014201
32,1231,0.014225
32,1232,0.013681
32,1233,0.013385
32,1234,0.000000
32,1235,0.000000
32,1236,0.000000
32,1237,0.014053
32,1238,0.013872
32,1239,0.013437
32,1240,0.031250
32,1241,0.012854
32,1242,0.013697
32,1243,0.000000
32,1244,0.000000
32,1245,0.000000
32,1246,0.000000
32,1247,0.014047
32,1248,0.000000
32,1249,0.014738
32,1250,0.013949
32,1251,0.012870
32,1252,0.031250
32,1253,0.013725
32,1254,0.013731
32,1255,0.000000
32,1256,0.013964
32,1257,0.000000
32,1258,0.014188
32,1259,0.000000
32,1260,0.000000
32,1261,0.031250
32,1262,0.013447
32,1263,0.014194
32,1264,0.000000
32,1265,0.013483
32,1266,0.013444
32,1267,0.013450
32,1268,0.012547
32,1269,0.013245
32,1270,0.000000
32,1271,0.000000
32,1272,0.000000
32,1273,0.000000
32,1274,0.013167
32,1275,0.000000
32,1276,0.000000
32,1277,0.013456
32,1278,0.000000
32,1279,0.000000
32,1280,0.012572
32,1281,0.013396
32,1282,0.000000
32,1283,0.000000
32,1284,0.012891
32,1285,0.014591
32,1286,0.000000
32,1287,0.000000
32,1288,0.000000
32,1289,0.013654
32,1290,0.000000
32,1291,0.000000
32,1292,0.000000
32,1293,0.000000
32,1294,0.000000
32,1295,0.013135
32,1296,0.013172
32,1297,0.014025
32,1298,0.013335
32,1299,0.000000
32,1300,0.012975
32,1301,0.000000
32,1302,0.013238
32,1303,0.013577
32,1304,0.000000
32,1305,0.013400
32,1306,0.012800
32,1307,0.012941
32,1308,0.012900
32,1309,0.013466
32,1310,0.014156
32,1311,0.000000
32,1312,0.012685
32,1313,0.012804
32,1314,0.012655
32,1315,0.000000
32,1316,0.000000
32,1317,0.000000
32,1318,0.000000
32,1319,0.000000
32,1320,0.012875
32,1321,0.000000
32,1322,0.000000
32,1323,0.014203
32,1324,0.000000
32,1325,0.000000
32,1326,0.000000
32,1327,0.012897
32,1328,0.014328
32,1329,0.012338
32,1330,0.000000
32,1331,0.014028
32,1332,0.013463
32,1333,0.013394
32,1334,0.000000
32,1335,0.012822
32,1336,0.012544
32,1337,0.000000
32,1338,0.012775
32,1339,0.013169
32,1340,0.000000
32,1341,0.000000
32,1342,0.000000
32,1343,0.012514
32,1344,0.013300
32,1345,0.000000
32,1346,0.000000
32,1347,0.000000
32,1348,0.000000
32,1349,0.011951
32,1350,0.012479
32,1351,0.031250
32,1352,0.000000
32,1353,0.012531
32,1354,0.000000
32,1355,0.000000
32,1356,0.000000
32,1357,0.012722
32,1358,0.012189
32,1359,0.000000
32,1360,0.013004
32,1361,0.012213
32,1362,0.012666
32,1363,0.000000
32,1364,0.013722
32,1365,0.000000
32,1366,0.000000
32,1367,0.011973
32,1368,0.012742
32,1369,0.012226
32,1370,0.000000
32,1371,0.000000
32,1372,0.012677
32,1373,0.000000
32,1374,0.011354
32,1375,0.012419
32,1376,0.012835
32,1377,0.012251
32,1378,0.013410
32,1379,0.011494
32,1380,0.012914
32,1381,0.012707
32,1382,0.000000
32,1383,0.012930
32,1384,0.012681
32,1385,0.000000
32,1386,0.011898
32,1387,0.012772
32,1388,0.000000
32,1389,0.012788
32,1390,0.013206
32,1391,0.000000
32,1392,0.012836
32,1393,0.012025
32,1394,0.000000
32,1395,0.000000
32,1396,0.000000
32,1397,0.000000
32,1398,0.000000
32,1399,0.000000
32,1400,0.012387
32,1401,0.000000
32,1402,0.000000
32,1403,0.000000
32,1404,0.012800
32,1405,0.000000
32,1406,0.011956
32,1407,0.000000
32,1408,0.011916
32,1409,0.011906
32,1410,0.011981
32,1411,0.012098
32,1412,0.000000
32,1413,0.000000
32,1414,0.011948
32,1415,0.011010
32,1416,0.000000
32,1417,0.000000
32,1418,0.011394
32,1419,0.012425
32,1420,0.000000
32,1421,0.011850
32,1422,0.000000
32,1423,0.000000
32,1424,0.012750
32,1425,0.000000
32,1426,0.000000
32,1427,0.000000
32,1428,0.000000
32,1429,0.012275
32,1430,0.011969
32,1431,0.011487
32,1432,0.000000
32,1433,0.000000
32,1434,0.011966
32,1435,0.000000
32,1436,0.012066
32,1437,0.012320
32,1438,0.000000
32,1439,0.011777
32,1440,0.000000
32,1441,0.000000
32,1442,0.000000
32,1443,0.012785
32,1444,0.000000
32,1445,0.000000
32,1446,0.000000
32,1447,0.012413
32,1448,0.011873
32,1449,0.011519
32,1450,0.000000
32,1451,0.012560
32,1452,0.012450
32,1453,0.000000
32,1454,0.012547
32,1455,0.000000
32,1456,0.000000
32,1457,0.000000
32,1458,0.000000
32,1459,0.012550
32,1460,0.000000
32,1461,0.011735
32,1462,0.011379
32,1463,0.000000
32,1464,0.011163
32,1465,0.031250
32,1466,0.000000
32,1467,0.000000
32,1468,0.000000
32,1469,0.012606
32,1470,0.000000
32,1471,0.000000
32,1472,0.000000
32,1473,0.000000
32,1474,0.012547
32,1475,0.012063
32,1476,0.000000
32,1477,0.011181
32,1478,0.011313
32,1479,0.010842
32,1480,0.000000
32,1481,0.011388
32,1482,0.011539
32,1483,0.011775
32,1484,0.000000
32,1485,0.011591
32,1486,0.011594
32,1487,0.000000
32,1488,0.011475
32,1489,0.000000
32,1490,0.000000
32,1491,0.000000
32,1492,0.011349
32,1493,0.012610
32,1494,0.000000
32,1495,0.000000
32,1496,0.000000
32,1497,0.011144
32,1498,0.000000
32,1499,0.000000
32,1500,0.011931
32,1501,0.000000
32,1502,0.000000
32,1503,0.000000
32,1504,0.011691
32,1505,0.011356
32,1506,0.000000
32,1507,0.000000
32,1508,0.012029
32,1509,0.011318
32,1510,0.011633
32,1511,0.011741
32,1512,0.011485
32,1513,0.000000
32,1514,0.012520
32,1515,0.000000
32,1516,0.010923
32,1517,0.000000
32,1518,0.000000
32,1519,0.011200
32,1520,0.011304
32,1521,0.000000
32,1522,0.011420
32,1523,0.011060
32,1524,0.011981
32,1525,0.011716
32,1526,0.011081
32,1527,0.000000
32,1528,0.000000
32,1529,0.010744
32,1530,0.010542
32,1531,0.010975
32,1532,0.000000
32,1533,0.011404
32,1534,0.000000
32,1535,0.011075
32,1536,0.011135
32,1537,0.010460
32,1538,0.000000
32,1539,0.000000
32,1540,0.011581
32,1541,0.011312
32,1542,0.010467
32,1543,0.000000
32,1544,0.000000
32,1545,0.010719
32,1546,0.010648
32,1547,0.011156
32,1548,0.010813
32,1549,0.000000
32,1550,0.010800
32,1551,0.010600
32,1552,0.000000
32,1553,0.000000
32,1554,0.011069
32,1555,0.011951
32,1556,0.011163
32,1557,0.011248
32,1558,0.000000
32,1559,0.000000
32,1560,0.000000
32,1561,0.010660
32,1562,0.000000
32,1563,0.010560
32,1564,0.000000
32,1565,0.000000
32,1566,0.000000
32,1567,0.010973
32,1568,0.011029
32,1569,0.000000
32,1570,0.011288
32,1571,0.000000
32,1572,0.031250
32,1573,0.010542
32,1574,0.000000
32,1575,0.000000
32,1576,0.011588
32,1577,0.010735
32,1578,0.000000
32,1579,0.000000
32,1580,0.011002
32,1581,0.000000
32,1582,0.000000
32,1583,0.000000
32,1584,0.000000
32,1585,0.010210
32,1586,0.010050
32,1587,0.000000
32,1588,0.000000
32,1589,0.010513
32,1590,0.000000
32,1591,0.000000
32,1592,0.000000
32,1593,0.000000
32,1594,0.011518
32,1595,0.010994
32,1596,0.010460
32,1597,0.000000
32,1598,0.010219
32,1599,0.011135
32,1600,0.011214
32,1601,0.000000
32,1602,0.000000
32,1603,0.010402
32,1604,0.011266
32,1605,0.010952
32,1606,0.010956
32,1607,0.010798
32,1608,0.000000
32,1609,0.011110
32,1610,0.010031
32,1611,0.000000
32,1612,0.010523
32,1613,0.010546
32,1614,0.000000
32,1615,0.000000
32,1616,0.009869
32,1617,0.000000
32,1618,0.010731
32,1619,0.000000
32,1620,0.000000
32,1621,0.010450
32,1622,0.000000
32,1623,0.010848
32,1624,0.000000
32,1625,0.011131
32,1626,0.009919
32,1627,0.000000
32,1628,0.010217
32,1629,0.000000
32,1630,0.000000
32,1631,0.010460
32,1632,0.000000
32,1633,0.000000
32,1634,0.010506
32,1635,0.000000
32,1636,0.000000
32,1637,0.010325
32,1638,0.000000
32,1639,0.000000
32,1640,0.010510
32,1641,0.010169
32,1642,0.000000
32,1643,0.010275
32,1644,0.000000
32,1645,0.000000
32,1646,0.000000
32,1647,0.010048
32,1648,0.000000
32,1649,0.010094
32,1650,0.031250
32,1651,0.000000
32,1652,0.000000
32,1653,0.010977
32,1654,0.010148
32,1655,0.000000
32,1656,0.000000
32,1657,0.000000
32,1658,0.010781
32,1659,0.000000
32,1660,0.000000
32,1661,0.000000
32,1662,0.009954
32,1663,0.000000
32,1664,0.000000
32,1665,0.000000
32,1666,0.010310
32,1667,0.009794
32,1668,0.000000
32,1669,0.009819
32,1670,0.010198
32,1671,0.010325
32,1672,0.000000
32,1673,0.000000
32,1674,0.009950
32,1675,0.000000
32,1676,0.000000
32,1677,0.010281
32,1678,0.000000
32,1679,0.000000
32,1680,0.000000
32,1681,0.000000
32,1682,0.000000
32,1683,0.000000
32,1684,0.009948
32,1685,0.000000
32,1686,0.010373
32,1687,0.009438
32,1688,0.011288
32,1689,0.009956
32,1690,0.009650
32,1691,0.000000
32,1692,0.000000
32,1693,0.010873
32,1694,0.009600
32,1695,0.000000
32,1696,0.009473
32,1697,0.010046
32,1698,0.000000
32,1699,0.010010
32,1700,0.000000
32,1701,0.000000
32,1702,0.009754
32,1703,0.000000
32,1704,0.009923
32,1705,0.010052
32,1706,0.010462
32,1707,0.000000
32,1708,0.010104
32,1709,0.000000
32,1710,0.010206
32,1711,0.000000
32,1712,0.000000
32,1713,0.009817
32,1714,0.000000
32,1715,0.000000
32,1716,0.009554
32,1717,0.000000
32,1718,0.000000
32,1719,0.000000
32,1720,0.000000
32,1721,0.010579
32,1722,0.000000
32,1723,0.009986
32,1724,0.009317
32,1725,0.000000
32,1726,0.011181
32,1727,0.009623
32,1728,0.009394
32,1729,0.000000
32,1730,0.009963
32,1731,0.000000
32,1732,0.000000
32,1733,0.010125
32,1734,0.009368
32,1735,0.031250
32,1736,0.000000
32,1737,0.000000
32,1738,0.000000
32,1739,0.009821
32,1740,0.000000
32,1741,0.009912
32,1742,0.000000
32,1743,0.000000
32,1744,0.000000
32,1745,0.010227
32,1746,0.009646
32,1747,0.000000
32,1748,0.000000
32,1749,0.000000
32,1750,0.009463
32,1751,0.000000
32,1752,0.009544
32,1753,0.009763
32,1754,0.009486
32,1755,0.000000
32,1756,0.009781
32,1757,0.000000
32,1758,0.009836
32,1759,0.031250
32,1760,0.000000
32,1761,0.000000
32,1762,0.010563
32,1763,0.000000
32,1764,0.009502
32,1765,0.000000
32,1766,0.000000
32,1767,0.009050
32,1768,0.008962
32,1769,0.009986
32,1770,0.009513
32,1771,0.009094
32,1772,0.000000
32,1773,0.000000
32,1774,0.009500
32,1775,0.010217
32,1776,0.000000
32,1777,0.000000
32,1778,0.000000
32,1779,0.009425
32,1780,0.000000
32,1781,0.000000
32,1782,0.009088
32,1783,0.010213
32,1784,0.000000
32,1785,0.000000
32,1786,0.009192
32,1787,0.000000
32,1788,0.009375
32,1789,0.000000
32,1790,0.000000
32,1791,0.000000
32,1792,0.009961
32,1793,0.000000
32,1794,0.000000
32,1795,0.000000
32,1796,0.000000
32,1797,0.009492
32,1798,0.000000
32,1799,0.009567
32,1800,0.000000
32,1801,0.010194
32,1802,0.009086
32,1803,0.008750
32,1804,0.000000
32,1805,0.000000
32,1806,0.010244
32,1807,0.000000
32,1808,0.009381
32,1809,0.009612
32,1810,0.009148
32,1811,0.009329
32,1812,0.000000
32,1813,0.000000
32,1814,0.009213
32,1815,0.000000
32,1816,0.008904
32,1817,0.000000
32,1818,0.000000
32,1819,0.009006
32,1820,0.010010
32,1821,0.009579
32,1822,0.009075
32,1823,0.000000
32,1824,0.000000
32,1825,0.009036
32,1826,0.009654
32,1827,0.000000
32,1828,0.000000
32,1829,0.009698
32,1830,0.000000
32,1831,0.000000
32,1832,0.000000
32,1833,0.009111
32,1834,0.000000
32,1835,0.000000
32,1836,0.000000
32,1837,0.009300
32,1838,0.000000
32,1839,0.000000
32,1840,0.009192
32,1841,0.000000
32,1842,0.008986
32,1843,0.009969
32,1844,0.000000
32,1845,0.000000
32,1846,0.009048
32,1847,0.000000
32,1848,0.000000
32,1849,0.000000
32,1850,0.000000
32,1851,0.000000
32,1852,0.008798
32,1853,0.009390
32,1854,0.000000
32,1855,0.000000
32,1856,0.000000
32,1857,0.000000
32,1858,0.000000
32,1859,0.009642
32,1860,0.000000
32,1861,0.000000
32,1862,0.008832
32,1863,0.008490
32,1864,0.008747
32,1865,0.008928
32,1866,0.000000
32,1867,0.009119
32,1868,0.008725
32,1869,0.000000
32,1870,0.000000
32,1871,0.000000
32,1872,0.000000
32,1873,0.000000
32,1874,0.000000
32,1875,0.009567
32,1876,0.000000
32,1877,0.000000
32,1878,0.008580
32,1879,0.008730
32,1880,0.008203
32,1881,0.009629
32,1882,0.009667
32,1883,0.000000
32,1884,0.008886
32,1885,0.008921
32,1886,0.009642
32,1887,0.009073
32,1888,0.008630
32,1889,0.000000
32,1890,0.000000
32,1891,0.000000
32,1892,0.008728
32,1893,0.009329
32,1894,0.009511
32,1895,0.000000
32,1896,0.008962
32,1897,0.000000
32,1898,0.008606
32,1899,0.008944
32,1900,0.000000
32,1901,0.000000
32,1902,0.008900
32,1903,0.000000
32,1904,0.000000
32,1905,0.000000
32,1906,0.000000
32,1907,0.009544
32,1908,0.009128
32,1909,0.009244
32,1910,0.009219
32,1911,0.009279
32,1912,0.000000
32,1913,0.000000
32,1914,0.008711
32,1915,0.000000
32,1916,0.008431
32,1917,0.000000
32,1918,0.000000
32,1919,0.008405
32,1920,0.000000
32,1921,0.000000
32,1922,0.000000
32,1923,0.008663
32,1924,0.000000
32,1925,0.008969
32,1926,0.000000
32,1927,0.009588
32,1928,0.000000
32,1929,0.008648
32,1930,0.000000
32,1931,0.000000
32,1932,0.008638
32,1933,0.000000
32,1934,0.008912
32,1935,0.000000
32,1936,0.000000
32,1937,0.009306
32,1938,0.008694
32,1939,0.008700
32,1940,0.009069
32,1941,0.000000
32,1942,0.000000
32,1943,0.000000
32,1944,0.008544
32,1945,0.009048
32,1946,0.008375
32,1947,0.000000
32,1948,0.009219
32,1949,0.008738
32,1950,0.008123
32,1951,0.008861
32,1952,0.000000
32,1953,0.008950
32,1954,0.000000
32,1955,0.000000
32,1956,0.000000
32,1957,0.008781
32,1958,0.008488
32,1959,0.000000
32,1960,0.000000
32,1961,0.008436
32,1962,0.008813
32,1963,0.000000
32,1964,0.000000
32,1965,0.008904
32,1966,0.000000
32,1967,0.000000
32,1968,0.008256
32,1969,0.000000
32,1970,0.000000
32,1971,0.008698
32,1972,0.000000
32,1973,0.000000
32,1974,0.000000
32,1975,0.008984
32,1976,0.000000
32,1977,0.000000
32,1978,0.000000
32,1979,0.000000
32,1980,0.008042
32,1981,0.000000
32,1982,0.000000
32,1983,0.000000
32,1984,0.000000
32,1985,0.000000
32,1986,0.008550
32,1987,0.000000
32,1988,0.008717
32,1989,0.000000
32,1990,0.000000
32,1991,0.008767
32,1992,0.008456
32,1993,0.000000
32,1994,0.000000
32,1995,0.000000
32,1996,0.008400
32,1997,0.008650
32,1998,0.000000
32,1999,0.000000
32,2000,0.000000
32,2001,0.000000
32,2002,0.000000
32,2003,0.007928
32,2004,0.009119
32,2005,0.000000
32,2006,0.000000
32,2007,0.000000
32,2008,0.008405
32,2009,0.000000
32,2010,0.000000
32,2011,0.000000
32,2012,0.008148
32,2013,0.008698
32,2014,0.000000
32,2015,0.000000
32,2016,0.000000
32,2017,0.000000
32,2018,0.008572
32,2019,0.000000
32,2020,0.008379
32,2021,0.000000
32,2022,0.008869
32,2023,0.000000
32,2024,0.000000
32,2025,0.000000
32,2026,0.007742
32,2027,0.008405
32,2028,0.008136
32,2029,0.000000
32,2030,0.007955
32,2031,0.008273
32,2032,0.008800
32,2033,0.000000
32,2034,0.000000
32,2035,0.008581
32,2036,0.007769
32,2037,0.000000
32,2038,0.008238
32,2039,0.000000
32,2040,0.008006
32,2041,0.008051
32,2042,0.000000
32,2043,0.008269
32,2044,0.000000
32,2045,0.008067
32,2046,0.000000
32,2047,0.008515
32,2048,0.000000
64,1,0.970703
64,2,0.961623
64,3,0.948545
64,4,0.934176
64,5,0.927263
64,6,0.913889
64,7,0.901042
64,8,0.891859
64,9,0.887019
64,10,0.858817
64,11,0.858333
64,12,0.878846
64,13,0.860849
64,14,0.838663
64,15,0.831522
64,16,0.809267
64,17,0.826014
64,18,0.801339
64,19,0.808408
64,20,0.808673
64,21,0.791548
64,22,0.753005
64,23,0.785657
64,24,0.750893
64,25,0.735714
64,26,0.731351
64,27,0.731875
64,28,0.755952
64,29,0.705280
64,30,0.745105
64,31,0.700284
64,32,0.714844
64,33,0.671875
64,34,0.708984
64,35,0.655599
64,36,0.682664
64,37,0.702770
64,38,0.653245
64,39,0.690278
64,40,0.642401
64,41,0.651250
64,42,0.640137
64,43,0.661086
64,44,0.621324
64,45,0.639063
64,46,0.593750
64,47,0.635789
64,48,0.634139
64,49,0.630580
64,50,0.595262
64,51,0.613176
64,52,0.596680
64,53,0.596967
64,54,0.562054
64,55,0.612553
64,56,0.580566
64,57,0.582114
64,58,0.591890
64,59,0.598533
64,60,0.560268
64,61,0.581088
64,62,0.533929
64,63,0.532986
64,64,0.518145
64,65,0.533654
64,66,0.528493
64,67,0.533967
64,68,0.516875
64,69,0.499399
64,70,0.482955
64,71,0.528446
64,72,0.547188
64,73,0.517078
64,74,0.532724
64,75,0.544271
64,76,0.486779
64,77,0.500822
64,78,0.469254
64,79,0.482244
64,80,0.470224
64,81,0.451389
64,82,0.484525
64,83,0.484375
64,84,0.470017
64,85,0.453790
64,86,0.441002
64,87,0.437099
64,88,0.435519
64,89,0.459287
64,90,0.466283
64,91,0.450546
64,92,0.405331
64,93,0.389423
64,94,0.390121
64,95,0.391369
64,96,0.421429
64,97,0.389009
64,98,0.423407
64,99,0.405937
64,100,0.345486
64,101,0.420898
64,102,0.410233
64,103,0.376512
64,104,0.391164
64,105,0.395522
64,106,0.328835
64,107,0.345000
64,108,0.390625
64,109,0.379664
64,110,0.357422
64,111,0.360609
64,112,0.392149
64,113,0.408801
64,114,0.343750
64,115,0.373177
64,116,0.404851
64,117,0.343750
64,118,0.373264
64,119,0.312500
64,120,0.342400
64,121,0.371875
64,122,0.326356
64,123,0.343750
64,124,0.348374
64,125,0.296875
64,126,0.343750
64,127,0.363281
64,128,0.341580
64,129,0.327324
64,130,0.359375
64,131,0.331597
64,132,0.324324
64,133,0.295455
64,134,0.356597
64,135,0.313039
64,136,0.326775
64,137,0.325177
64,138,0.341046
64,139,0.312500
64,140,0.282031
64,141,0.327474
64,142,0.296586
64,143,0.281250
64,144,0.316346
64,145,0.344223
64,146,0.281250
64,147,0.280625
64,148,0.282118
64,149,0.266782
64,150,0.250000
64,151,0.298177
64,152,0.250710
64,153,0.311648
64,154,0.282134
64,155,0.281250
64,156,0.295363
64,157,0.268076
64,158,0.281250
64,159,0.311266
64,160,0.330078
64,161,0.279212
64,162,0.265152
64,163,0.265625
64,164,0.279738
64,165,0.247396
64,166,0.278169
64,167,0.284821
64,168,0.276261
64,169,0.247024
64,170,0.250665
64,171,0.248074
64,172,0.232996
64,173,0.252451
64,174,0.217905
64,175,0.234375
64,176,0.140625
64,177,0.233631
64,178,0.218750
64,179,0.267099
64,180,0.249609
64,181,0.266927
64,182,0.233333
64,183,0.249421
64,184,0.218750
64,185,0.269930
64,186,0.236607
64,187,0.251008
64,188,0.220833
64,189,0.249399
64,190,0.234786
64,191,0.250957
64,192,0.234375
64,193,0.220378
64,194,0.218750
64,195,0.232611
64,196,0.219351
64,197,0.235918
64,198,0.217697
64,199,0.218750
64,200,0.217773
64,201,0.221082
64,202,0.232017
64,203,0.140625
64,204,0.203516
64,205,0.125000
64,206,0.249637
64,207,0.200843
64,208,0.233836
64,209,0.205051
64,210,0.204886
64,211,0.218750
64,212,0.171875
64,213,0.218339
64,214,0.185337
64,215,0.200928
64,216,0.233827
64,217,0.188210
64,218,0.203629
64,219,0.235054
64,220,0.203125
64,221,0.189236
64,222,0.200195
64,223,0.171875
64,224,0.189489
64,225,0.062500
64,226,0.187500
64,227,0.184554
64,228,0.190083
64,229,0.202019
64,230,0.171875
64,231,0.171875
64,232,0.188345
64,233,0.093750
64,234,0.203369
64,235,0.186916
64,236,0.140625
64,237,0.188039
64,238,0.185326
64,239,0.189312
64,240,0.157346
64,241,0.174296
64,242,0.167969
64,243,0.156696
64,244,0.172465
64,245,0.156250
64,246,0.185662
64,247,0.169753
64,248,0.170707
64,249,0.093750
64,250,0.172676
64,251,0.185963
64,252,0.172164
64,253,0.184579
64,254,0.156250
64,255,0.173798
64,256,0.153251
64,257,0.139509
64,258,0.172526
64,259,0.156250
64,260,0.062500
64,261,0.188542
64,262,0.155048
64,263,0.171392
64,264,0.169110
64,265,0.172743
64,266,0.160079
64,267,0.155405
64,268,0.156250
64,269,0.156840
64,270,0.156250
64,271,0.156651
64,272,0.155990
64,273,0.172073
64,274,0.155134
64,275,0.188039
64,276,0.109375
64,277,0.109375
64,278,0.155288
64,279,0.171165
64,280,0.156250
64,281,0.156424
64,282,0.155839
64,283,0.159401
64,284,0.170878
64,285,0.078125
64,286,0.154486
64,287,0.126042
64,288,0.140625
64,289,0.141690
64,290,0.155231
64,291,0.156250
64,292,0.139757
64,293,0.153380
64,294,0.124609
64,295,0.125274
64,296,0.141263
64,297,0.078125
64,298,0.141470
64,299,0.140179
64,300,0.142024
64,301,0.139088
64,302,0.145592
64,303,0.155671
64,304,0.141906
64,305,0.141352
64,306,0.109375
64,307,0.062500
64,308,0.140625
64,309,0.109863
64,310,0.140625
64,311,0.139323
64,312,0.123140
64,313,0.110085
64,314,0.126563
64,315,0.142383
64,316,0.139137
64,317,0.125845
64,318,0.141276
64,319,0.156960
64,320,0.124155
64,321,0.125781
64,322,0.121763
64,323,0.125319
64,324,0.124623
64,325,0.125000
64,326,0.125284
64,327,0.123958
64,328,0.141215
64,329,0.109627
64,330,0.138614
64,331,0.125000
64,332,0.134783
64,333,0.123075
64,334,0.077665
64,335,0.127232
64,336,0.121904
64,337,0.107813
64,338,0.125440
64,339,0.109681
64,340,0.110759
64,341,0.123661
64,342,0.128272
64,343,0.125355
64,344,0.078125
64,345,0.093750
64,346,0.125710
64,347,0.130441
64,348,0.110383
64,349,0.125000
64,350,0.110465
64,351,0.110814
64,352,0.129400
64,353,0.123197
64,354,0.124242
64,355,0.109564
64,356,0.111796
64,357,0.108766
64,358,0.093750
64,359,0.123062
64,360,0.062500
64,361,0.062500
64,362,0.112923
64,363,0.111020
64,364,0.106673
64,365,0.140625
64,366,0.107302
64,367,0.109201
64,368,0.109988
64,369,0.093750
64,370,0.111090
64,371,0.110471
64,372,0.110453
64,373,0.046875
64,374,0.126136
64,375,0.109375
64,376,0.124681
64,377,0.093750
64,378,0.110110
64,379,0.062500
64,380,0.093750
64,381,0.046875
64,382,0.094651
64,383,0.108710
64,384,0.107323
64,385,0.093750
64,386,0.078125
64,387,0.015625
64,388,0.108115
64,389,0.109905
64,390,0.108785
64,391,0.123915
64,392,0.093476
64,393,0.111746
64,394,0.108055
64,395,0.046875
64,396,0.094097
64,397,0.078125
64,398,0.093905
64,399,0.109933
64,400,0.110437
64,401,0.111345
64,402,0.093040
64,403,0.031250
64,404,0.105540
64,405,0.109375
64,406,0.078125
64,407,0.093945
64,408,0.093304
64,409,0.078125
64,410,0.031250
64,411,0.092679
64,412,0.093750
64,413,0.094388
64,414,0.095187
64,415,0.094734
64,416,0.110026
64,417,0.092581
64,418,0.093099
64,419,0.095433
64,420,0.094934
64,421,0.078125
64,422,0.108860
64,423,0.095337
64,424,0.092072
64,425,0.077369
64,426,0.015625
64,427,0.078125
64,428,0.110577
64,429,0.093750
64,430,0.078125
64,431,0.095347
64,432,0.092044
64,433,0.093382
64,434,0.094039
64,435,0.078125
64,436,0.095187
64,437,0.090909
64,438,0.092593
64,439,0.093750
64,440,0.092857
64,441,0.077652
64,442,0.078125
64,443,0.046875
64,444,0.079861
64,445,0.093750
64,446,0.090997
64,447,0.092118
64,448,0.093378
64,449,0.046875
64,450,0.062500
64,451,0.046875
64,452,0.089034
64,453,0.078506
64,454,0.079232
64,455,0.078125
64,456,0.077232
64,457,0.078125
64,458,0.093550
64,459,0.062500
64,460,0.092978
64,461,0.082740
64,462,0.089262
64,463,0.094015
64,464,0.075494
64,465,0.093750
64,466,0.078825
64,467,0.079830
64,468,0.046875
64,469,0.078373
64,470,0.078125
64,471,0.078125
64,472,0.092691
64,473,0.094383
64,474,0.078318
64,475,0.077691
64,476,0.079627
64,477,0.078125
64,478,0.077785
64,479,0.079018
64,480,0.092285
64,481,0.078472
64,482,0.081044
64,483,0.078125
64,484,0.093369
64,485,0.093246
64,486,0.078683
64,487,0.078125
64,488,0.077679
64,489,0.078465
64,490,0.078125
64,491,0.062500
64,492,0.080745
64,493,0.076495
64,494,0.079327
64,495,0.046875
64,496,0.077626
64,497,0.079707
64,498,0.062500
64,499,0.062795
64,500,0.078125
64,501,0.081205
64,502,0.080566
64,503,0.080303
64,504,0.062500
64,505,0.076844
64,506,0.078750
64,507,0.031250
64,508,0.075929
64,509,0.046875
64,510,0.072998
64,511,0.078369
64,512,0.078125
64,513,0.093750
64,514,0.077483
64,515,0.031250
64,516,0.077288
64,517,0.082124
64,518,0.031250
64,519,0.079427
64,520,0.078125
64,521,0.078125
64,522,0.065861
64,523,0.074777
64,524,0.074279
64,525,0.079207
64,526,0.062500
64,527,0.046875
64,528,0.071505
64,529,0.093750
64,530,0.061887
64,531,0.031250
64,532,0.046875
64,533,0.046875
64,534,0.078750
64,535,0.078125
64,536,0.046875
64,537,0.072520
64,538,0.076698
64,539,0.079474
64,540,0.078125
64,541,0.063068
64,542,0.078125
64,543,0.078125
64,544,0.078125
64,545,0.062777
64,546,0.031250
64,547,0.031250
64,548,0.073070
64,549,0.031250
64,550,0.077644
64,551,0.062078
64,552,0.076936
64,553,0.046875
64,554,0.077819
64,555,0.074066
64,556,0.075014
64,557,0.061952
64,558,0.073146
64,559,0.078125
64,560,0.075392
64,561,0.031250
64,562,0.063477
64,563,0.062760
64,564,0.071424
64,565,0.062917
64,566,0.062123
64,567,0.062922
64,568,0.062500
64,569,0.061738
64,570,0.068783
64,571,0.062500
64,572,0.031250
64,573,0.062500
64,574,0.072429
64,575,0.062500
64,576,0.062881
64,577,0.046875
64,578,0.077512
64,579,0.031250
64,580,0.062500
64,581,0.063232
64,582,0.064682
64,583,0.072242
64,584,0.066125
64,585,0.068412
64,586,0.066126
64,587,0.046875
64,588,0.031250
64,589,0.062500
64,590,0.061091
64,591,0.067655
64,592,0.062244
64,593,0.062216
64,594,0.077446
64,595,0.062500
64,596,0.062500
64,597,0.061453
64,598,0.063170
64,599,0.062500
64,600,0.062500
64,601,0.046875
64,602,0.059955
64,603,0.061899
64,604,0.065708
64,605,0.062500
64,606,0.062216
64,607,0.062752
64,608,0.066525
64,609,0.062500
64,610,0.066649
64,611,0.062500
64,612,0.109375
64,613,0.063550
64,614,0.063849
64,615,0.062500
64,616,0.061504
64,617,0.077303
64,618,0.031250
64,619,0.063835
64,620,0.061535
64,621,0.058539
64,622,0.031250
64,623,0.046875
64,624,0.059467
64,625,0.061553
64,626,0.061821
64,627,0.062263
64,628,0.062174
64,629,0.046875
64,630,0.046875
64,631,0.046875
64,632,0.062500
64,633,0.064465
64,634,0.046875
64,635,0.062500
64,636,0.062500
64,637,0.046875
64,638,0.057720
64,639,0.046875
64,640,0.062500
64,641,0.062500
64,642,0.055709
64,643,0.046563
64,644,0.060233
64,645,0.031250
64,646,0.062500
64,647,0.046875
64,648,0.059260
64,649,0.059896
64,650,0.057938
64,651,0.078125
64,652,0.031250
64,653,0.052165
64,654,0.062500
64,655,0.031250
64,656,0.046875
64,657,0.058013
64,658,0.031250
64,659,0.046875
64,660,0.062829
64,661,0.031250
64,662,0.061244
64,663,0.046875
64,664,0.046345
64,665,0.057140
64,666,0.046875
64,667,0.061425
64,668,0.061883
64,669,0.062500
64,670,0.046875
64,671,0.056808
64,672,0.046875
64,673,0.061806
64,674,0.046549
64,675,0.046875
64,676,0.062500
64,677,0.060029
64,678,0.056549
64,679,0.057371
64,680,0.046875
64,681,0.015625
64,682,0.056874
64,683,0.047271
64,684,0.046875
64,685,0.051693
64,686,0.051638
64,687,0.062500
64,688,0.058309
64,689,0.047356
64,690,0.062500
64,691,0.062500
64,692,0.052213
64,693,0.047101
64,694,0.062244
64,695,0.054965
64,696,0.054874
64,697,0.031250
64,698,0.054489
64,699,0.046363
64,700,0.062500
64,701,0.053578
64,702,0.046875
64,703,0.046875
64,704,0.062500
64,705,0.064223
64,706,0.046875
64,707,0.046875
64,708,0.056913
64,709,0.062500
64,710,0.046875
64,711,0.057619
64,712,0.031250
64,713,0.055150
64,714,0.060754
64,715,0.062500
64,716,0.050409
64,717,0.059647
64,718,0.062500
64,719,0.062078
64,720,0.052948
64,721,0.046875
64,722,0.051294
64,723,0.046875
64,724,0.050752
64,725,0.000000
64,726,0.015625
64,727,0.048106
64,728,0.053720
64,729,0.051173
64,730,0.046875
64,731,0.015625
64,732,0.047500
64,733,0.062500
64,734,0.047443
64,735,0.031250
64,736,0.046875
64,737,0.046661
64,738,0.054240
64,739,0.047098
64,740,0.056542
64,741,0.052874
64,742,0.046345
64,743,0.046875
64,744,0.050751
64,745,0.051668
64,746,0.046875
64,747,0.046875
64,748,0.054328
64,749,0.046875
64,750,0.046875
64,751,0.031250
64,752,0.062500
64,753,0.046415
64,754,0.047979
64,755,0.046875
64,756,0.047164
64,757,0.051697
64,758,0.052042
64,759,0.047535
64,760,0.046875
64,761,0.046875
64,762,0.050148
64,763,0.047201
64,764,0.031250
64,765,0.031250
64,766,0.046875
64,767,0.031250
64,768,0.046271
64,769,0.015625
64,770,0.015625
64,771,0.031250
64,772,0.046875
64,773,0.046875
64,774,0.046543
64,775,0.043245
64,776,0.050455
64,777,0.047940
64,778,0.046875
64,779,0.046875
64,780,0.046875
64,781,0.046875
64,782,0.049454
64,783,0.031250
64,784,0.046875
64,785,0.031250
64,786,0.047127
64,787,0.045665
64,788,0.046441
64,789,0.045956
64,790,0.045227
64,791,0.031250
64,792,0.046345
64,793,0.047159
64,794,0.046875
64,795,0.047932
64,796,0.046875
64,797,0.047075
64,798,0.015625
64,799,0.046875
64,800,0.046875
64,801,0.052693
64,802,0.046113
64,803,0.062500
64,804,0.031250
64,805,0.043464
64,806,0.031250
64,807,0.046131
64,808,0.048229
64,809,0.046875
64,810,0.031250
64,811,0.047034
64,812,0.015625
64,813,0.046680
64,814,0.046489
64,815,0.042810
64,816,0.015625
64,817,0.046875
64,818,0.015625
64,819,0.031250
64,820,0.046875
64,821,0.031250
64,822,0.047201
64,823,0.031250
64,824,0.045281
64,825,0.046875
64,826,0.046471
64,827,0.031250
64,828,0.031250
64,829,0.043814
64,830,0.046875
64,831,0.046354
64,832,0.031250
64,833,0.015625
64,834,0.044523
64,835,0.047098
64,836,0.046875
64,837,0.046875
64,838,0.043155
64,839,0.031250
64,840,0.044348
64,841,0.044480
64,842,0.046875
64,843,0.031250
64,844,0.031250
64,845,0.045681
64,846,0.031250
64,847,0.045878
64,848,0.042807
64,849,0.043230
64,850,0.046875
64,851,0.042636
64,852,0.046875
64,853,0.041137
64,854,0.043373
64,855,0.041461
64,856,0.047506
64,857,0.046875
64,858,0.031250
64,859,0.046143
64,860,0.046875
64,861,0.015625
64,862,0.046875
64,863,0.046007
64,864,0.044922
64,865,0.047238
64,866,0.031250
64,867,0.031250
64,868,0.045734
64,869,0.046658
64,870,0.062500
64,871,0.031250
64,872,0.045166
64,873,0.031250
64,874,0.045766
64,875,0.046469
64,876,0.046962
64,877,0.046875
64,878,0.044279
64,879,0.043411
64,880,0.041484
64,881,0.041221
64,882,0.045859
64,883,0.041929
64,884,0.046216
64,885,0.042341
64,886,0.043681
64,887,0.031250
64,888,0.042448
64,889,0.045330
64,890,0.038840
64,891,0.042944
64,892,0.041538
64,893,0.015625
64,894,0.046601
64,895,0.031250
64,896,0.015625
64,897,0.031250
64,898,0.045548
64,899,0.031250
64,900,0.031250
64,901,0.047396
64,902,0.046875
64,903,0.015625
64,904,0.046422
64,905,0.038905
64,906,0.015625
64,907,0.015625
64,908,0.031250
64,909,0.031250
64,910,0.040417
64,911,0.046875
64,912,0.047335
64,913,0.015625
64,914,0.046255
64,915,0.039606
64,916,0.015625
64,917,0.031506
64,918,0.015625
64,919,0.031250
64,920,0.047175
64,921,0.047230
64,922,0.031250
64,923,0.040769
64,924,0.040496
64,925,0.042016
64,926,0.031250
64,927,0.047081
64,928,0.031250
64,929,0.040003
64,930,0.015625
64,931,0.031250
64,932,0.046875
64,933,0.015625
64,934,0.038440
64,935,0.037714
64,936,0.040005
64,937,0.039247
64,938,0.046345
64,939,0.037991
64,940,0.038340
64,941,0.015625
64,942,0.031250
64,943,0.046875
64,944,0.031250
64,945,0.042250
64,946,0.046875
64,947,0.038464
64,948,0.042849
64,949,0.015625
64,950,0.039295
64,951,0.046875
64,952,0.046598
64,953,0.031250
64,954,0.031250
64,955,0.015625
64,956,0.038858
64,957,0.039031
64,958,0.015625
64,959,0.039164
64,960,0.040314
64,961,0.046875
64,962,0.046875
64,963,0.036612
64,964,0.015625
64,965,0.039331
64,966,0.037570
64,967,0.031250
64,968,0.037934
64,969,0.031250
64,970,0.031250
64,971,0.037867
64,972,0.031250
64,973,0.015625
64,974,0.040284
64,975,0.015625
64,976,0.031250
64,977,0.031250
64,978,0.037911
64,979,0.038139
64,980,0.046875
64,981,0.046875
64,982,0.046875
64,983,0.031250
64,984,0.031250
64,985,0.015625
64,986,0.036077
64,987,0.038801
64,988,0.015625
64,989,0.015625
64,990,0.031487
64,991,0.036641
64,992,0.031250
64,993,0.038328
64,994,0.031250
64,995,0.031250
64,996,0.036948
64,997,0.031250
64,998,0.037898
64,999,0.031250
64,1000,0.035286
64,1001,0.015625
64,1002,0.032452
64,1003,0.046667
64,1004,0.037129
64,1005,0.031250
64,1006,0.035029
64,1007,0.037227
64,1008,0.046875
64,1009,0.015625
64,1010,0.046875
64,1011,0.038296
64,1012,0.031250
64,1013,0.046875
64,1014,0.035942
64,1015,0.038124
64,1016,0.030944
64,1017,0.031250
64,1018,0.046875
64,1019,0.031250
64,1020,0.015625
64,1021,0.031250
64,1022,0.031250
64,1023,0.037614
64,1024,0.037065
64,1025,0.015625
64,1026,0.035959
64,1027,0.035516
64,1028,0.015625
64,1029,0.031250
64,1030,0.036400
64,1031,0.031250
64,1032,0.034236
64,1033,0.031250
64,1034,0.015625
64,1035,0.031250
64,1036,0.031250
64,1037,0.034856
64,1038,0.031250
64,1039,0.034899
64,1040,0.035292
64,1041,0.031250
64,1042,0.015625
64,1043,0.031250
64,1044,0.015625
64,1045,0.000000
64,1046,0.015625
64,1047,0.035198
64,1048,0.030985
64,1049,0.036904
64,1050,0.015625
64,1051,0.031250
64,1052,0.033774
64,1053,0.062500
64,1054,0.015625
64,1055,0.015625
64,1056,0.034375
64,1057,0.046875
64,1058,0.033476
64,1059,0.015625
64,1060,0.035292
64,1061,0.015625
64,1062,0.031250
64,1063,0.046875
64,1064,0.046875
64,1065,0.031250
64,1066,0.033310
64,1067,0.030474
64,1068,0.038092
64,1069,0.015625
64,1070,0.031250
64,1071,0.029637
64,1072,0.031250
64,1073,0.015625
64,1074,0.031250
64,1075,0.031250
64,1076,0.035858
64,1077,0.031250
64,1078,0.031250
64,1079,0.030523
64,1080,0.032435
64,1081,0.031250
64,1082,0.031250
64,1083,0.031062
64,1084,0.031250
64,1085,0.031661
64,1086,0.031250
64,1087,0.031250
64,1088,0.015625
64,1089,0.029326
64,1090,0.030314
64,1091,0.031250
64,1092,0.046875
64,1093,0.031793
64,1094,0.000000
64,1095,0.030846
64,1096,0.031250
64,1097,0.030444
64,1098,0.031250
64,1099,0.015625
64,1100,0.031250
64,1101,0.031250
64,1102,0.031250
64,1103,0.030944
64,1104,0.031641
64,1105,0.030054
64,1106,0.031498
64,1107,0.015625
64,1108,0.030944
64,1109,0.046875
64,1110,0.031250
64,1111,0.031609
64,1112,0.031448
64,1113,0.030635
64,1114,0.032077
64,1115,0.031453
64,1116,0.031250
64,1117,0.031250
64,1118,0.015625
64,1119,0.031250
64,1120,0.031250
64,1121,0.015625
64,1122,0.015625
64,1123,0.031250
64,1124,0.030497
64,1125,0.032939
64,1126,0.030032
64,1127,0.031250
64,1128,0.031250
64,1129,0.015625
64,1130,0.015625
64,1131,0.031250
64,1132,0.015625
64,1133,0.031250
64,1134,0.030476
64,1135,0.031250
64,1136,0.030692
64,1137,0.031705
64,1138,0.015625
64,1139,0.031250
64,1140,0.031250
64,1141,0.030971
64,1142,0.031651
64,1143,0.031524
64,1144,0.031250
64,1145,0.031250
64,1146,0.031250
64,1147,0.031250
64,1148,0.031935
64,1149,0.015625
64,1150,0.046875
64,1151,0.031250
64,1152,0.015625
64,1153,0.031250
64,1154,0.015625
64,1155,0.015625
64,1156,0.031250
64,1157,0.015625
64,1158,0.031400
64,1159,0.015625
64,1160,0.031250
64,1161,0.015625
64,1162,0.032405
64,1163,0.015625
64,1164,0.015625
64,1165,0.030944
64,1166,0.031059
64,1167,0.031020
64,1168,0.032082
64,1169,0.031250
64,1170,0.031250
64,1171,0.028794
64,1172,0.031403
64,1173,0.030026
64,1174,0.015625
64,1175,0.031024
64,1176,0.031250
64,1177,0.029723
64,1178,0.031250
64,1179,0.030015
64,1180,0.015625
64,1181,0.031250
64,1182,0.031250
64,1183,0.030944
64,1184,0.031250
64,1185,0.015625
64,1186,0.015625
64,1187,0.030916
64,1188,0.031250
64,1189,0.015625
64,1190,0.015625
64,1191,0.031556
64,1192,0.030566
64,1193,0.030335
64,1194,0.031250
64,1195,0.015625
64,1196,0.033121
64,1197,0.032552
64,1198,0.030944
64,1199,0.030869
64,1200,0.031430
64,1201,0.028963
64,1202,0.028854
64,1203,0.028114
64,1204,0.015625
64,1205,0.031250
64,1206,0.015625
64,1207,0.029034
64,1208,0.029406
64,1209,0.029781
64,1210,0.031823
64,1211,0.031988
64,1212,0.015625
64,1213,0.031250
64,1214,0.046875
64,1215,0.031250
64,1216,0.031250
64,1217,0.030377
64,1218,0.015625
64,1219,0.032818
64,1220,0.030735
64,1221,0.030052
64,1222,0.028298
64,1223,0.031250
64,1224,0.031250
64,1225,0.030641
64,1226,0.015625
64,1227,0.026875
64,1228,0.015625
64,1229,0.031250
64,1230,0.015625
64,1231,0.029738
64,1232,0.031250
64,1233,0.031250
64,1234,0.046875
64,1235,0.000000
64,1236,0.028087
64,1237,0.031250
64,1238,0.031250
64,1239,0.015625
64,1240,0.031955
64,1241,0.031250
64,1242,0.031250
64,1243,0.015625
64,1244,0.031515
64,1245,0.031250
64,1246,0.030828
64,1247,0.031013
64,1248,0.029748
64,1249,0.015625
64,1250,0.030839
64,1251,0.015625
64,1252,0.015625
64,1253,0.015625
64,1254,0.031250
64,1255,0.031250
64,1256,0.031250
64,1257,0.031250
64,1258,0.031250
64,1259,0.027169
64,1260,0.031051
64,1261,0.015625
64,1262,0.015625
64,1263,0.031250
64,1264,0.027633
64,1265,0.031250
64,1266,0.015625
64,1267,0.027201
64,1268,0.028716
64,1269,0.031250
64,1270,0.029875
64,1271,0.031250
64,1272,0.015625
64,1273,0.031250
64,1274,0.029159
64,1275,0.031250
64,1276,0.031250
64,1277,0.031250
64,1278,0.031250
64,1279,0.031044
64,1280,0.029922
64,1281,0.000000
64,1282,0.000000
64,1283,0.027349
64,1284,0.000000
64,1285,0.027062
64,1286,0.027415
64,1287,0.031250
64,1288,0.028311
64,1289,0.027639
64,1290,0.031250
64,1291,0.031250
64,1292,0.030828
64,1293,0.000000
64,1294,0.015625
64,1295,0.000000
64,1296,0.015625
64,1297,0.026437
64,1298,0.031250
64,1299,0.031250
64,1300,0.030831
64,1301,0.015625
64,1302,0.029643
64,1303,0.028114
64,1304,0.015625
64,1305,0.027438
64,1306,0.015625
64,1307,0.015625
64,1308,0.026706
64,1309,0.015625
64,1310,0.031250
64,1311,0.031250
64,1312,0.028681
64,1313,0.015625
64,1314,0.028125
64,1315,0.030111
64,1316,0.031250
64,1317,0.030950
64,1318,0.031627
64,1319,0.029001
64,1320,0.015625
64,1321,0.031250
64,1322,0.027989
64,1323,0.015625
64,1324,0.032308
64,1325,0.015625
64,1326,0.029530
64,1327,0.015625
64,1328,0.028596
64,1329,0.015625
64,1330,0.029201
64,1331,0.026714
64,1332,0.026206
64,1333,0.027907
64,1334,0.015625
64,1335,0.031250
64,1336,0.026990
64,1337,0.026693
64,1338,0.027292
64,1339,0.015625
64,1340,0.026186
64,1341,0.026630
64,1342,0.031250
64,1343,0.015625
64,1344,0.015625
64,1345,0.029602
64,1346,0.027966
64,1347,0.015625
64,1348,0.027503
64,1349,0.031250
64,1350,0.027544
64,1351,0.031250
64,1352,0.031250
64,1353,0.031250
64,1354,0.031250
64,1355,0.025731
64,1356,0.028975
64,1357,0.030641
64,1358,0.029485
64,1359,0.026605
64,1360,0.015625
64,1361,0.015625
64,1362,0.015625
64,1363,0.015625
64,1364,0.031250
64,1365,0.015625
64,1366,0.026169
64,1367,0.026229
64,1368,0.031039
64,1369,0.015625
64,1370,0.015625
64,1371,0.015625
64,1372,0.026052
64,1373,0.026812
64,1374,0.025425
64,1375,0.015625
64,1376,0.031250
64,1377,0.015625
64,1378,0.015625
64,1379,0.025567
64,1380,0.031250
64,1381,0.031250
64,1382,0.025171
64,1383,0.024603
64,1384,0.025175
64,1385,0.015625
64,1386,0.015625
64,1387,0.030757
64,1388,0.025794
64,1389,0.000000
64,1390,0.025985
64,1391,0.027004
64,1392,0.026594
64,1393,0.015625
64,1394,0.026715
64,1395,0.015625
64,1396,0.015625
64,1397,0.024998
64,1398,0.029253
64,1399,0.015625
64,1400,0.000000
64,1401,0.024792
64,1402,0.030944
64,1403,0.015625
64,1404,0.025608
64,1405,0.027008
64,1406,0.015625
64,1407,0.024294
64,1408,0.024883
64,1409,0.015625
64,1410,0.025128
64,1411,0.025392
64,1412,0.030899
64,1413,0.025831
64,1414,0.025097
64,1415,0.025015
64,1416,0.024990
64,1417,0.024642
64,1418,0.025935
64,1419,0.026083
64,1420,0.000000
64,1421,0.015625
64,1422,0.025106
64,1423,0.015625
64,1424,0.026105
64,1425,0.031250
64,1426,0.015625
64,1427,0.025401
64,1428,0.023865
64,1429,0.024366
64,1430,0.023095
64,1431,0.015625
64,1432,0.015625
64,1433,0.015625
64,1434,0.015625
64,1435,0.015625
64,1436,0.031690
64,1437,0.015625
64,1438,0.031250
64,1439,0.024912
64,1440,0.025783
64,1441,0.015625
64,1442,0.015625
64,1443,0.023040
64,1444,0.046875
64,1445,0.015625
64,1446,0.030649
64,1447,0.024980
64,1448,0.015625
64,1449,0.031250
64,1450,0.015625
64,1451,0.024830
64,1452,0.025848
64,1453,0.024043
64,1454,0.024006
64,1455,0.015625
64,1456,0.024855
64,1457,0.031448
64,1458,0.023707
64,1459,0.031250
64,1460,0.023780
64,1461,0.015625
64,1462,0.024983
64,1463,0.015625
64,1464,0.031250
64,1465,0.025316
64,1466,0.024529
64,1467,0.025858
64,1468,0.015625
64,1469,0.024505
64,1470,0.015625
64,1471,0.031250
64,1472,0.024941
64,1473,0.023577
64,1474,0.024315
64,1475,0.023348
64,1476,0.015625
64,1477,0.015625
64,1478,0.024059
64,1479,0.015625
64,1480,0.015625
64,1481,0.024618
64,1482,0.024852
64,1483,0.024832
64,1484,0.024336
64,1485,0.015625
64,1486,0.031250
64,1487,0.023893
64,1488,0.031250
64,1489,0.015625
64,1490,0.015625
64,1491,0.015625
64,1492,0.015625
64,1493,0.000000
64,1494,0.015625
64,1495,0.015625
64,1496,0.022990
64,1497,0.024034
64,1498,0.023045
64,1499,0.025665
64,1500,0.031250
64,1501,0.024510
64,1502,0.015625
64,1503,0.031250
64,1504,0.024454
64,1505,0.031250
64,1506,0.025012
64,1507,0.031250
64,1508,0.023989
64,1509,0.022840
64,1510,0.015625
64,1511,0.023155
64,1512,0.023257
64,1513,0.024460
64,1514,0.023727
64,1515,0.015625
64,1516,0.015625
64,1517,0.023772
64,1518,0.000000
64,1519,0.024833
64,1520,0.015625
64,1521,0.023329
64,1522,0.015625
64,1523,0.024725
64,1524,0.031250
64,1525,0.023228
64,1526,0.000000
64,1527,0.024260
64,1528,0.022181
64,1529,0.024050
64,1530,0.015625
64,1531,0.023115
64,1532,0.023806
64,1533,0.015625
64,1534,0.023611
64,1535,0.023228
64,1536,0.022771
64,1537,0.015625
64,1538,0.021655
64,1539,0.023016
64,1540,0.022586
64,1541,0.022542
64,1542,0.022908
64,1543,0.015625
64,1544,0.023737
64,1545,0.015625
64,1546,0.024745
64,1547,0.015625
64,1548,0.015625
64,1549,0.024172
64,1550,0.024632
64,1551,0.015625
64,1552,0.015625
64,1553,0.000000
64,1554,0.015625
64,1555,0.021802
64,1556,0.022621
64,1557,0.015625
64,1558,0.015625
64,1559,0.015625
64,1560,0.023603
64,1561,0.022779
64,1562,0.022523
64,1563,0.000000
64,1564,0.022655
64,1565,0.000000
64,1566,0.023257
64,1567,0.021814
64,1568,0.015625
64,1569,0.022090
64,1570,0.022687
64,1571,0.023125
64,1572,0.031250
64,1573,0.023547
64,1574,0.022183
64,1575,0.015625
64,1576,0.021796
64,1577,0.031250
64,1578,0.031250
64,1579,0.022723
64,1580,0.022301
64,1581,0.022851
64,1582,0.022088
64,1583,0.015625
64,1584,0.022856
64,1585,0.015625
64,1586,0.025401
64,1587,0.021399
64,1588,0.023631
64,1589,0.023870
64,1590,0.015625
64,1591,0.015625
64,1592,0.022783
64,1593,0.022771
64,1594,0.015625
64,1595,0.015625
64,1596,0.015625
64,1597,0.031250
64,1598,0.022120
64,1599,0.022999
64,1600,0.022036
64,1601,0.015625
64,1602,0.015625
64,1603,0.015625
64,1604,0.015625
64,1605,0.015625
64,1606,0.015625
64,1607,0.021820
64,1608,0.015625
64,1609,0.000000
64,1610,0.015625
64,1611,0.022247
64,1612,0.021279
64,1613,0.015625
64,1614,0.015625
64,1615,0.022098
64,1616,0.015625
64,1617,0.020787
64,1618,0.021418
64,1619,0.031250
64,1620,0.000000
64,1621,0.022413
64,1622,0.000000
64,1623,0.015625
64,1624,0.015625
64,1625,0.015625
64,1626,0.015625
64,1627,0.015625
64,1628,0.022586
64,1629,0.022389
64,1630,0.021450
64,1631,0.021305
64,1632,0.021305
64,1633,0.015625
64,1634,0.015625
64,1635,0.021279
64,1636,0.021166
64,1637,0.022360
64,1638,0.021583
64,1639,0.000000
64,1640,0.021868
64,1641,0.015625
64,1642,0.015625
64,1643,0.020715
64,1644,0.031250
64,1645,0.015625
64,1646,0.015625
64,1647,0.020641
64,1648,0.015625
64,1649,0.015625
64,1650,0.015625
64,1651,0.019657
64,1652,0.022138
64,1653,0.015625
64,1654,0.015625
64,1655,0.015625
64,1656,0.020813
64,1657,0.015625
64,1658,0.015625
64,1659,0.015625
64,1660,0.021246
64,1661,0.015625
64,1662,0.015625
64,1663,0.021140
64,1664,0.015625
64,1665,0.020548
64,1666,0.015427
64,1667,0.031250
64,1668,0.020393
64,1669,0.015625
64,1670,0.015625
64,1671,0.015625
64,1672,0.022493
64,1673,0.020817
64,1674,0.021635
64,1675,0.015625
64,1676,0.015625
64,1677,0.015625
64,1678,0.021492
64,1679,0.020200
64,1680,0.015625
64,1681,0.015625
64,1682,0.000000
64,1683,0.015625
64,1684,0.015625
64,1685,0.000000
64,1686,0.031250
64,1687,0.015625
64,1688,0.021851
64,1689,0.000000
64,1690,0.020421
64,1691,0.020200
64,1692,0.019846
64,1693,0.015625
64,1694,0.031250
64,1695,0.015625
64,1696,0.015625
64,1697,0.031250
64,1698,0.022017
64,1699,0.000000
64,1700,0.021853
64,1701,0.031250
64,1702,0.015625
64,1703,0.021719
64,1704,0.015625
64,1705,0.015625
64,1706,0.021003
64,1707,0.015625
64,1708,0.021755
64,1709,0.015625
64,1710,0.015625
64,1711,0.015625
64,1712,0.015625
64,1713,0.021940
64,1714,0.015625
64,1715,0.022070
64,1716,0.021955
64,1717,0.015625
64,1718,0.022402
64,1719,0.015625
64,1720,0.015625
64,1721,0.000000
64,1722,0.015625
64,1723,0.020380
64,1724,0.020916
64,1725,0.020240
64,1726,0.020421
64,1727,0.019574
64,1728,0.015625
64,1729,0.020016
64,1730,0.015625
64,1731,0.015625
64,1732,0.015625
64,1733,0.020386
64,1734,0.015625
64,1735,0.015625
64,1736,0.015625
64,1737,0.000000
64,1738,0.015625
64,1739,0.015625
64,1740,0.015625
64,1741,0.000000
64,1742,0.015625
64,1743,0.015625
64,1744,0.020317
64,1745,0.020139
64,1746,0.019780
64,1747,0.021774
64,1748,0.015625
64,1749,0.015625
64,1750,0.021106
64,1751,0.020715
64,1752,0.020804
64,1753,0.019762
64,1754,0.015625
64,1755,0.000000
64,1756,0.015625
64,1757,0.015625
64,1758,0.015625
64,1759,0.015625
64,1760,0.015625
64,1761,0.019084
64,1762,0.015625
64,1763,0.031250
64,1764,0.000000
64,1765,0.015625
64,1766,0.019242
64,1767,0.015625
64,1768,0.015625
64,1769,0.020255
64,1770,0.020907
64,1771,0.015625
64,1772,0.015625
64,1773,0.015625
64,1774,0.015625
64,1775,0.015625
64,1776,0.015625
64,1777,0.020629
64,1778,0.018969
64,1779,0.015625
64,1780,0.019822
64,1781,0.021769
64,1782,0.015625
64,1783,0.019736
64,1784,0.015625
64,1785,0.031250
64,1786,0.000000
64,1787,0.015625
64,1788,0.019223
64,1789,0.019803
64,1790,0.015625
64,1791,0.000000
64,1792,0.000000
64,1793,0.015625
64,1794,0.015625
64,1795,0.019773
64,1796,0.015625
64,1797,0.016206
64,1798,0.000000
64,1799,0.020351
64,1800,0.015625
64,1801,0.019787
64,1802,0.015625
64,1803,0.031250
64,1804,0.015625
64,1805,0.000000
64,1806,0.019686
64,1807,0.000000
64,1808,0.015625
64,1809,0.015625
64,1810,0.019585
64,1811,0.019468
64,1812,0.018552
64,1813,0.000000
64,1814,0.015625
64,1815,0.015625
64,1816,0.019638
64,1817,0.019634
64,1818,0.015625
64,1819,0.019776
64,1820,0.019880
64,1821,0.015625
64,1822,0.015625
64,1823,0.015625
64,1824,0.015625
64,1825,0.019670
64,1826,0.018623
64,1827,0.000000
64,1828,0.015625
64,1829,0.000000
64,1830,0.015625
64,1831,0.000000
64,1832,0.015625
64,1833,0.015625
64,1834,0.020404
64,1835,0.019968
64,1836,0.016210
64,1837,0.019562
64,1838,0.015625
64,1839,0.019931
64,1840,0.031250
64,1841,0.015625
64,1842,0.000000
64,1843,0.015625
64,1844,0.019175
64,1845,0.020407
64,1846,0.015625
64,1847,0.015625
64,1848,0.015625
64,1849,0.018240
64,1850,0.015625
64,1851,0.018442
64,1852,0.015625
64,1853,0.020673
64,1854,0.019603
64,1855,0.015625
64,1856,0.000000
64,1857,0.015625
64,1858,0.015625
64,1859,0.015625
64,1860,0.018750
64,1861,0.015625
64,1862,0.000000
64,1863,0.015625
64,1864,0.015625
64,1865,0.015625
64,1866,0.015625
64,1867,0.015625
64,1868,0.019070
64,1869,0.015625
64,1870,0.015625
64,1871,0.019973
64,1872,0.015625
64,1873,0.015625
64,1874,0.015625
64,1875,0.015625
64,1876,0.018716
64,1877,0.018798
64,1878,0.015839
64,1879,0.015625
64,1880,0.015625
64,1881,0.031250
64,1882,0.015327
64,1883,0.016965
64,1884,0.015625
64,1885,0.015625
64,1886,0.015625
64,1887,0.018716
64,1888,0.015625
64,1889,0.018805
64,1890,0.018772
64,1891,0.018189
64,1892,0.031250
64,1893,0.015625
64,1894,0.015625
64,1895,0.019484
64,1896,0.018845
64,1897,0.018360
64,1898,0.018097
64,1899,0.000000
64,1900,0.000000
64,1901,0.015625
64,1902,0.015625
64,1903,0.015625
64,1904,0.015625
64,1905,0.016093
64,1906,0.018697
64,1907,0.016043
64,1908,0.000000
64,1909,0.015625
64,1910,0.000000
64,1911,0.000000
64,1912,0.015625
64,1913,0.018162
64,1914,0.019790
64,1915,0.015625
64,1916,0.015625
64,1917,0.015625
64,1918,0.018780
64,1919,0.015625
64,1920,0.018988
64,1921,0.015625
64,1922,0.017568
64,1923,0.015625
64,1924,0.017295
64,1925,0.018520
64,1926,0.015625
64,1927,0.031250
64,1928,0.015625
64,1929,0.015625
64,1930,0.015625
64,1931,0.015625
64,1932,0.017868
64,1933,0.015625
64,1934,0.017836
64,1935,0.015625
64,1936,0.016116
64,1937,0.018363
64,1938,0.000000
64,1939,0.000000
64,1940,0.015625
64,1941,0.000000
64,1942,0.015625
64,1943,0.031250
64,1944,0.015625
64,1945,0.015625
64,1946,0.016113
64,1947,0.018262
64,1948,0.015625
64,1949,0.017810
64,1950,0.000000
64,1951,0.015625
64,1952,0.000000
64,1953,0.000000
64,1954,0.016116
64,1955,0.015625
64,1956,0.015625
64,1957,0.015625
64,1958,0.015625
64,1959,0.015625
64,1960,0.015625
64,1961,0.015625
64,1962,0.015625
64,1963,0.017936
64,1964,0.016651
64,1965,0.015799
64,1966,0.015625
64,1967,0.015625
64,1968,0.018827
64,1969,0.000000
64,1970,0.017382
64,1971,0.017950
64,1972,0.000000
64,1973,0.015625
64,1974,0.015625
64,1975,0.015625
64,1976,0.015625
64,1977,0.015625
64,1978,0.018701
64,1979,0.018307
64,1980,0.015625
64,1981,0.015625
64,1982,0.015625
64,1983,0.031250
64,1984,0.015842
64,1985,0.015625
64,1986,0.015625
64,1987,0.015625
64,1988,0.015625
64,1989,0.015625
64,1990,0.000000
64,1991,0.015625
64,1992,0.015358
64,1993,0.015625
64,1994,0.015625
64,1995,0.015625
64,1996,0.000000
64,1997,0.000000
64,1998,0.015625
64,1999,0.000000
64,2000,0.015625
64,2001,0.015467
64,2002,0.015625
64,2003,0.015625
64,2004,0.000000
64,2005,0.015625
64,2006,0.015625
64,2007,0.015625
64,2008,0.015625
64,2009,0.018155
64,2010,0.015625
64,2011,0.017616
64,2012,0.015625
64,2013,0.015625
64,2014,0.015625
64,2015,0.015625
64,2016,0.015625
64,2017,0.015625
64,2018,0.000000
64,2019,0.016169
64,2020,0.015625
64,2021,0.015625
64,2022,0.015625
64,2023,0.015625
64,2024,0.015625
64,2025,0.015625
64,2026,0.017302
64,2027,0.015625
64,2028,0.000000
64,2029,0.017770
64,2030,0.015625
64,2031,0.018170
64,2032,0.015976
64,2033,0.019141
64,2034,0.018317
64,2035,0.015625
64,2036,0.015625
64,2037,0.015625
64,2038,0.000000
64,2039,0.015625
64,2040,0.000000
64,2041,0.015625
64,2042,0.015625
64,2043,0.015625
64,2044,0.000000
64,2045,0.000000
64,2046,0.015791
64,2047,0.015625
64,2048,0.017715
