processors,memory modules,wait-times
2,1,0.493056
2,2,0.000000
2,3,0.000000
2,4,0.000000
2,5,0.000000
2,6,0.085083
2,7,0.073700
2,8,0.000000
2,9,0.000000
2,10,0.049890
2,11,0.046800
2,12,0.000000
2,13,0.000000
2,14,0.000000
2,15,0.033593
2,16,0.000000
2,17,0.026600
2,18,0.030300
2,19,0.000000
2,20,0.000000
2,21,0.000000
2,22,0.000000
2,23,0.000000
2,24,0.000000
2,25,0.000000
2,26,0.000000
2,27,0.000000
2,28,0.000000
2,29,0.000000
2,30,0.000000
2,31,0.000000
2,32,0.000000
2,33,0.000000
2,34,0.000000
2,35,0.000000
2,36,0.000000
2,37,0.000000
2,38,0.000000
2,39,0.000000
2,40,0.000000
2,41,0.000000
2,42,0.000000
2,43,0.000000
2,44,0.000000
2,45,0.000000
2,46,0.000000
2,47,0.000000
2,48,0.000000
2,49,0.000000
2,50,0.000000
2,51,0.000000
2,52,0.000000
2,53,0.000000
2,54,0.000000
2,55,0.000000
2,56,0.000000
2,57,0.000000
2,58,0.000000
2,59,0.000000
2,60,0.000000
2,61,0.000000
2,62,0.000000
2,63,0.000000
2,64,0.000000
2,65,0.000000
2,66,0.000000
2,67,0.000000
2,68,0.000000
2,69,0.000000
2,70,0.000000
2,71,0.000000
2,72,0.000000
2,73,0.000000
2,74,0.000000
2,75,0.000000
2,76,0.000000
2,77,0.000000
2,78,0.000000
2,79,0.000000
2,80,0.005400
2,81,0.000000
2,82,0.000000
2,83,0.000000
2,84,0.000000
2,85,0.000000
2,86,0.000000
2,87,0.000000
2,88,0.000000
2,89,0.000000
2,90,0.000000
2,91,0.000000
2,92,0.000000
2,93,0.000000
2,94,0.000000
2,95,0.000000
2,96,0.000000
2,97,0.000000
2,98,0.000000
2,99,0.000000
2,100,0.000000
2,101,0.000000
2,102,0.000000
2,103,0.000000
2,104,0.000000
2,105,0.000000
2,106,0.000000
2,107,0.000000
2,108,0.000000
2,109,0.000000
2,110,0.000000
2,111,0.000000
2,112,0.000000
2,113,0.000000
2,114,0.000000
2,115,0.000000
2,116,0.000000
2,117,0.000000
2,118,0.000000
2,119,0.000000
2,120,0.000000
2,121,0.000000
2,122,0.000000
2,123,0.000000
2,124,0.000000
2,125,0.000000
2,126,0.000000
2,127,0.000000
2,128,0.000000
2,129,0.000000
2,130,0.000000
2,131,0.000000
2,132,0.000000
2,133,0.000000
2,134,0.000000
2,135,0.000000
2,136,0.000000
2,137,0.000000
2,138,0.000000
2,139,0.004199
2,140,0.000000
2,141,0.000000
2,142,0.000000
2,143,0.000000
2,144,0.000000
2,145,0.000000
2,146,0.000000
2,147,0.000000
2,148,0.000000
2,149,0.000000
2,150,0.000000
2,151,0.000000
2,152,0.000000
2,153,0.000000
2,154,0.000000
2,155,0.000000
2,156,0.000000
2,157,0.000000
2,158,0.000000
2,159,0.000000
2,160,0.000000
2,161,0.000000
2,162,0.000000
2,163,0.000000
2,164,0.000000
2,165,0.000000
2,166,0.000000
2,167,0.000000
2,168,0.000000
2,169,0.000000
2,170,0.000000
2,171,0.000000
2,172,0.000000
2,173,0.000000
2,174,0.000000
2,175,0.000000
2,176,0.000000
2,177,0.000000
2,178,0.000000
2,179,0.000000
2,180,0.000000
2,181,0.000000
2,182,0.000000
2,183,0.000000
2,184,0.000000
2,185,0.000000
2,186,0.000000
2,187,0.000000
2,188,0.000000
2,189,0.000000
2,190,0.000000
2,191,0.000000
2,192,0.000000
2,193,0.000000
2,194,0.000000
2,195,0.000000
2,196,0.000000
2,197,0.000000
2,198,0.000000
2,199,0.000000
2,200,0.000000
2,201,0.000000
2,202,0.000000
2,203,0.000000
2,204,0.000000
2,205,0.000000
2,206,0.002899
2,207,0.000000
2,208,0.000000
2,209,0.000000
2,210,0.000000
2,211,0.000000
2,212,0.000000
2,213,0.000000
2,214,0.000000
2,215,0.000000
2,216,0.000000
2,217,0.000000
2,218,0.000000
2,219,0.000000
2,220,0.000000
2,221,0.000000
2,222,0.000000
2,223,0.000000
2,224,0.000000
2,225,0.000000
2,226,0.000000
2,227,0.000000
2,228,0.000000
2,229,0.000000
2,230,0.000000
2,231,0.000000
2,232,0.000000
2,233,0.000000
2,234,0.000000
2,235,0.000000
2,236,0.000000
2,237,0.000000
2,238,0.000000
2,239,0.000000
2,240,0.000000
2,241,0.000000
2,242,0.000000
2,243,0.000000
2,244,0.000000
2,245,0.000000
2,246,0.000000
2,247,0.000000
2,248,0.000000
2,249,0.000000
2,250,0.000000
2,251,0.000000
2,252,0.000000
2,253,0.000000
2,254,0.000000
2,255,0.000000
2,256,0.000000
2,257,0.000000
2,258,0.000000
2,259,0.000000
2,260,0.000000
2,261,0.000000
2,262,0.000000
2,263,0.000000
2,264,0.000000
2,265,0.000000
2,266,0.000000
2,267,0.000000
2,268,0.000000
2,269,0.000000
2,270,0.000000
2,271,0.000000
2,272,0.000000
2,273,0.000000
2,274,0.000000
2,275,0.000000
2,276,0.000000
2,277,0.000000
2,278,0.000000
2,279,0.000000
2,280,0.000000
2,281,0.000000
2,282,0.000000
2,283,0.000000
2,284,0.000000
2,285,0.000000
2,286,0.000000
2,287,0.000000
2,288,0.000000
2,289,0.000000
2,290,0.000000
2,291,0.000000
2,292,0.000000
2,293,0.000000
2,294,0.000000
2,295,0.000000
2,296,0.000000
2,297,0.000000
2,298,0.000000
2,299,0.000000
2,300,0.000000
2,301,0.000000
2,302,0.000000
2,303,0.000000
2,304,0.000000
2,305,0.000000
2,306,0.000000
2,307,0.000000
2,308,0.000000
2,309,0.000000
2,310,0.000000
2,311,0.000000
2,312,0.000000
2,313,0.000000
2,314,0.000000
2,315,0.000000
2,316,0.000000
2,317,0.000000
2,318,0.000000
2,319,0.000000
2,320,0.000000
2,321,0.000000
2,322,0.000000
2,323,0.000000
2,324,0.000000
2,325,0.000000
2,326,0.000000
2,327,0.000000
2,328,0.000000
2,329,0.000000
2,330,0.000000
2,331,0.000000
2,332,0.000000
2,333,0.000000
2,334,0.000000
2,335,0.000000
2,336,0.000000
2,337,0.000000
2,338,0.000000
2,339,0.000000
2,340,0.000000
2,341,0.000000
2,342,0.001900
2,343,0.001500
2,344,0.000000
2,345,0.000000
2,346,0.000000
2,347,0.000000
2,348,0.000000
2,349,0.000000
2,350,0.000000
2,351,0.000000
2,352,0.000000
2,353,0.000000
2,354,0.000000
2,355,0.000000
2,356,0.000000
2,357,0.000000
2,358,0.000000
2,359,0.000000
2,360,0.000000
2,361,0.000000
2,362,0.000000
2,363,0.001700
2,364,0.000000
2,365,0.000000
2,366,0.000000
2,367,0.000000
2,368,0.000000
2,369,0.000000
2,370,0.000000
2,371,0.000000
2,372,0.000000
2,373,0.000000
2,374,0.000000
2,375,0.000000
2,376,0.000000
2,377,0.000000
2,378,0.000000
2,379,0.000000
2,380,0.000000
2,381,0.000000
2,382,0.000000
2,383,0.000000
2,384,0.000000
2,385,0.000000
2,386,0.000000
2,387,0.000000
2,388,0.000000
2,389,0.000000
2,390,0.000000
2,391,0.000000
2,392,0.000000
2,393,0.000000
2,394,0.000000
2,395,0.000000
2,396,0.000000
2,397,0.000000
2,398,0.000000
2,399,0.000000
2,400,0.000000
2,401,0.000000
2,402,0.000000
2,403,0.000000
2,404,0.000000
2,405,0.000000
2,406,0.000000
2,407,0.001800
2,408,0.000000
2,409,0.000000
2,410,0.000000
2,411,0.000000
2,412,0.000000
2,413,0.000000
2,414,0.000000
2,415,0.000000
2,416,0.000000
2,417,0.000000
2,418,0.000000
2,419,0.000000
2,420,0.000000
2,421,0.000000
2,422,0.000000
2,423,0.000000
2,424,0.000000
2,425,0.000000
2,426,0.000000
2,427,0.000000
2,428,0.000000
2,429,0.000000
2,430,0.000000
2,431,0.000000
2,432,0.000000
2,433,0.000000
2,434,0.000000
2,435,0.000000
2,436,0.000000
2,437,0.000000
2,438,0.000000
2,439,0.000000
2,440,0.000000
2,441,0.000000
2,442,0.000000
2,443,0.000000
2,444,0.000000
2,445,0.000000
2,446,0.000000
2,447,0.000000
2,448,0.000000
2,449,0.000000
2,450,0.000000
2,451,0.000000
2,452,0.000000
2,453,0.000000
2,454,0.000000
2,455,0.000000
2,456,0.000000
2,457,0.000000
2,458,0.000000
2,459,0.000000
2,460,0.000000
2,461,0.000000
2,462,0.000000
2,463,0.000000
2,464,0.000000
2,465,0.000000
2,466,0.000000
2,467,0.000000
2,468,0.000000
2,469,0.000000
2,470,0.000000
2,471,0.000000
2,472,0.000000
2,473,0.000000
2,474,0.000000
2,475,0.000000
2,476,0.000000
2,477,0.000000
2,478,0.000000
2,479,0.000000
2,480,0.000000
2,481,0.000000
2,482,0.000000
2,483,0.000000
2,484,0.000000
2,485,0.000000
2,486,0.000000
2,487,0.000000
2,488,0.000000
2,489,0.000000
2,490,0.000000
2,491,0.000000
2,492,0.000000
2,493,0.000000
2,494,0.000000
2,495,0.000000
2,496,0.000000
2,497,0.000000
2,498,0.000000
2,499,0.000000
2,500,0.000000
2,501,0.000000
2,502,0.000000
2,503,0.000000
2,504,0.000000
2,505,0.000000
2,506,0.000000
2,507,0.000000
2,508,0.000000
2,509,0.000000
2,510,0.000000
2,511,0.000000
2,512,0.000000
2,513,0.000000
2,514,0.000000
2,515,0.000000
2,516,0.000000
2,517,0.000000
2,518,0.000000
2,519,0.000000
2,520,0.000000
2,521,0.000000
2,522,0.000000
2,523,0.000000
2,524,0.000000
2,525,0.000000
2,526,0.000000
2,527,0.000000
2,528,0.000000
2,529,0.000000
2,530,0.000000
2,531,0.000000
2,532,0.000000
2,533,0.000000
2,534,0.000000
2,535,0.000000
2,536,0.000000
2,537,0.000000
2,538,0.000000
2,539,0.000000
2,540,0.000000
2,541,0.000000
2,542,0.000000
2,543,0.000000
2,544,0.000000
2,545,0.000000
2,546,0.000000
2,547,0.000000
2,548,0.000000
2,549,0.000000
2,550,0.000000
2,551,0.000000
2,552,0.000000
2,553,0.000000
2,554,0.000000
2,555,0.000000
2,556,0.000000
2,557,0.000000
2,558,0.000000
2,559,0.000000
2,560,0.000000
2,561,0.000000
2,562,0.000000
2,563,0.000000
2,564,0.000000
2,565,0.000000
2,566,0.000000
2,567,0.000000
2,568,0.000000
2,569,0.000000
2,570,0.000000
2,571,0.000000
2,572,0.000000
2,573,0.000000
2,574,0.000000
2,575,0.000000
2,576,0.000000
2,577,0.000000
2,578,0.000000
2,579,0.000000
2,580,0.000000
2,581,0.000000
2,582,0.000000
2,583,0.000000
2,584,0.000000
2,585,0.000000
2,586,0.000000
2,587,0.000000
2,588,0.000000
2,589,0.000000
2,590,0.000000
2,591,0.000000
2,592,0.000000
2,593,0.000000
2,594,0.000000
2,595,0.000000
2,596,0.000000
2,597,0.000000
2,598,0.000000
2,599,0.000000
2,600,0.000000
2,601,0.000000
2,602,0.000000
2,603,0.000000
2,604,0.000000
2,605,0.000000
2,606,0.000000
2,607,0.000000
2,608,0.000000
2,609,0.000000
2,610,0.000000
2,611,0.000000
2,612,0.000000
2,613,0.000000
2,614,0.000000
2,615,0.000000
2,616,0.000000
2,617,0.000000
2,618,0.000000
2,619,0.000000
2,620,0.000000
2,621,0.000000
2,622,0.000000
2,623,0.000000
2,624,0.000000
2,625,0.000000
2,626,0.000000
2,627,0.000000
2,628,0.000000
2,629,0.000000
2,630,0.000000
2,631,0.000000
2,632,0.000000
2,633,0.000000
2,634,0.000000
2,635,0.000000
2,636,0.000000
2,637,0.000000
2,638,0.000000
2,639,0.000000
2,640,0.000000
2,641,0.000000
2,642,0.000000
2,643,0.000000
2,644,0.000000
2,645,0.000000
2,646,0.000000
2,647,0.000000
2,648,0.000000
2,649,0.000000
2,650,0.000000
2,651,0.000000
2,652,0.000000
2,653,0.000000
2,654,0.000000
2,655,0.000000
2,656,0.000000
2,657,0.000000
2,658,0.000000
2,659,0.000000
2,660,0.000000
2,661,0.000000
2,662,0.000000
2,663,0.000000
2,664,0.000000
2,665,0.000000
2,666,0.000000
2,667,0.000000
2,668,0.000000
2,669,0.000000
2,670,0.000000
2,671,0.000000
2,672,0.000000
2,673,0.000000
2,674,0.000000
2,675,0.000000
2,676,0.000000
2,677,0.000000
2,678,0.000000
2,679,0.000000
2,680,0.000000
2,681,0.000000
2,682,0.000000
2,683,0.000000
2,684,0.000000
2,685,0.000000
2,686,0.000000
2,687,0.000000
2,688,0.000000
2,689,0.000000
2,690,0.000000
2,691,0.000000
2,692,0.000000
2,693,0.000000
2,694,0.000000
2,695,0.000000
2,696,0.000000
2,697,0.000000
2,698,0.000000
2,699,0.000000
2,700,0.000000
2,701,0.000000
2,702,0.000000
2,703,0.000000
2,704,0.000800
2,705,0.000000
2,706,0.000000
2,707,0.000000
2,708,0.000000
2,709,0.000000
2,710,0.000000
2,711,0.000000
2,712,0.000000
2,713,0.000000
2,714,0.000000
2,715,0.000000
2,716,0.000000
2,717,0.000000
2,718,0.000000
2,719,0.000000
2,720,0.000000
2,721,0.000000
2,722,0.000000
2,723,0.000000
2,724,0.000000
2,725,0.000000
2,726,0.000000
2,727,0.000000
2,728,0.000000
2,729,0.000000
2,730,0.000000
2,731,0.000000
2,732,0.000000
2,733,0.000000
2,734,0.000000
2,735,0.000000
2,736,0.000000
2,737,0.000000
2,738,0.000000
2,739,0.000000
2,740,0.000000
2,741,0.000000
2,742,0.000000
2,743,0.000000
2,744,0.000000
2,745,0.000000
2,746,0.000000
2,747,0.000000
2,748,0.000000
2,749,0.000000
2,750,0.000000
2,751,0.000000
2,752,0.000000
2,753,0.000000
2,754,0.000000
2,755,0.000000
2,756,0.000000
2,757,0.000000
2,758,0.000000
2,759,0.000000
2,760,0.000000
2,761,0.000000
2,762,0.000000
2,763,0.000000
2,764,0.000000
2,765,0.000000
2,766,0.000000
2,767,0.000000
2,768,0.000000
2,769,0.000000
2,770,0.000000
2,771,0.000000
2,772,0.000000
2,773,0.000000
2,774,0.000000
2,775,0.000000
2,776,0.000000
2,777,0.000000
2,778,0.000000
2,779,0.000000
2,780,0.000000
2,781,0.000000
2,782,0.000000
2,783,0.000000
2,784,0.000000
2,785,0.000000
2,786,0.000000
2,787,0.000000
2,788,0.000000
2,789,0.000000
2,790,0.000000
2,791,0.000000
2,792,0.000000
2,793,0.000000
2,794,0.000000
2,795,0.000000
2,796,0.000000
2,797,0.000000
2,798,0.000000
2,799,0.000000
2,800,0.000000
2,801,0.000000
2,802,0.000000
2,803,0.000000
2,804,0.000000
2,805,0.000000
2,806,0.000000
2,807,0.000000
2,808,0.000000
2,809,0.000000
2,810,0.000000
2,811,0.000000
2,812,0.000000
2,813,0.000000
2,814,0.000000
2,815,0.000000
2,816,0.000000
2,817,0.000000
2,818,0.000000
2,819,0.000000
2,820,0.000000
2,821,0.000000
2,822,0.000000
2,823,0.000000
2,824,0.000000
2,825,0.000000
2,826,0.000000
2,827,0.000000
2,828,0.000000
2,829,0.000000
2,830,0.000000
2,831,0.000000
2,832,0.000000
2,833,0.000000
2,834,0.000000
2,835,0.000000
2,836,0.000000
2,837,0.000000
2,838,0.000000
2,839,0.000000
2,840,0.000000
2,841,0.000000
2,842,0.000000
2,843,0.000000
2,844,0.000000
2,845,0.000000
2,846,0.000000
2,847,0.000000
2,848,0.000000
2,849,0.000000
2,850,0.000000
2,851,0.000000
2,852,0.000000
2,853,0.000000
2,854,0.000000
2,855,0.000000
2,856,0.000000
2,857,0.000000
2,858,0.000000
2,859,0.000000
2,860,0.000000
2,861,0.000000
2,862,0.000000
2,863,0.000000
2,864,0.000000
2,865,0.000000
2,866,0.000000
2,867,0.000000
2,868,0.000000
2,869,0.000000
2,870,0.000000
2,871,0.000000
2,872,0.000000
2,873,0.000000
2,874,0.000000
2,875,0.000000
2,876,0.000000
2,877,0.000000
2,878,0.000000
2,879,0.000000
2,880,0.000000
2,881,0.000000
2,882,0.000000
2,883,0.000000
2,884,0.000000
2,885,0.000000
2,886,0.000000
2,887,0.000000
2,888,0.000000
2,889,0.000000
2,890,0.000000
2,891,0.000000
2,892,0.000000
2,893,0.000000
2,894,0.000000
2,895,0.000000
2,896,0.000000
2,897,0.000000
2,898,0.000000
2,899,0.000000
2,900,0.000000
2,901,0.000000
2,902,0.000000
2,903,0.000000
2,904,0.000000
2,905,0.000000
2,906,0.000000
2,907,0.000000
2,908,0.000000
2,909,0.000000
2,910,0.000000
2,911,0.000000
2,912,0.000000
2,913,0.000000
2,914,0.000000
2,915,0.000000
2,916,0.000000
2,917,0.000000
2,918,0.000000
2,919,0.000000
2,920,0.000000
2,921,0.000000
2,922,0.000000
2,923,0.000000
2,924,0.000000
2,925,0.000000
2,926,0.000000
2,927,0.000000
2,928,0.000000
2,929,0.000000
2,930,0.000000
2,931,0.000000
2,932,0.000000
2,933,0.000000
2,934,0.000000
2,935,0.000000
2,936,0.000000
2,937,0.000000
2,938,0.000000
2,939,0.000000
2,940,0.000000
2,941,0.000000
2,942,0.000000
2,943,0.000000
2,944,0.000000
2,945,0.000000
2,946,0.000000
2,947,0.000000
2,948,0.000000
2,949,0.000000
2,950,0.000000
2,951,0.000000
2,952,0.000000
2,953,0.000000
2,954,0.000000
2,955,0.000000
2,956,0.000000
2,957,0.000000
2,958,0.000000
2,959,0.000000
2,960,0.000000
2,961,0.000000
2,962,0.000000
2,963,0.000000
2,964,0.000000
2,965,0.000000
2,966,0.000000
2,967,0.000000
2,968,0.000000
2,969,0.000000
2,970,0.000000
2,971,0.000000
2,972,0.000000
2,973,0.000000
2,974,0.000000
2,975,0.000000
2,976,0.000000
2,977,0.000000
2,978,0.000000
2,979,0.000000
2,980,0.000000
2,981,0.000000
2,982,0.000000
2,983,0.000000
2,984,0.000000
2,985,0.000000
2,986,0.000000
2,987,0.000000
2,988,0.000000
2,989,0.000000
2,990,0.000000
2,991,0.000000
2,992,0.000000
2,993,0.000000
2,994,0.000000
2,995,0.000000
2,996,0.000000
2,997,0.000000
2,998,0.000500
2,999,0.000000
2,1000,0.000000
2,1001,0.000000
2,1002,0.000000
2,1003,0.000000
2,1004,0.000000
2,1005,0.000000
2,1006,0.000000
2,1007,0.000000
2,1008,0.000000
2,1009,0.000000
2,1010,0.000000
2,1011,0.000000
2,1012,0.000000
2,1013,0.000000
2,1014,0.000000
2,1015,0.000000
2,1016,0.000000
2,1017,0.000000
2,1018,0.000000
2,1019,0.000000
2,1020,0.000000
2,1021,0.000000
2,1022,0.000000
2,1023,0.000000
2,1024,0.000000
2,1025,0.000000
2,1026,0.000000
2,1027,0.000000
2,1028,0.000000
2,1029,0.000000
2,1030,0.000000
2,1031,0.000000
2,1032,0.000000
2,1033,0.000000
2,1034,0.000000
2,1035,0.000000
2,1036,0.000000
2,1037,0.000000
2,1038,0.000000
2,1039,0.000000
2,1040,0.000000
2,1041,0.000000
2,1042,0.000000
2,1043,0.000000
2,1044,0.000000
2,1045,0.000000
2,1046,0.000000
2,1047,0.000000
2,1048,0.000000
2,1049,0.000000
2,1050,0.000000
2,1051,0.000000
2,1052,0.000000
2,1053,0.000000
2,1054,0.000000
2,1055,0.000000
2,1056,0.000000
2,1057,0.000000
2,1058,0.000000
2,1059,0.000000
2,1060,0.000000
2,1061,0.000000
2,1062,0.000000
2,1063,0.000000
2,1064,0.000000
2,1065,0.000000
2,1066,0.000000
2,1067,0.000000
2,1068,0.000000
2,1069,0.000000
2,1070,0.000000
2,1071,0.000000
2,1072,0.000000
2,1073,0.000000
2,1074,0.000000
2,1075,0.000000
2,1076,0.000000
2,1077,0.000000
2,1078,0.000000
2,1079,0.000000
2,1080,0.000000
2,1081,0.000000
2,1082,0.000000
2,1083,0.000000
2,1084,0.000000
2,1085,0.000000
2,1086,0.000000
2,1087,0.000000
2,1088,0.000000
2,1089,0.000000
2,1090,0.000000
2,1091,0.000000
2,1092,0.000000
2,1093,0.000000
2,1094,0.000000
2,1095,0.000000
2,1096,0.000000
2,1097,0.000000
2,1098,0.000000
2,1099,0.000000
2,1100,0.000000
2,1101,0.000000
2,1102,0.000000
2,1103,0.000000
2,1104,0.000000
2,1105,0.000000
2,1106,0.000000
2,1107,0.000000
2,1108,0.000000
2,1109,0.000000
2,1110,0.000000
2,1111,0.000000
2,1112,0.000000
2,1113,0.000000
2,1114,0.000000
2,1115,0.000000
2,1116,0.000000
2,1117,0.000000
2,1118,0.000000
2,1119,0.000000
2,1120,0.000000
2,1121,0.000000
2,1122,0.000000
2,1123,0.000000
2,1124,0.000000
2,1125,0.000000
2,1126,0.000000
2,1127,0.000000
2,1128,0.000000
2,1129,0.000000
2,1130,0.000000
2,1131,0.000000
2,1132,0.000000
2,1133,0.000000
2,1134,0.000000
2,1135,0.000000
2,1136,0.000000
2,1137,0.000000
2,1138,0.000000
2,1139,0.000000
2,1140,0.000000
2,1141,0.000000
2,1142,0.000000
2,1143,0.000000
2,1144,0.000000
2,1145,0.000000
2,1146,0.000000
2,1147,0.000000
2,1148,0.000000
2,1149,0.000000
2,1150,0.000000
2,1151,0.000000
2,1152,0.000000
2,1153,0.000000
2,1154,0.000000
2,1155,0.000000
2,1156,0.000000
2,1157,0.000000
2,1158,0.000000
2,1159,0.000000
2,1160,0.000000
2,1161,0.000000
2,1162,0.000000
2,1163,0.000000
2,1164,0.000000
2,1165,0.000000
2,1166,0.000000
2,1167,0.000000
2,1168,0.000000
2,1169,0.000000
2,1170,0.000000
2,1171,0.000000
2,1172,0.000000
2,1173,0.000000
2,1174,0.000000
2,1175,0.000000
2,1176,0.000000
2,1177,0.000000
2,1178,0.000000
2,1179,0.000000
2,1180,0.000000
2,1181,0.000000
2,1182,0.000000
2,1183,0.000000
2,1184,0.000000
2,1185,0.000000
2,1186,0.000000
2,1187,0.000000
2,1188,0.000000
2,1189,0.000000
2,1190,0.000000
2,1191,0.000000
2,1192,0.000000
2,1193,0.000000
2,1194,0.000000
2,1195,0.000000
2,1196,0.000000
2,1197,0.000000
2,1198,0.000000
2,1199,0.000000
2,1200,0.000000
2,1201,0.000000
2,1202,0.000000
2,1203,0.000000
2,1204,0.000000
2,1205,0.000000
2,1206,0.000000
2,1207,0.000000
2,1208,0.000000
2,1209,0.000000
2,1210,0.000000
2,1211,0.000000
2,1212,0.000000
2,1213,0.000000
2,1214,0.000000
2,1215,0.000000
2,1216,0.000000
2,1217,0.000000
2,1218,0.000000
2,1219,0.000000
2,1220,0.000000
2,1221,0.000000
2,1222,0.000000
2,1223,0.000000
2,1224,0.000000
2,1225,0.000000
2,1226,0.000000
2,1227,0.000000
2,1228,0.000000
2,1229,0.000000
2,1230,0.000000
2,1231,0.000000
2,1232,0.000000
2,1233,0.000000
2,1234,0.000000
2,1235,0.000000
2,1236,0.000000
2,1237,0.000000
2,1238,0.000000
2,1239,0.000000
2,1240,0.000000
2,1241,0.000000
2,1242,0.000000
2,1243,0.000000
2,1244,0.000000
2,1245,0.000000
2,1246,0.000000
2,1247,0.000000
2,1248,0.000000
2,1249,0.000000
2,1250,0.000000
2,1251,0.000000
2,1252,0.000000
2,1253,0.000000
2,1254,0.000000
2,1255,0.000000
2,1256,0.000000
2,1257,0.000000
2,1258,0.000000
2,1259,0.000000
2,1260,0.000000
2,1261,0.000000
2,1262,0.000000
2,1263,0.000000
2,1264,0.000000
2,1265,0.000000
2,1266,0.000000
2,1267,0.000000
2,1268,0.000000
2,1269,0.000000
2,1270,0.000000
2,1271,0.000000
2,1272,0.000000
2,1273,0.000000
2,1274,0.000000
2,1275,0.000000
2,1276,0.000000
2,1277,0.000000
2,1278,0.000000
2,1279,0.000000
2,1280,0.000000
2,1281,0.000000
2,1282,0.000000
2,1283,0.000000
2,1284,0.000000
2,1285,0.000000
2,1286,0.000000
2,1287,0.000000
2,1288,0.000000
2,1289,0.000000
2,1290,0.000000
2,1291,0.000000
2,1292,0.000000
2,1293,0.000000
2,1294,0.000000
2,1295,0.000000
2,1296,0.000000
2,1297,0.000000
2,1298,0.000000
2,1299,0.000000
2,1300,0.000000
2,1301,0.000000
2,1302,0.000000
2,1303,0.000000
2,1304,0.000000
2,1305,0.000000
2,1306,0.000000
2,1307,0.000000
2,1308,0.000000
2,1309,0.000000
2,1310,0.000000
2,1311,0.000000
2,1312,0.000000
2,1313,0.000000
2,1314,0.000000
2,1315,0.000000
2,1316,0.000000
2,1317,0.000000
2,1318,0.000000
2,1319,0.000000
2,1320,0.000000
2,1321,0.000000
2,1322,0.000000
2,1323,0.000000
2,1324,0.000000
2,1325,0.000000
2,1326,0.000000
2,1327,0.000000
2,1328,0.000000
2,1329,0.000000
2,1330,0.000000
2,1331,0.000000
2,1332,0.000000
2,1333,0.000000
2,1334,0.000000
2,1335,0.000000
2,1336,0.000000
2,1337,0.000000
2,1338,0.000000
2,1339,0.000000
2,1340,0.000000
2,1341,0.000000
2,1342,0.000000
2,1343,0.000000
2,1344,0.000000
2,1345,0.000000
2,1346,0.000000
2,1347,0.000000
2,1348,0.000000
2,1349,0.000000
2,1350,0.000000
2,1351,0.000000
2,1352,0.000000
2,1353,0.000000
2,1354,0.000000
2,1355,0.000000
2,1356,0.000000
2,1357,0.000000
2,1358,0.000000
2,1359,0.000000
2,1360,0.000000
2,1361,0.000000
2,1362,0.000000
2,1363,0.000000
2,1364,0.000000
2,1365,0.000000
2,1366,0.000000
2,1367,0.000000
2,1368,0.000000
2,1369,0.000000
2,1370,0.000000
2,1371,0.000000
2,1372,0.000000
2,1373,0.000000
2,1374,0.000000
2,1375,0.000000
2,1376,0.000000
2,1377,0.000000
2,1378,0.000000
2,1379,0.000000
2,1380,0.000000
2,1381,0.000000
2,1382,0.000000
2,1383,0.000000
2,1384,0.000000
2,1385,0.000000
2,1386,0.000000
2,1387,0.000000
2,1388,0.000000
2,1389,0.000000
2,1390,0.000000
2,1391,0.000000
2,1392,0.000000
2,1393,0.000000
2,1394,0.000000
2,1395,0.000000
2,1396,0.000000
2,1397,0.000000
2,1398,0.000000
2,1399,0.000000
2,1400,0.000000
2,1401,0.000000
2,1402,0.000000
2,1403,0.000000
2,1404,0.000000
2,1405,0.000000
2,1406,0.000000
2,1407,0.000000
2,1408,0.000000
2,1409,0.000000
2,1410,0.000000
2,1411,0.000000
2,1412,0.000000
2,1413,0.000000
2,1414,0.000000
2,1415,0.000000
2,1416,0.000000
2,1417,0.000000
2,1418,0.000000
2,1419,0.000000
2,1420,0.000000
2,1421,0.000000
2,1422,0.000000
2,1423,0.000000
2,1424,0.000000
2,1425,0.000000
2,1426,0.000000
2,1427,0.000000
2,1428,0.000000
2,1429,0.000000
2,1430,0.000000
2,1431,0.000000
2,1432,0.000000
2,1433,0.000000
2,1434,0.000000
2,1435,0.000000
2,1436,0.000000
2,1437,0.000000
2,1438,0.000000
2,1439,0.000000
2,1440,0.000000
2,1441,0.000000
2,1442,0.000000
2,1443,0.000000
2,1444,0.000000
2,1445,0.000000
2,1446,0.000000
2,1447,0.000000
2,1448,0.000000
2,1449,0.000000
2,1450,0.000000
2,1451,0.000000
2,1452,0.000000
2,1453,0.000000
2,1454,0.000000
2,1455,0.000000
2,1456,0.000000
2,1457,0.000000
2,1458,0.000000
2,1459,0.000000
2,1460,0.000000
2,1461,0.000000
2,1462,0.000000
2,1463,0.000000
2,1464,0.000000
2,1465,0.000000
2,1466,0.000000
2,1467,0.000000
2,1468,0.000000
2,1469,0.000000
2,1470,0.000000
2,1471,0.000000
2,1472,0.000000
2,1473,0.000000
2,1474,0.000000
2,1475,0.000000
2,1476,0.000000
2,1477,0.000000
2,1478,0.000000
2,1479,0.000000
2,1480,0.000000
2,1481,0.000000
2,1482,0.000000
2,1483,0.000000
2,1484,0.000000
2,1485,0.000000
2,1486,0.000000
2,1487,0.000000
2,1488,0.000000
2,1489,0.000000
2,1490,0.000000
2,1491,0.000000
2,1492,0.000000
2,1493,0.000000
2,1494,0.000000
2,1495,0.000000
2,1496,0.000000
2,1497,0.000000
2,1498,0.000000
2,1499,0.000000
2,1500,0.000000
2,1501,0.000000
2,1502,0.000000
2,1503,0.000000
2,1504,0.000000
2,1505,0.000000
2,1506,0.000000
2,1507,0.000000
2,1508,0.000000
2,1509,0.000000
2,1510,0.000000
2,1511,0.000000
2,1512,0.000000
2,1513,0.000000
2,1514,0.000000
2,1515,0.000000
2,1516,0.000000
2,1517,0.000000
2,1518,0.000000
2,1519,0.000000
2,1520,0.000000
2,1521,0.000000
2,1522,0.000000
2,1523,0.000000
2,1524,0.000000
2,1525,0.000000
2,1526,0.000000
2,1527,0.000000
2,1528,0.000000
2,1529,0.000000
2,1530,0.000000
2,1531,0.000000
2,1532,0.000000
2,1533,0.000000
2,1534,0.000000
2,1535,0.000000
2,1536,0.000000
2,1537,0.000000
2,1538,0.000000
2,1539,0.000000
2,1540,0.000000
2,1541,0.000000
2,1542,0.000000
2,1543,0.000000
2,1544,0.000000
2,1545,0.000000
2,1546,0.000000
2,1547,0.000000
2,1548,0.000000
2,1549,0.000000
2,1550,0.000000
2,1551,0.000000
2,1552,0.000000
2,1553,0.000000
2,1554,0.000000
2,1555,0.000000
2,1556,0.000000
2,1557,0.000000
2,1558,0.000000
2,1559,0.000000
2,1560,0.000000
2,1561,0.000000
2,1562,0.000000
2,1563,0.000000
2,1564,0.000000
2,1565,0.000000
2,1566,0.000000
2,1567,0.000000
2,1568,0.000000
2,1569,0.000000
2,1570,0.000000
2,1571,0.000000
2,1572,0.000000
2,1573,0.000000
2,1574,0.000000
2,1575,0.000000
2,1576,0.000000
2,1577,0.000000
2,1578,0.000000
2,1579,0.000000
2,1580,0.000000
2,1581,0.000000
2,1582,0.000000
2,1583,0.000000
2,1584,0.000000
2,1585,0.000000
2,1586,0.000000
2,1587,0.000000
2,1588,0.000000
2,1589,0.000000
2,1590,0.000000
2,1591,0.000000
2,1592,0.000000
2,1593,0.000000
2,1594,0.000000
2,1595,0.000000
2,1596,0.000000
2,1597,0.000000
2,1598,0.000000
2,1599,0.000000
2,1600,0.000000
2,1601,0.000000
2,1602,0.000000
2,1603,0.000000
2,1604,0.000000
2,1605,0.000000
2,1606,0.000000
2,1607,0.000000
2,1608,0.000000
2,1609,0.000000
2,1610,0.000000
2,1611,0.000000
2,1612,0.000000
2,1613,0.000000
2,1614,0.000000
2,1615,0.000000
2,1616,0.000000
2,1617,0.000000
2,1618,0.000000
2,1619,0.000000
2,1620,0.000000
2,1621,0.000000
2,1622,0.000000
2,1623,0.000000
2,1624,0.000000
2,1625,0.000000
2,1626,0.000000
2,1627,0.000000
2,1628,0.000000
2,1629,0.000000
2,1630,0.000000
2,1631,0.000000
2,1632,0.000000
2,1633,0.000000
2,1634,0.000000
2,1635,0.000000
2,1636,0.000000
2,1637,0.000000
2,1638,0.000000
2,1639,0.000000
2,1640,0.000000
2,1641,0.000000
2,1642,0.000000
2,1643,0.000000
2,1644,0.000000
2,1645,0.000000
2,1646,0.000000
2,1647,0.000000
2,1648,0.000000
2,1649,0.000000
2,1650,0.000000
2,1651,0.000000
2,1652,0.000000
2,1653,0.000000
2,1654,0.000000
2,1655,0.000000
2,1656,0.000000
2,1657,0.000000
2,1658,0.000000
2,1659,0.000000
2,1660,0.000000
2,1661,0.000000
2,1662,0.000000
2,1663,0.000000
2,1664,0.000000
2,1665,0.000000
2,1666,0.000000
2,1667,0.000000
2,1668,0.000000
2,1669,0.000000
2,1670,0.000000
2,1671,0.000000
2,1672,0.000000
2,1673,0.000000
2,1674,0.000000
2,1675,0.000000
2,1676,0.000000
2,1677,0.000000
2,1678,0.000000
2,1679,0.000000
2,1680,0.000000
2,1681,0.000000
2,1682,0.000000
2,1683,0.000000
2,1684,0.000000
2,1685,0.000000
2,1686,0.000000
2,1687,0.000000
2,1688,0.000000
2,1689,0.000000
2,1690,0.000000
2,1691,0.000000
2,1692,0.000000
2,1693,0.000000
2,1694,0.000000
2,1695,0.000000
2,1696,0.000000
2,1697,0.000000
2,1698,0.000000
2,1699,0.000000
2,1700,0.000000
2,1701,0.000000
2,1702,0.000000
2,1703,0.000000
2,1704,0.000000
2,1705,0.000000
2,1706,0.000000
2,1707,0.000000
2,1708,0.000000
2,1709,0.000000
2,1710,0.000000
2,1711,0.000000
2,1712,0.000000
2,1713,0.000000
2,1714,0.000000
2,1715,0.000000
2,1716,0.000000
2,1717,0.000000
2,1718,0.000000
2,1719,0.000000
2,1720,0.000000
2,1721,0.000000
2,1722,0.000000
2,1723,0.000000
2,1724,0.000000
2,1725,0.000000
2,1726,0.000000
2,1727,0.000000
2,1728,0.000000
2,1729,0.000000
2,1730,0.000000
2,1731,0.000000
2,1732,0.000000
2,1733,0.000000
2,1734,0.000000
2,1735,0.000000
2,1736,0.000000
2,1737,0.000000
2,1738,0.000000
2,1739,0.000000
2,1740,0.000000
2,1741,0.000000
2,1742,0.000000
2,1743,0.000000
2,1744,0.000000
2,1745,0.000000
2,1746,0.000000
2,1747,0.000200
2,1748,0.000000
2,1749,0.000000
2,1750,0.000000
2,1751,0.000000
2,1752,0.000000
2,1753,0.000000
2,1754,0.000000
2,1755,0.000000
2,1756,0.000000
2,1757,0.000000
2,1758,0.000000
2,1759,0.000000
2,1760,0.000000
2,1761,0.000000
2,1762,0.000000
2,1763,0.000000
2,1764,0.000000
2,1765,0.000000
2,1766,0.000000
2,1767,0.000000
2,1768,0.000000
2,1769,0.000000
2,1770,0.000000
2,1771,0.000000
2,1772,0.000000
2,1773,0.000000
2,1774,0.000000
2,1775,0.000000
2,1776,0.000000
2,1777,0.000000
2,1778,0.000000
2,1779,0.000000
2,1780,0.000000
2,1781,0.000000
2,1782,0.000000
2,1783,0.000000
2,1784,0.000000
2,1785,0.000000
2,1786,0.000000
2,1787,0.000000
2,1788,0.000000
2,1789,0.000000
2,1790,0.000000
2,1791,0.000000
2,1792,0.000000
2,1793,0.000000
2,1794,0.000000
2,1795,0.000000
2,1796,0.000000
2,1797,0.000000
2,1798,0.000000
2,1799,0.000000
2,1800,0.000000
2,1801,0.000000
2,1802,0.000000
2,1803,0.000000
2,1804,0.000000
2,1805,0.000000
2,1806,0.000000
2,1807,0.000000
2,1808,0.000000
2,1809,0.000000
2,1810,0.000000
2,1811,0.000000
2,1812,0.000000
2,1813,0.000000
2,1814,0.000000
2,1815,0.000000
2,1816,0.000000
2,1817,0.000000
2,1818,0.000000
2,1819,0.000000
2,1820,0.000000
2,1821,0.000000
2,1822,0.000000
2,1823,0.000000
2,1824,0.000000
2,1825,0.000000
2,1826,0.000000
2,1827,0.000000
2,1828,0.000000
2,1829,0.000000
2,1830,0.000000
2,1831,0.000000
2,1832,0.000000
2,1833,0.000000
2,1834,0.000000
2,1835,0.000000
2,1836,0.000000
2,1837,0.000000
2,1838,0.000000
2,1839,0.000000
2,1840,0.000000
2,1841,0.000000
2,1842,0.000000
2,1843,0.000000
2,1844,0.000000
2,1845,0.000000
2,1846,0.000000
2,1847,0.000000
2,1848,0.000000
2,1849,0.000000
2,1850,0.000000
2,1851,0.000000
2,1852,0.000000
2,1853,0.000000
2,1854,0.000000
2,1855,0.000000
2,1856,0.000000
2,1857,0.000000
2,1858,0.000000
2,1859,0.000000
2,1860,0.000000
2,1861,0.000000
2,1862,0.000000
2,1863,0.000000
2,1864,0.000000
2,1865,0.000000
2,1866,0.000000
2,1867,0.000000
2,1868,0.000000
2,1869,0.000000
2,1870,0.000000
2,1871,0.000000
2,1872,0.000000
2,1873,0.000000
2,1874,0.000000
2,1875,0.000000
2,1876,0.000000
2,1877,0.000000
2,1878,0.000000
2,1879,0.000000
2,1880,0.000000
2,1881,0.000000
2,1882,0.000000
2,1883,0.000000
2,1884,0.000000
2,1885,0.000000
2,1886,0.000000
2,1887,0.000000
2,1888,0.000000
2,1889,0.000000
2,1890,0.000000
2,1891,0.000000
2,1892,0.000000
2,1893,0.000000
2,1894,0.000000
2,1895,0.000000
2,1896,0.000000
2,1897,0.000000
2,1898,0.000000
2,1899,0.000000
2,1900,0.000000
2,1901,0.000000
2,1902,0.000000
2,1903,0.000000
2,1904,0.000000
2,1905,0.000000
2,1906,0.000000
2,1907,0.000000
2,1908,0.000000
2,1909,0.000000
2,1910,0.000000
2,1911,0.000000
2,1912,0.000000
2,1913,0.000000
2,1914,0.000000
2,1915,0.000000
2,1916,0.000000
2,1917,0.000000
2,1918,0.000000
2,1919,0.000000
2,1920,0.000000
2,1921,0.000000
2,1922,0.000000
2,1923,0.000000
2,1924,0.000000
2,1925,0.000000
2,1926,0.000000
2,1927,0.000000
2,1928,0.000000
2,1929,0.000000
2,1930,0.000000
2,1931,0.000000
2,1932,0.000000
2,1933,0.000000
2,1934,0.000000
2,1935,0.000000
2,1936,0.000000
2,1937,0.000000
2,1938,0.000000
2,1939,0.000000
2,1940,0.000000
2,1941,0.000000
2,1942,0.000000
2,1943,0.000000
2,1944,0.000000
2,1945,0.000000
2,1946,0.000000
2,1947,0.000000
2,1948,0.000000
2,1949,0.000000
2,1950,0.000000
2,1951,0.000000
2,1952,0.000000
2,1953,0.000000
2,1954,0.000000
2,1955,0.000000
2,1956,0.000000
2,1957,0.000000
2,1958,0.000000
2,1959,0.000000
2,1960,0.000000
2,1961,0.000000
2,1962,0.000000
2,1963,0.000000
2,1964,0.000000
2,1965,0.000000
2,1966,0.000000
2,1967,0.000000
2,1968,0.000000
2,1969,0.000000
2,1970,0.000000
2,1971,0.000000
2,1972,0.000000
2,1973,0.000000
2,1974,0.000000
2,1975,0.000000
2,1976,0.000000
2,1977,0.000000
2,1978,0.000000
2,1979,0.000000
2,1980,0.000000
2,1981,0.000000
2,1982,0.000000
2,1983,0.000000
2,1984,0.000000
2,1985,0.000000
2,1986,0.000000
2,1987,0.000000
2,1988,0.000000
2,1989,0.000000
2,1990,0.000000
2,1991,0.000000
2,1992,0.000000
2,1993,0.000000
2,1994,0.000000
2,1995,0.000000
2,1996,0.000000
2,1997,0.000000
2,1998,0.000000
2,1999,0.000000
2,2000,0.000000
2,2001,0.000000
2,2002,0.000000
2,2003,0.000000
2,2004,0.000000
2,2005,0.000000
2,2006,0.000000
2,2007,0.000000
2,2008,0.000000
2,2009,0.000000
2,2010,0.000000
2,2011,0.000000
2,2012,0.000000
2,2013,0.000000
2,2014,0.000000
2,2015,0.000000
2,2016,0.000000
2,2017,0.000000
2,2018,0.000000
2,2019,0.000000
2,2020,0.000000
2,2021,0.000000
2,2022,0.000000
2,2023,0.000000
2,2024,0.000000
2,2025,0.000000
2,2026,0.000000
2,2027,0.000000
2,2028,0.000000
2,2029,0.000000
2,2030,0.000000
2,2031,0.000000
2,2032,0.000000
2,2033,0.000000
2,2034,0.000000
2,2035,0.000000
2,2036,0.000000
2,2037,0.000000
2,2038,0.000000
2,2039,0.000000
2,2040,0.000000
2,2041,0.000000
2,2042,0.000000
2,2043,0.000000
2,2044,0.000000
2,2045,0.000000
2,2046,0.000000
2,2047,0.000000
2,2048,0.000000
4,1,0.739583
4,2,0.643157
4,3,0.500000
4,4,0.452425
4,5,0.250000
4,6,0.314904
4,7,0.250000
4,8,0.250000
4,9,0.000000
4,10,0.181722
4,11,0.155962
4,12,0.142924
4,13,0.133692
4,14,0.125810
4,15,0.118600
4,16,0.000000
4,17,0.250000
4,18,0.000000
4,19,0.084083
4,20,0.000000
4,21,0.000000
4,22,0.000000
4,23,0.000000
4,24,0.073135
4,25,0.000000
4,26,0.000000
4,27,0.000000
4,28,0.000000
4,29,0.000000
4,30,0.052829
4,31,0.000000
4,32,0.000000
4,33,0.000000
4,34,0.000000
4,35,0.000000
4,36,0.000000
4,37,0.000000
4,38,0.000000
4,39,0.000000
4,40,0.000000
4,41,0.000000
4,42,0.000000
4,43,0.036285
4,44,0.039300
4,45,0.035993
4,46,0.000000
4,47,0.000000
4,48,0.000000
4,49,0.000000
4,50,0.000000
4,51,0.000000
4,52,0.000000
4,53,0.000000
4,54,0.000000
4,55,0.000000
4,56,0.000000
4,57,0.027750
4,58,0.025145
4,59,0.027045
4,60,0.025595
4,61,0.000000
4,62,0.000000
4,63,0.000000
4,64,0.000000
4,65,0.000000
4,66,0.022600
4,67,0.022950
4,68,0.000000
4,69,0.022250
4,70,0.021746
4,71,0.000000
4,72,0.000000
4,73,0.000000
4,74,0.000000
4,75,0.000000
4,76,0.000000
4,77,0.000000
4,78,0.000000
4,79,0.000000
4,80,0.000000
4,81,0.017596
4,82,0.000000
4,83,0.000000
4,84,0.019450
4,85,0.000000
4,86,0.000000
4,87,0.000000
4,88,0.019796
4,89,0.000000
4,90,0.000000
4,91,0.000000
4,92,0.000000
4,93,0.000000
4,94,0.000000
4,95,0.000000
4,96,0.000000
4,97,0.000000
4,98,0.017600
4,99,0.016750
4,100,0.016600
4,101,0.000000
4,102,0.000000
4,103,0.000000
4,104,0.000000
4,105,0.015500
4,106,0.000000
4,107,0.000000
4,108,0.014200
4,109,0.000000
4,110,0.000000
4,111,0.000000
4,112,0.000000
4,113,0.000000
4,114,0.000000
4,115,0.000000
4,116,0.000000
4,117,0.000000
4,118,0.000000
4,119,0.000000
4,120,0.000000
4,121,0.000000
4,122,0.000000
4,123,0.000000
4,124,0.000000
4,125,0.000000
4,126,0.000000
4,127,0.000000
4,128,0.000000
4,129,0.000000
4,130,0.000000
4,131,0.000000
4,132,0.000000
4,133,0.000000
4,134,0.010950
4,135,0.000000
4,136,0.000000
4,137,0.000000
4,138,0.000000
4,139,0.000000
4,140,0.000000
4,141,0.010948
4,142,0.000000
4,143,0.000000
4,144,0.000000
4,145,0.000000
4,146,0.000000
4,147,0.000000
4,148,0.000000
4,149,0.000000
4,150,0.000000
4,151,0.000000
4,152,0.000000
4,153,0.000000
4,154,0.000000
4,155,0.000000
4,156,0.000000
4,157,0.000000
4,158,0.000000
4,159,0.000000
4,160,0.000000
4,161,0.000000
4,162,0.000000
4,163,0.000000
4,164,0.000000
4,165,0.000000
4,166,0.000000
4,167,0.000000
4,168,0.000000
4,169,0.008948
4,170,0.000000
4,171,0.000000
4,172,0.000000
4,173,0.000000
4,174,0.000000
4,175,0.000000
4,176,0.000000
4,177,0.008550
4,178,0.000000
4,179,0.000000
4,180,0.000000
4,181,0.000000
4,182,0.008000
4,183,0.007099
4,184,0.000000
4,185,0.000000
4,186,0.000000
4,187,0.000000
4,188,0.000000
4,189,0.000000
4,190,0.000000
4,191,0.000000
4,192,0.009400
4,193,0.000000
4,194,0.000000
4,195,0.000000
4,196,0.000000
4,197,0.000000
4,198,0.000000
4,199,0.000000
4,200,0.000000
4,201,0.000000
4,202,0.000000
4,203,0.000000
4,204,0.000000
4,205,0.000000
4,206,0.000000
4,207,0.000000
4,208,0.000000
4,209,0.000000
4,210,0.000000
4,211,0.000000
4,212,0.000000
4,213,0.000000
4,214,0.000000
4,215,0.000000
4,216,0.000000
4,217,0.000000
4,218,0.000000
4,219,0.000000
4,220,0.000000
4,221,0.000000
4,222,0.000000
4,223,0.007600
4,224,0.000000
4,225,0.000000
4,226,0.000000
4,227,0.000000
4,228,0.000000
4,229,0.000000
4,230,0.000000
4,231,0.007200
4,232,0.000000
4,233,0.000000
4,234,0.000000
4,235,0.000000
4,236,0.000000
4,237,0.000000
4,238,0.000000
4,239,0.000000
4,240,0.000000
4,241,0.000000
4,242,0.000000
4,243,0.000000
4,244,0.000000
4,245,0.000000
4,246,0.000000
4,247,0.000000
4,248,0.000000
4,249,0.000000
4,250,0.000000
4,251,0.000000
4,252,0.000000
4,253,0.000000
4,254,0.000000
4,255,0.000000
4,256,0.000000
4,257,0.000000
4,258,0.000000
4,259,0.000000
4,260,0.000000
4,261,0.000000
4,262,0.000000
4,263,0.000000
4,264,0.000000
4,265,0.000000
4,266,0.000000
4,267,0.000000
4,268,0.000000
4,269,0.000000
4,270,0.000000
4,271,0.000000
4,272,0.000000
4,273,0.000000
4,274,0.000000
4,275,0.000000
4,276,0.000000
4,277,0.000000
4,278,0.000000
4,279,0.000000
4,280,0.000000
4,281,0.000000
4,282,0.000000
4,283,0.000000
4,284,0.000000
4,285,0.005249
4,286,0.000000
4,287,0.000000
4,288,0.000000
4,289,0.000000
4,290,0.000000
4,291,0.000000
4,292,0.000000
4,293,0.005700
4,294,0.000000
4,295,0.000000
4,296,0.000000
4,297,0.000000
4,298,0.000000
4,299,0.000000
4,300,0.000000
4,301,0.000000
4,302,0.000000
4,303,0.000000
4,304,0.000000
4,305,0.000000
4,306,0.000000
4,307,0.000000
4,308,0.000000
4,309,0.000000
4,310,0.000000
4,311,0.000000
4,312,0.000000
4,313,0.000000
4,314,0.000000
4,315,0.000000
4,316,0.000000
4,317,0.000000
4,318,0.000000
4,319,0.000000
4,320,0.000000
4,321,0.000000
4,322,0.000000
4,323,0.000000
4,324,0.000000
4,325,0.000000
4,326,0.000000
4,327,0.000000
4,328,0.000000
4,329,0.000000
4,330,0.000000
4,331,0.000000
4,332,0.000000
4,333,0.000000
4,334,0.000000
4,335,0.000000
4,336,0.000000
4,337,0.000000
4,338,0.000000
4,339,0.004850
4,340,0.000000
4,341,0.000000
4,342,0.000000
4,343,0.000000
4,344,0.000000
4,345,0.000000
4,346,0.000000
4,347,0.000000
4,348,0.000000
4,349,0.000000
4,350,0.000000
4,351,0.000000
4,352,0.000000
4,353,0.000000
4,354,0.000000
4,355,0.000000
4,356,0.000000
4,357,0.000000
4,358,0.000000
4,359,0.000000
4,360,0.000000
4,361,0.000000
4,362,0.000000
4,363,0.000000
4,364,0.000000
4,365,0.000000
4,366,0.000000
4,367,0.000000
4,368,0.000000
4,369,0.000000
4,370,0.000000
4,371,0.000000
4,372,0.000000
4,373,0.000000
4,374,0.000000
4,375,0.000000
4,376,0.000000
4,377,0.000000
4,378,0.000000
4,379,0.000000
4,380,0.000000
4,381,0.000000
4,382,0.000000
4,383,0.000000
4,384,0.000000
4,385,0.000000
4,386,0.000000
4,387,0.000000
4,388,0.000000
4,389,0.003650
4,390,0.000000
4,391,0.000000
4,392,0.000000
4,393,0.000000
4,394,0.000000
4,395,0.000000
4,396,0.000000
4,397,0.000000
4,398,0.000000
4,399,0.000000
4,400,0.000000
4,401,0.000000
4,402,0.000000
4,403,0.000000
4,404,0.000000
4,405,0.000000
4,406,0.000000
4,407,0.000000
4,408,0.000000
4,409,0.000000
4,410,0.000000
4,411,0.000000
4,412,0.000000
4,413,0.000000
4,414,0.000000
4,415,0.000000
4,416,0.000000
4,417,0.000000
4,418,0.000000
4,419,0.000000
4,420,0.000000
4,421,0.000000
4,422,0.000000
4,423,0.000000
4,424,0.000000
4,425,0.000000
4,426,0.000000
4,427,0.000000
4,428,0.000000
4,429,0.000000
4,430,0.000000
4,431,0.000000
4,432,0.000000
4,433,0.000000
4,434,0.000000
4,435,0.000000
4,436,0.000000
4,437,0.000000
4,438,0.000000
4,439,0.000000
4,440,0.000000
4,441,0.000000
4,442,0.000000
4,443,0.000000
4,444,0.000000
4,445,0.000000
4,446,0.000000
4,447,0.000000
4,448,0.000000
4,449,0.000000
4,450,0.000000
4,451,0.000000
4,452,0.000000
4,453,0.000000
4,454,0.000000
4,455,0.000000
4,456,0.000000
4,457,0.000000
4,458,0.000000
4,459,0.000000
4,460,0.000000
4,461,0.000000
4,462,0.000000
4,463,0.000000
4,464,0.000000
4,465,0.000000
4,466,0.000000
4,467,0.000000
4,468,0.000000
4,469,0.000000
4,470,0.000000
4,471,0.000000
4,472,0.000000
4,473,0.000000
4,474,0.000000
4,475,0.000000
4,476,0.000000
4,477,0.000000
4,478,0.000000
4,479,0.000000
4,480,0.000000
4,481,0.000000
4,482,0.000000
4,483,0.000000
4,484,0.000000
4,485,0.000000
4,486,0.000000
4,487,0.000000
4,488,0.000000
4,489,0.000000
4,490,0.003650
4,491,0.000000
4,492,0.000000
4,493,0.000000
4,494,0.000000
4,495,0.000000
4,496,0.000000
4,497,0.000000
4,498,0.000000
4,499,0.000000
4,500,0.000000
4,501,0.000000
4,502,0.000000
4,503,0.000000
4,504,0.000000
4,505,0.000000
4,506,0.000000
4,507,0.000000
4,508,0.000000
4,509,0.000000
4,510,0.000000
4,511,0.000000
4,512,0.000000
4,513,0.000000
4,514,0.002950
4,515,0.000000
4,516,0.000000
4,517,0.000000
4,518,0.000000
4,519,0.000000
4,520,0.003300
4,521,0.000000
4,522,0.000000
4,523,0.000000
4,524,0.000000
4,525,0.000000
4,526,0.000000
4,527,0.000000
4,528,0.000000
4,529,0.000000
4,530,0.000000
4,531,0.000000
4,532,0.000000
4,533,0.000000
4,534,0.000000
4,535,0.000000
4,536,0.000000
4,537,0.000000
4,538,0.000000
4,539,0.000000
4,540,0.000000
4,541,0.000000
4,542,0.000000
4,543,0.000000
4,544,0.000000
4,545,0.000000
4,546,0.000000
4,547,0.000000
4,548,0.000000
4,549,0.000000
4,550,0.000000
4,551,0.000000
4,552,0.000000
4,553,0.000000
4,554,0.000000
4,555,0.000000
4,556,0.000000
4,557,0.000000
4,558,0.000000
4,559,0.000000
4,560,0.000000
4,561,0.000000
4,562,0.000000
4,563,0.000000
4,564,0.000000
4,565,0.000000
4,566,0.000000
4,567,0.000000
4,568,0.000000
4,569,0.000000
4,570,0.000000
4,571,0.000000
4,572,0.000000
4,573,0.000000
4,574,0.000000
4,575,0.000000
4,576,0.000000
4,577,0.000000
4,578,0.000000
4,579,0.000000
4,580,0.000000
4,581,0.000000
4,582,0.000000
4,583,0.000000
4,584,0.000000
4,585,0.000000
4,586,0.000000
4,587,0.000000
4,588,0.000000
4,589,0.000000
4,590,0.000000
4,591,0.000000
4,592,0.000000
4,593,0.000000
4,594,0.000000
4,595,0.000000
4,596,0.000000
4,597,0.000000
4,598,0.000000
4,599,0.000000
4,600,0.000000
4,601,0.000000
4,602,0.000000
4,603,0.000000
4,604,0.000000
4,605,0.000000
4,606,0.000000
4,607,0.000000
4,608,0.000000
4,609,0.000000
4,610,0.000000
4,611,0.000000
4,612,0.000000
4,613,0.000000
4,614,0.000000
4,615,0.000000
4,616,0.000000
4,617,0.000000
4,618,0.000000
4,619,0.000000
4,620,0.000000
4,621,0.000000
4,622,0.002749
4,623,0.000000
4,624,0.000000
4,625,0.000000
4,626,0.000000
4,627,0.000000
4,628,0.000000
4,629,0.000000
4,630,0.000000
4,631,0.000000
4,632,0.000000
4,633,0.000000
4,634,0.000000
4,635,0.000000
4,636,0.000000
4,637,0.000000
4,638,0.000000
4,639,0.000000
4,640,0.002300
4,641,0.000000
4,642,0.000000
4,643,0.000000
4,644,0.000000
4,645,0.000000
4,646,0.000000
4,647,0.000000
4,648,0.000000
4,649,0.000000
4,650,0.000000
4,651,0.000000
4,652,0.000000
4,653,0.000000
4,654,0.000000
4,655,0.000000
4,656,0.000000
4,657,0.000000
4,658,0.000000
4,659,0.000000
4,660,0.000000
4,661,0.000000
4,662,0.000000
4,663,0.000000
4,664,0.000000
4,665,0.000000
4,666,0.000000
4,667,0.000000
4,668,0.000000
4,669,0.000000
4,670,0.000000
4,671,0.000000
4,672,0.000000
4,673,0.000000
4,674,0.000000
4,675,0.000000
4,676,0.000000
4,677,0.000000
4,678,0.000000
4,679,0.000000
4,680,0.000000
4,681,0.000000
4,682,0.000000
4,683,0.000000
4,684,0.000000
4,685,0.000000
4,686,0.000000
4,687,0.000000
4,688,0.000000
4,689,0.000000
4,690,0.000000
4,691,0.000000
4,692,0.000000
4,693,0.000000
4,694,0.000000
4,695,0.000000
4,696,0.000000
4,697,0.000000
4,698,0.001750
4,699,0.000000
4,700,0.000000
4,701,0.000000
4,702,0.000000
4,703,0.000000
4,704,0.000000
4,705,0.000000
4,706,0.000000
4,707,0.000000
4,708,0.000000
4,709,0.000000
4,710,0.000000
4,711,0.000000
4,712,0.000000
4,713,0.000000
4,714,0.000000
4,715,0.000000
4,716,0.000000
4,717,0.000000
4,718,0.000000
4,719,0.000000
4,720,0.000000
4,721,0.000000
4,722,0.000000
4,723,0.000000
4,724,0.000000
4,725,0.000000
4,726,0.000000
4,727,0.000000
4,728,0.000000
4,729,0.000000
4,730,0.000000
4,731,0.000000
4,732,0.000000
4,733,0.000000
4,734,0.000000
4,735,0.000000
4,736,0.000000
4,737,0.000000
4,738,0.000000
4,739,0.000000
4,740,0.000000
4,741,0.000000
4,742,0.000000
4,743,0.000000
4,744,0.000000
4,745,0.000000
4,746,0.000000
4,747,0.000000
4,748,0.000000
4,749,0.000000
4,750,0.000000
4,751,0.000000
4,752,0.000000
4,753,0.000000
4,754,0.000000
4,755,0.000000
4,756,0.000000
4,757,0.002350
4,758,0.000000
4,759,0.000000
4,760,0.000000
4,761,0.000000
4,762,0.000000
4,763,0.000000
4,764,0.000000
4,765,0.000000
4,766,0.000000
4,767,0.000000
4,768,0.000000
4,769,0.000000
4,770,0.000000
4,771,0.000000
4,772,0.000000
4,773,0.000000
4,774,0.000000
4,775,0.000000
4,776,0.000000
4,777,0.000000
4,778,0.000000
4,779,0.000000
4,780,0.000000
4,781,0.000000
4,782,0.000000
4,783,0.000000
4,784,0.000000
4,785,0.000000
4,786,0.000000
4,787,0.000000
4,788,0.000000
4,789,0.000000
4,790,0.000000
4,791,0.000000
4,792,0.000000
4,793,0.002350
4,794,0.000000
4,795,0.000000
4,796,0.000000
4,797,0.000000
4,798,0.000000
4,799,0.000000
4,800,0.000000
4,801,0.000000
4,802,0.000000
4,803,0.000000
4,804,0.000000
4,805,0.000000
4,806,0.000000
4,807,0.000000
4,808,0.000000
4,809,0.000000
4,810,0.000000
4,811,0.000000
4,812,0.000000
4,813,0.000000
4,814,0.000000
4,815,0.000000
4,816,0.000000
4,817,0.000000
4,818,0.000000
4,819,0.000000
4,820,0.000000
4,821,0.000000
4,822,0.000000
4,823,0.000000
4,824,0.000000
4,825,0.000000
4,826,0.000000
4,827,0.000000
4,828,0.000000
4,829,0.000000
4,830,0.000000
4,831,0.000000
4,832,0.000000
4,833,0.000000
4,834,0.000000
4,835,0.000000
4,836,0.000000
4,837,0.000000
4,838,0.000000
4,839,0.000000
4,840,0.000000
4,841,0.000000
4,842,0.000000
4,843,0.000000
4,844,0.000000
4,845,0.000000
4,846,0.000000
4,847,0.000000
4,848,0.000000
4,849,0.000000
4,850,0.000000
4,851,0.000000
4,852,0.000000
4,853,0.000000
4,854,0.000000
4,855,0.000000
4,856,0.000000
4,857,0.000000
4,858,0.000000
4,859,0.000000
4,860,0.000000
4,861,0.000000
4,862,0.000000
4,863,0.000000
4,864,0.000000
4,865,0.000000
4,866,0.000000
4,867,0.000000
4,868,0.000000
4,869,0.000000
4,870,0.000000
4,871,0.000000
4,872,0.000000
4,873,0.000000
4,874,0.000000
4,875,0.000000
4,876,0.000000
4,877,0.000000
4,878,0.000000
4,879,0.000000
4,880,0.000000
4,881,0.000000
4,882,0.000000
4,883,0.000000
4,884,0.000000
4,885,0.000000
4,886,0.000000
4,887,0.000000
4,888,0.000000
4,889,0.000000
4,890,0.000000
4,891,0.000000
4,892,0.000000
4,893,0.000000
4,894,0.000000
4,895,0.000000
4,896,0.000000
4,897,0.000000
4,898,0.000000
4,899,0.000000
4,900,0.000000
4,901,0.000000
4,902,0.000000
4,903,0.000000
4,904,0.000000
4,905,0.000000
4,906,0.000000
4,907,0.000000
4,908,0.000000
4,909,0.000000
4,910,0.000000
4,911,0.000000
4,912,0.000000
4,913,0.000000
4,914,0.000000
4,915,0.000000
4,916,0.000000
4,917,0.000000
4,918,0.000000
4,919,0.000000
4,920,0.000000
4,921,0.000000
4,922,0.000000
4,923,0.000000
4,924,0.000000
4,925,0.000000
4,926,0.000000
4,927,0.000000
4,928,0.000000
4,929,0.000000
4,930,0.000000
4,931,0.000000
4,932,0.000000
4,933,0.000000
4,934,0.000000
4,935,0.000000
4,936,0.000000
4,937,0.000000
4,938,0.000000
4,939,0.000000
4,940,0.000000
4,941,0.000000
4,942,0.000000
4,943,0.000000
4,944,0.000000
4,945,0.000000
4,946,0.000000
4,947,0.000000
4,948,0.000000
4,949,0.000000
4,950,0.000000
4,951,0.000000
4,952,0.000000
4,953,0.000000
4,954,0.000000
4,955,0.000000
4,956,0.000000
4,957,0.000000
4,958,0.000000
4,959,0.000000
4,960,0.000000
4,961,0.000000
4,962,0.000000
4,963,0.000000
4,964,0.000000
4,965,0.001850
4,966,0.000000
4,967,0.000000
4,968,0.000000
4,969,0.000000
4,970,0.000000
4,971,0.000000
4,972,0.000000
4,973,0.000000
4,974,0.000000
4,975,0.000000
4,976,0.000000
4,977,0.000000
4,978,0.000000
4,979,0.000000
4,980,0.000000
4,981,0.000000
4,982,0.000000
4,983,0.000000
4,984,0.000000
4,985,0.000000
4,986,0.000000
4,987,0.000000
4,988,0.000000
4,989,0.000000
4,990,0.000000
4,991,0.000000
4,992,0.000000
4,993,0.000000
4,994,0.000000
4,995,0.000000
4,996,0.000000
4,997,0.000000
4,998,0.000000
4,999,0.000000
4,1000,0.000000
4,1001,0.000000
4,1002,0.000000
4,1003,0.000000
4,1004,0.000000
4,1005,0.000000
4,1006,0.000000
4,1007,0.000000
4,1008,0.000000
4,1009,0.000000
4,1010,0.000000
4,1011,0.000000
4,1012,0.000000
4,1013,0.000000
4,1014,0.000000
4,1015,0.000000
4,1016,0.000000
4,1017,0.000000
4,1018,0.000000
4,1019,0.000000
4,1020,0.000000
4,1021,0.000000
4,1022,0.000000
4,1023,0.000000
4,1024,0.000000
4,1025,0.000000
4,1026,0.000000
4,1027,0.000000
4,1028,0.000000
4,1029,0.000000
4,1030,0.000000
4,1031,0.000000
4,1032,0.000000
4,1033,0.000000
4,1034,0.000000
4,1035,0.000000
4,1036,0.000000
4,1037,0.000000
4,1038,0.000000
4,1039,0.000000
4,1040,0.000000
4,1041,0.000000
4,1042,0.000000
4,1043,0.000000
4,1044,0.000000
4,1045,0.000000
4,1046,0.000000
4,1047,0.000000
4,1048,0.000000
4,1049,0.000000
4,1050,0.000000
4,1051,0.000000
4,1052,0.000000
4,1053,0.000000
4,1054,0.000000
4,1055,0.000000
4,1056,0.000000
4,1057,0.000000
4,1058,0.000000
4,1059,0.000000
4,1060,0.000000
4,1061,0.000000
4,1062,0.000000
4,1063,0.000000
4,1064,0.000000
4,1065,0.000000
4,1066,0.000000
4,1067,0.000000
4,1068,0.000000
4,1069,0.000000
4,1070,0.000000
4,1071,0.000000
4,1072,0.000000
4,1073,0.000000
4,1074,0.000000
4,1075,0.000000
4,1076,0.000000
4,1077,0.000000
4,1078,0.000000
4,1079,0.000000
4,1080,0.000000
4,1081,0.000000
4,1082,0.000000
4,1083,0.000000
4,1084,0.000000
4,1085,0.000000
4,1086,0.000000
4,1087,0.000000
4,1088,0.000000
4,1089,0.000000
4,1090,0.000000
4,1091,0.000000
4,1092,0.000000
4,1093,0.000000
4,1094,0.000000
4,1095,0.000000
4,1096,0.000000
4,1097,0.000000
4,1098,0.000000
4,1099,0.000000
4,1100,0.000000
4,1101,0.000000
4,1102,0.000000
4,1103,0.000000
4,1104,0.000000
4,1105,0.000000
4,1106,0.000000
4,1107,0.000000
4,1108,0.000000
4,1109,0.000000
4,1110,0.000000
4,1111,0.000000
4,1112,0.000000
4,1113,0.000000
4,1114,0.000000
4,1115,0.000000
4,1116,0.000000
4,1117,0.000000
4,1118,0.000000
4,1119,0.000000
4,1120,0.000000
4,1121,0.000000
4,1122,0.000000
4,1123,0.000000
4,1124,0.000000
4,1125,0.000000
4,1126,0.000000
4,1127,0.000000
4,1128,0.000000
4,1129,0.000000
4,1130,0.000000
4,1131,0.000000
4,1132,0.000000
4,1133,0.000000
4,1134,0.000000
4,1135,0.000000
4,1136,0.000000
4,1137,0.000000
4,1138,0.000000
4,1139,0.000000
4,1140,0.000000
4,1141,0.000000
4,1142,0.000000
4,1143,0.000000
4,1144,0.000000
4,1145,0.000000
4,1146,0.000000
4,1147,0.000000
4,1148,0.000000
4,1149,0.000000
4,1150,0.000000
4,1151,0.000000
4,1152,0.000000
4,1153,0.000000
4,1154,0.000000
4,1155,0.000000
4,1156,0.000000
4,1157,0.000000
4,1158,0.000000
4,1159,0.000000
4,1160,0.000000
4,1161,0.000000
4,1162,0.000000
4,1163,0.000000
4,1164,0.000000
4,1165,0.000000
4,1166,0.000000
4,1167,0.000000
4,1168,0.000000
4,1169,0.000000
4,1170,0.000000
4,1171,0.000000
4,1172,0.000000
4,1173,0.001250
4,1174,0.000000
4,1175,0.000000
4,1176,0.000000
4,1177,0.000000
4,1178,0.000000
4,1179,0.000000
4,1180,0.000000
4,1181,0.000000
4,1182,0.000000
4,1183,0.000000
4,1184,0.000000
4,1185,0.000000
4,1186,0.000000
4,1187,0.000000
4,1188,0.000000
4,1189,0.000000
4,1190,0.000000
4,1191,0.000000
4,1192,0.000000
4,1193,0.000000
4,1194,0.000000
4,1195,0.000000
4,1196,0.000000
4,1197,0.000000
4,1198,0.000000
4,1199,0.000000
4,1200,0.000000
4,1201,0.000000
4,1202,0.000000
4,1203,0.000000
4,1204,0.000000
4,1205,0.000000
4,1206,0.000000
4,1207,0.000000
4,1208,0.000000
4,1209,0.000000
4,1210,0.000000
4,1211,0.000000
4,1212,0.000000
4,1213,0.000000
4,1214,0.000000
4,1215,0.000000
4,1216,0.000000
4,1217,0.000000
4,1218,0.000000
4,1219,0.000000
4,1220,0.000000
4,1221,0.000000
4,1222,0.000000
4,1223,0.000000
4,1224,0.000000
4,1225,0.000000
4,1226,0.000000
4,1227,0.000000
4,1228,0.000000
4,1229,0.000000
4,1230,0.000000
4,1231,0.000000
4,1232,0.000000
4,1233,0.000000
4,1234,0.000000
4,1235,0.000000
4,1236,0.000000
4,1237,0.000000
4,1238,0.000000
4,1239,0.000000
4,1240,0.000000
4,1241,0.001200
4,1242,0.000000
4,1243,0.000000
4,1244,0.000000
4,1245,0.000000
4,1246,0.000000
4,1247,0.000000
4,1248,0.000000
4,1249,0.000000
4,1250,0.000000
4,1251,0.000000
4,1252,0.000000
4,1253,0.000000
4,1254,0.000000
4,1255,0.000000
4,1256,0.000000
4,1257,0.000000
4,1258,0.000000
4,1259,0.000000
4,1260,0.000000
4,1261,0.000000
4,1262,0.000000
4,1263,0.000000
4,1264,0.000000
4,1265,0.000000
4,1266,0.000000
4,1267,0.000000
4,1268,0.000000
4,1269,0.000000
4,1270,0.000000
4,1271,0.000000
4,1272,0.000000
4,1273,0.000000
4,1274,0.000000
4,1275,0.000000
4,1276,0.000000
4,1277,0.000000
4,1278,0.000000
4,1279,0.000000
4,1280,0.000000
4,1281,0.000000
4,1282,0.000000
4,1283,0.000000
4,1284,0.000000
4,1285,0.000000
4,1286,0.000000
4,1287,0.000000
4,1288,0.000000
4,1289,0.000000
4,1290,0.000000
4,1291,0.000000
4,1292,0.000000
4,1293,0.000000
4,1294,0.000000
4,1295,0.000000
4,1296,0.000000
4,1297,0.000000
4,1298,0.000000
4,1299,0.000000
4,1300,0.000000
4,1301,0.000000
4,1302,0.000000
4,1303,0.000000
4,1304,0.000000
4,1305,0.000000
4,1306,0.000000
4,1307,0.000000
4,1308,0.000000
4,1309,0.000000
4,1310,0.000000
4,1311,0.000000
4,1312,0.000000
4,1313,0.000000
4,1314,0.000000
4,1315,0.000000
4,1316,0.000000
4,1317,0.001450
4,1318,0.000000
4,1319,0.000000
4,1320,0.000000
4,1321,0.000000
4,1322,0.000000
4,1323,0.000000
4,1324,0.000000
4,1325,0.000000
4,1326,0.000000
4,1327,0.000000
4,1328,0.000000
4,1329,0.000000
4,1330,0.000000
4,1331,0.000000
4,1332,0.000000
4,1333,0.000000
4,1334,0.000000
4,1335,0.000000
4,1336,0.000000
4,1337,0.000000
4,1338,0.000000
4,1339,0.000000
4,1340,0.000000
4,1341,0.000000
4,1342,0.000000
4,1343,0.001650
4,1344,0.000000
4,1345,0.000000
4,1346,0.000000
4,1347,0.000000
4,1348,0.000000
4,1349,0.000000
4,1350,0.000000
4,1351,0.000000
4,1352,0.000000
4,1353,0.000000
4,1354,0.000000
4,1355,0.000000
4,1356,0.000000
4,1357,0.000000
4,1358,0.000000
4,1359,0.000000
4,1360,0.000000
4,1361,0.000000
4,1362,0.000000
4,1363,0.000000
4,1364,0.000000
4,1365,0.000000
4,1366,0.000000
4,1367,0.000000
4,1368,0.000000
4,1369,0.000000
4,1370,0.000000
4,1371,0.000000
4,1372,0.000000
4,1373,0.000000
4,1374,0.000000
4,1375,0.000000
4,1376,0.000000
4,1377,0.000000
4,1378,0.000000
4,1379,0.000000
4,1380,0.000000
4,1381,0.000000
4,1382,0.000000
4,1383,0.000000
4,1384,0.000000
4,1385,0.000000
4,1386,0.000000
4,1387,0.000000
4,1388,0.000000
4,1389,0.000000
4,1390,0.000000
4,1391,0.000000
4,1392,0.000000
4,1393,0.000000
4,1394,0.000000
4,1395,0.000000
4,1396,0.000000
4,1397,0.000000
4,1398,0.000000
4,1399,0.000000
4,1400,0.000000
4,1401,0.000000
4,1402,0.000000
4,1403,0.000000
4,1404,0.000000
4,1405,0.000000
4,1406,0.000000
4,1407,0.000000
4,1408,0.000000
4,1409,0.000000
4,1410,0.000000
4,1411,0.000000
4,1412,0.000000
4,1413,0.000000
4,1414,0.000000
4,1415,0.000000
4,1416,0.000000
4,1417,0.000000
4,1418,0.000000
4,1419,0.000000
4,1420,0.000000
4,1421,0.000000
4,1422,0.000000
4,1423,0.000000
4,1424,0.000000
4,1425,0.000000
4,1426,0.000000
4,1427,0.000000
4,1428,0.000000
4,1429,0.000000
4,1430,0.000000
4,1431,0.000000
4,1432,0.000000
4,1433,0.000000
4,1434,0.000000
4,1435,0.000000
4,1436,0.000000
4,1437,0.000000
4,1438,0.000000
4,1439,0.000000
4,1440,0.000000
4,1441,0.000000
4,1442,0.000000
4,1443,0.000000
4,1444,0.000000
4,1445,0.000000
4,1446,0.000000
4,1447,0.000000
4,1448,0.000000
4,1449,0.000000
4,1450,0.000000
4,1451,0.000000
4,1452,0.000000
4,1453,0.000000
4,1454,0.000000
4,1455,0.000000
4,1456,0.000000
4,1457,0.000000
4,1458,0.000000
4,1459,0.000000
4,1460,0.000000
4,1461,0.000000
4,1462,0.000000
4,1463,0.000000
4,1464,0.000000
4,1465,0.000000
4,1466,0.000000
4,1467,0.000000
4,1468,0.000000
4,1469,0.000000
4,1470,0.000000
4,1471,0.000000
4,1472,0.000000
4,1473,0.000000
4,1474,0.000000
4,1475,0.000000
4,1476,0.000000
4,1477,0.000000
4,1478,0.000000
4,1479,0.000000
4,1480,0.000000
4,1481,0.000000
4,1482,0.000000
4,1483,0.000000
4,1484,0.000000
4,1485,0.000000
4,1486,0.000000
4,1487,0.000000
4,1488,0.000000
4,1489,0.000000
4,1490,0.000000
4,1491,0.000000
4,1492,0.000000
4,1493,0.000000
4,1494,0.000000
4,1495,0.000000
4,1496,0.000000
4,1497,0.000000
4,1498,0.000000
4,1499,0.000000
4,1500,0.000000
4,1501,0.000000
4,1502,0.000000
4,1503,0.000000
4,1504,0.000000
4,1505,0.000000
4,1506,0.000000
4,1507,0.000000
4,1508,0.000000
4,1509,0.000000
4,1510,0.000000
4,1511,0.000000
4,1512,0.000000
4,1513,0.000000
4,1514,0.000000
4,1515,0.000000
4,1516,0.000000
4,1517,0.000000
4,1518,0.000000
4,1519,0.000000
4,1520,0.000000
4,1521,0.000000
4,1522,0.000000
4,1523,0.000000
4,1524,0.000000
4,1525,0.000000
4,1526,0.000000
4,1527,0.000000
4,1528,0.000000
4,1529,0.000000
4,1530,0.000000
4,1531,0.000000
4,1532,0.000000
4,1533,0.000000
4,1534,0.000000
4,1535,0.000000
4,1536,0.000000
4,1537,0.000000
4,1538,0.000000
4,1539,0.000000
4,1540,0.000000
4,1541,0.000000
4,1542,0.000000
4,1543,0.000000
4,1544,0.000000
4,1545,0.000000
4,1546,0.000000
4,1547,0.000000
4,1548,0.000000
4,1549,0.000000
4,1550,0.000000
4,1551,0.000000
4,1552,0.000000
4,1553,0.000000
4,1554,0.000000
4,1555,0.000000
4,1556,0.000000
4,1557,0.000000
4,1558,0.000000
4,1559,0.000000
4,1560,0.000000
4,1561,0.000000
4,1562,0.001200
4,1563,0.000000
4,1564,0.000000
4,1565,0.000000
4,1566,0.000000
4,1567,0.000000
4,1568,0.000000
4,1569,0.000000
4,1570,0.000000
4,1571,0.000000
4,1572,0.000000
4,1573,0.000000
4,1574,0.000000
4,1575,0.000000
4,1576,0.000000
4,1577,0.000000
4,1578,0.000000
4,1579,0.000000
4,1580,0.000000
4,1581,0.000000
4,1582,0.000000
4,1583,0.000000
4,1584,0.000000
4,1585,0.000000
4,1586,0.000000
4,1587,0.000000
4,1588,0.000000
4,1589,0.000000
4,1590,0.000000
4,1591,0.000000
4,1592,0.000000
4,1593,0.000000
4,1594,0.000000
4,1595,0.000000
4,1596,0.000000
4,1597,0.000000
4,1598,0.000000
4,1599,0.000000
4,1600,0.000000
4,1601,0.000000
4,1602,0.000000
4,1603,0.000000
4,1604,0.000000
4,1605,0.000000
4,1606,0.000000
4,1607,0.000000
4,1608,0.000000
4,1609,0.000000
4,1610,0.000000
4,1611,0.000000
4,1612,0.000000
4,1613,0.000000
4,1614,0.000000
4,1615,0.000000
4,1616,0.000000
4,1617,0.000000
4,1618,0.000000
4,1619,0.000000
4,1620,0.000000
4,1621,0.000000
4,1622,0.000000
4,1623,0.000000
4,1624,0.000000
4,1625,0.000000
4,1626,0.000000
4,1627,0.000000
4,1628,0.000000
4,1629,0.000000
4,1630,0.000000
4,1631,0.000000
4,1632,0.000000
4,1633,0.000000
4,1634,0.000000
4,1635,0.000000
4,1636,0.000000
4,1637,0.000000
4,1638,0.000000
4,1639,0.000000
4,1640,0.000000
4,1641,0.000000
4,1642,0.000000
4,1643,0.000000
4,1644,0.000000
4,1645,0.000000
4,1646,0.000000
4,1647,0.000000
4,1648,0.000000
4,1649,0.000000
4,1650,0.000000
4,1651,0.000000
4,1652,0.000000
4,1653,0.000000
4,1654,0.000000
4,1655,0.000000
4,1656,0.000000
4,1657,0.000000
4,1658,0.000000
4,1659,0.000000
4,1660,0.000000
4,1661,0.000000
4,1662,0.000000
4,1663,0.000000
4,1664,0.000000
4,1665,0.000000
4,1666,0.000000
4,1667,0.000000
4,1668,0.000000
4,1669,0.000000
4,1670,0.000000
4,1671,0.000000
4,1672,0.000000
4,1673,0.000000
4,1674,0.000000
4,1675,0.000000
4,1676,0.000000
4,1677,0.000000
4,1678,0.000000
4,1679,0.000000
4,1680,0.000000
4,1681,0.000000
4,1682,0.000000
4,1683,0.000000
4,1684,0.000000
4,1685,0.000000
4,1686,0.000000
4,1687,0.000000
4,1688,0.000000
4,1689,0.000000
4,1690,0.000000
4,1691,0.000000
4,1692,0.000000
4,1693,0.000000
4,1694,0.000000
4,1695,0.000000
4,1696,0.000000
4,1697,0.000000
4,1698,0.000000
4,1699,0.000000
4,1700,0.000000
4,1701,0.000000
4,1702,0.000000
4,1703,0.000000
4,1704,0.000000
4,1705,0.000000
4,1706,0.000000
4,1707,0.000000
4,1708,0.000000
4,1709,0.000000
4,1710,0.000000
4,1711,0.000000
4,1712,0.000000
4,1713,0.000000
4,1714,0.000000
4,1715,0.000000
4,1716,0.000000
4,1717,0.000000
4,1718,0.000000
4,1719,0.000000
4,1720,0.000000
4,1721,0.000000
4,1722,0.000000
4,1723,0.000000
4,1724,0.000000
4,1725,0.000000
4,1726,0.000000
4,1727,0.000000
4,1728,0.000000
4,1729,0.000000
4,1730,0.000000
4,1731,0.000000
4,1732,0.000000
4,1733,0.000000
4,1734,0.000000
4,1735,0.000000
4,1736,0.000000
4,1737,0.000000
4,1738,0.000000
4,1739,0.000000
4,1740,0.000000
4,1741,0.000000
4,1742,0.000000
4,1743,0.000000
4,1744,0.000000
4,1745,0.000000
4,1746,0.000000
4,1747,0.000000
4,1748,0.000000
4,1749,0.000000
4,1750,0.000000
4,1751,0.000000
4,1752,0.000000
4,1753,0.000000
4,1754,0.000000
4,1755,0.000000
4,1756,0.000000
4,1757,0.000000
4,1758,0.000000
4,1759,0.000000
4,1760,0.000000
4,1761,0.000000
4,1762,0.000000
4,1763,0.000000
4,1764,0.000000
4,1765,0.000000
4,1766,0.000000
4,1767,0.000000
4,1768,0.000000
4,1769,0.000000
4,1770,0.000000
4,1771,0.000000
4,1772,0.000000
4,1773,0.000000
4,1774,0.000000
4,1775,0.000000
4,1776,0.000000
4,1777,0.000000
4,1778,0.000000
4,1779,0.000000
4,1780,0.000000
4,1781,0.000000
4,1782,0.000000
4,1783,0.000000
4,1784,0.000000
4,1785,0.000000
4,1786,0.000000
4,1787,0.000000
4,1788,0.000000
4,1789,0.000000
4,1790,0.000000
4,1791,0.000000
4,1792,0.000000
4,1793,0.000000
4,1794,0.000000
4,1795,0.000000
4,1796,0.000000
4,1797,0.000000
4,1798,0.000000
4,1799,0.000000
4,1800,0.000000
4,1801,0.000000
4,1802,0.000000
4,1803,0.000000
4,1804,0.000000
4,1805,0.000000
4,1806,0.000000
4,1807,0.000000
4,1808,0.000000
4,1809,0.000000
4,1810,0.000000
4,1811,0.000000
4,1812,0.000000
4,1813,0.000000
4,1814,0.000000
4,1815,0.000000
4,1816,0.000000
4,1817,0.000000
4,1818,0.000000
4,1819,0.000000
4,1820,0.000000
4,1821,0.000000
4,1822,0.000000
4,1823,0.000000
4,1824,0.000000
4,1825,0.000000
4,1826,0.000000
4,1827,0.000000
4,1828,0.000000
4,1829,0.000000
4,1830,0.000000
4,1831,0.000000
4,1832,0.000000
4,1833,0.000000
4,1834,0.000000
4,1835,0.000000
4,1836,0.000000
4,1837,0.000000
4,1838,0.000000
4,1839,0.000000
4,1840,0.000000
4,1841,0.000000
4,1842,0.000000
4,1843,0.000000
4,1844,0.000000
4,1845,0.000000
4,1846,0.000000
4,1847,0.000000
4,1848,0.000000
4,1849,0.000000
4,1850,0.000000
4,1851,0.000000
4,1852,0.000000
4,1853,0.000000
4,1854,0.000000
4,1855,0.000000
4,1856,0.000000
4,1857,0.000000
4,1858,0.000000
4,1859,0.000000
4,1860,0.000000
4,1861,0.000000
4,1862,0.000000
4,1863,0.000000
4,1864,0.000000
4,1865,0.000000
4,1866,0.000000
4,1867,0.000000
4,1868,0.000000
4,1869,0.000000
4,1870,0.000000
4,1871,0.000000
4,1872,0.000000
4,1873,0.000000
4,1874,0.000000
4,1875,0.000000
4,1876,0.000000
4,1877,0.000000
4,1878,0.000000
4,1879,0.000000
4,1880,0.000000
4,1881,0.000000
4,1882,0.000000
4,1883,0.000000
4,1884,0.000000
4,1885,0.000000
4,1886,0.000000
4,1887,0.000000
4,1888,0.000000
4,1889,0.000000
4,1890,0.000000
4,1891,0.000000
4,1892,0.000000
4,1893,0.000000
4,1894,0.000000
4,1895,0.000000
4,1896,0.000750
4,1897,0.000000
4,1898,0.000000
4,1899,0.000000
4,1900,0.000000
4,1901,0.000000
4,1902,0.000000
4,1903,0.000000
4,1904,0.000000
4,1905,0.000000
4,1906,0.000000
4,1907,0.000000
4,1908,0.000000
4,1909,0.000000
4,1910,0.000000
4,1911,0.000000
4,1912,0.000000
4,1913,0.000000
4,1914,0.000000
4,1915,0.000000
4,1916,0.000000
4,1917,0.000000
4,1918,0.000000
4,1919,0.000000
4,1920,0.000000
4,1921,0.000000
4,1922,0.000000
4,1923,0.000000
4,1924,0.000000
4,1925,0.000000
4,1926,0.000000
4,1927,0.000000
4,1928,0.000000
4,1929,0.000000
4,1930,0.000000
4,1931,0.000000
4,1932,0.000000
4,1933,0.000000
4,1934,0.000000
4,1935,0.000000
4,1936,0.000000
4,1937,0.000000
4,1938,0.000000
4,1939,0.000000
4,1940,0.000000
4,1941,0.000000
4,1942,0.000000
4,1943,0.000000
4,1944,0.000000
4,1945,0.000000
4,1946,0.000000
4,1947,0.000000
4,1948,0.000000
4,1949,0.000000
4,1950,0.000000
4,1951,0.000000
4,1952,0.000000
4,1953,0.000000
4,1954,0.000000
4,1955,0.000000
4,1956,0.000000
4,1957,0.000000
4,1958,0.000650
4,1959,0.000000
4,1960,0.000000
4,1961,0.000000
4,1962,0.000000
4,1963,0.000000
4,1964,0.000000
4,1965,0.000000
4,1966,0.000000
4,1967,0.000000
4,1968,0.000000
4,1969,0.000000
4,1970,0.000000
4,1971,0.000000
4,1972,0.000000
4,1973,0.000000
4,1974,0.000000
4,1975,0.000000
4,1976,0.000000
4,1977,0.000000
4,1978,0.000000
4,1979,0.000000
4,1980,0.000000
4,1981,0.000000
4,1982,0.000000
4,1983,0.000000
4,1984,0.000000
4,1985,0.000000
4,1986,0.000000
4,1987,0.000000
4,1988,0.001100
4,1989,0.000000
4,1990,0.000000
4,1991,0.000000
4,1992,0.000000
4,1993,0.000000
4,1994,0.000000
4,1995,0.000000
4,1996,0.000000
4,1997,0.000000
4,1998,0.000000
4,1999,0.000000
4,2000,0.000000
4,2001,0.000000
4,2002,0.000000
4,2003,0.000000
4,2004,0.000000
4,2005,0.000000
4,2006,0.000000
4,2007,0.000000
4,2008,0.000000
4,2009,0.000000
4,2010,0.000000
4,2011,0.000000
4,2012,0.000000
4,2013,0.000000
4,2014,0.000000
4,2015,0.000000
4,2016,0.000000
4,2017,0.000000
4,2018,0.000000
4,2019,0.000000
4,2020,0.000000
4,2021,0.000000
4,2022,0.000000
4,2023,0.000000
4,2024,0.000000
4,2025,0.000000
4,2026,0.000000
4,2027,0.000000
4,2028,0.000000
4,2029,0.000000
4,2030,0.000000
4,2031,0.000000
4,2032,0.000000
4,2033,0.000000
4,2034,0.000000
4,2035,0.000000
4,2036,0.000000
4,2037,0.000000
4,2038,0.000000
4,2039,0.000000
4,2040,0.000000
4,2041,0.000000
4,2042,0.000000
4,2043,0.000000
4,2044,0.000000
4,2045,0.000000
4,2046,0.000000
4,2047,0.000000
4,2048,0.000000
8,1,0.862847
8,2,0.815574
8,3,0.735772
8,4,0.676790
8,5,0.628472
8,6,0.500000
8,7,0.500000
8,8,0.486280
8,9,0.459852
8,10,0.405844
8,11,0.365036
8,12,0.358163
8,13,0.000000
8,14,0.317841
8,15,0.300261
8,16,0.267958
8,17,0.253409
8,18,0.243172
8,19,0.125000
8,20,0.201726
8,21,0.198490
8,22,0.229036
8,23,0.125000
8,24,0.175521
8,25,0.164342
8,26,0.125000
8,27,0.167902
8,28,0.125000
8,29,0.125000
8,30,0.133229
8,31,0.000000
8,32,0.125000
8,33,0.000000
8,34,0.125000
8,35,0.000000
8,36,0.000000
8,37,0.124016
8,38,0.125000
8,39,0.111831
8,40,0.000000
8,41,0.105759
8,42,0.110725
8,43,0.000000
8,44,0.088822
8,45,0.086675
8,46,0.081362
8,47,0.000000
8,48,0.122748
8,49,0.129167
8,50,0.000000
8,51,0.077750
8,52,0.000000
8,53,0.075635
8,54,0.000000
8,55,0.070472
8,56,0.073338
8,57,0.066438
8,58,0.067906
8,59,0.069503
8,60,0.000000
8,61,0.065362
8,62,0.000000
8,63,0.000000
8,64,0.125000
8,65,0.000000
8,66,0.057502
8,67,0.058850
8,68,0.000000
8,69,0.055550
8,70,0.057391
8,71,0.000000
8,72,0.053850
8,73,0.000000
8,74,0.057189
8,75,0.000000
8,76,0.048006
8,77,0.000000
8,78,0.125000
8,79,0.047041
8,80,0.046291
8,81,0.000000
8,82,0.000000
8,83,0.046141
8,84,0.046500
8,85,0.045641
8,86,0.000000
8,87,0.000000
8,88,0.000000
8,89,0.000000
8,90,0.000000
8,91,0.039317
8,92,0.000000
8,93,0.000000
8,94,0.040367
8,95,0.000000
8,96,0.039992
8,97,0.037193
8,98,0.000000
8,99,0.039025
8,100,0.000000
8,101,0.036275
8,102,0.039717
8,103,0.034900
8,104,0.036818
8,105,0.000000
8,106,0.000000
8,107,0.034225
8,108,0.000000
8,109,0.000000
8,110,0.033825
8,111,0.000000
8,112,0.034075
8,113,0.034411
8,114,0.000000
8,115,0.031319
8,116,0.000000
8,117,0.000000
8,118,0.000000
8,119,0.000000
8,120,0.000000
8,121,0.030619
8,122,0.000000
8,123,0.000000
8,124,0.029300
8,125,0.030444
8,126,0.028119
8,127,0.000000
8,128,0.000000
8,129,0.000000
8,130,0.000000
8,131,0.000000
8,132,0.000000
8,133,0.027969
8,134,0.025000
8,135,0.025850
8,136,0.000000
8,137,0.027225
8,138,0.027250
8,139,0.000000
8,140,0.027195
8,141,0.026845
8,142,0.000000
8,143,0.000000
8,144,0.000000
8,145,0.025270
8,146,0.025225
8,147,0.000000
8,148,0.000000
8,149,0.000000
8,150,0.000000
8,151,0.000000
8,152,0.000000
8,153,0.000000
8,154,0.024300
8,155,0.024175
8,156,0.000000
8,157,0.000000
8,158,0.021800
8,159,0.000000
8,160,0.000000
8,161,0.000000
8,162,0.022695
8,163,0.000000
8,164,0.000000
8,165,0.021200
8,166,0.000000
8,167,0.000000
8,168,0.000000
8,169,0.000000
8,170,0.000000
8,171,0.021721
8,172,0.000000
8,173,0.021721
8,174,0.021325
8,175,0.000000
8,176,0.000000
8,177,0.020046
8,178,0.000000
8,179,0.000000
8,180,0.020246
8,181,0.000000
8,182,0.020225
8,183,0.000000
8,184,0.000000
8,185,0.000000
8,186,0.018546
8,187,0.000000
8,188,0.000000
8,189,0.020425
8,190,0.018550
8,191,0.000000
8,192,0.000000
8,193,0.000000
8,194,0.000000
8,195,0.017950
8,196,0.000000
8,197,0.000000
8,198,0.020067
8,199,0.000000
8,200,0.000000
8,201,0.000000
8,202,0.000000
8,203,0.000000
8,204,0.000000
8,205,0.018021
8,206,0.000000
8,207,0.018946
8,208,0.000000
8,209,0.017850
8,210,0.000000
8,211,0.000000
8,212,0.000000
8,213,0.000000
8,214,0.000000
8,215,0.000000
8,216,0.000000
8,217,0.000000
8,218,0.000000
8,219,0.000000
8,220,0.015350
8,221,0.000000
8,222,0.000000
8,223,0.000000
8,224,0.000000
8,225,0.000000
8,226,0.000000
8,227,0.000000
8,228,0.000000
8,229,0.000000
8,230,0.000000
8,231,0.000000
8,232,0.000000
8,233,0.000000
8,234,0.000000
8,235,0.000000
8,236,0.000000
8,237,0.015350
8,238,0.000000
8,239,0.000000
8,240,0.000000
8,241,0.000000
8,242,0.000000
8,243,0.000000
8,244,0.000000
8,245,0.000000
8,246,0.000000
8,247,0.000000
8,248,0.015344
8,249,0.000000
8,250,0.000000
8,251,0.000000
8,252,0.000000
8,253,0.015172
8,254,0.000000
8,255,0.014050
8,256,0.000000
8,257,0.000000
8,258,0.000000
8,259,0.000000
8,260,0.000000
8,261,0.000000
8,262,0.000000
8,263,0.000000
8,264,0.000000
8,265,0.000000
8,266,0.012697
8,267,0.000000
8,268,0.000000
8,269,0.013300
8,270,0.012650
8,271,0.000000
8,272,0.000000
8,273,0.000000
8,274,0.000000
8,275,0.000000
8,276,0.000000
8,277,0.000000
8,278,0.000000
8,279,0.000000
8,280,0.012525
8,281,0.000000
8,282,0.000000
8,283,0.000000
8,284,0.000000
8,285,0.000000
8,286,0.000000
8,287,0.000000
8,288,0.000000
8,289,0.000000
8,290,0.000000
8,291,0.000000
8,292,0.000000
8,293,0.000000
8,294,0.012525
8,295,0.012248
8,296,0.000000
8,297,0.000000
8,298,0.000000
8,299,0.000000
8,300,0.000000
8,301,0.011348
8,302,0.000000
8,303,0.000000
8,304,0.000000
8,305,0.000000
8,306,0.011775
8,307,0.000000
8,308,0.012023
8,309,0.000000
8,310,0.011898
8,311,0.000000
8,312,0.000000
8,313,0.000000
8,314,0.000000
8,315,0.000000
8,316,0.000000
8,317,0.011375
8,318,0.000000
8,319,0.000000
8,320,0.000000
8,321,0.000000
8,322,0.000000
8,323,0.000000
8,324,0.000000
8,325,0.000000
8,326,0.000000
8,327,0.000000
8,328,0.000000
8,329,0.000000
8,330,0.000000
8,331,0.000000
8,332,0.011548
8,333,0.000000
8,334,0.000000
8,335,0.010300
8,336,0.000000
8,337,0.010950
8,338,0.000000
8,339,0.010950
8,340,0.000000
8,341,0.000000
8,342,0.000000
8,343,0.000000
8,344,0.000000
8,345,0.000000
8,346,0.000000
8,347,0.009925
8,348,0.000000
8,349,0.000000
8,350,0.000000
8,351,0.000000
8,352,0.000000
8,353,0.000000
8,354,0.000000
8,355,0.000000
8,356,0.000000
8,357,0.000000
8,358,0.000000
8,359,0.000000
8,360,0.000000
8,361,0.000000
8,362,0.000000
8,363,0.000000
8,364,0.009548
8,365,0.010450
8,366,0.000000
8,367,0.009500
8,368,0.000000
8,369,0.000000
8,370,0.000000
8,371,0.000000
8,372,0.000000
8,373,0.000000
8,374,0.000000
8,375,0.000000
8,376,0.009475
8,377,0.000000
8,378,0.000000
8,379,0.000000
8,380,0.000000
8,381,0.000000
8,382,0.000000
8,383,0.000000
8,384,0.000000
8,385,0.008623
8,386,0.009325
8,387,0.000000
8,388,0.000000
8,389,0.000000
8,390,0.000000
8,391,0.000000
8,392,0.000000
8,393,0.000000
8,394,0.000000
8,395,0.000000
8,396,0.000000
8,397,0.000000
8,398,0.000000
8,399,0.000000
8,400,0.000000
8,401,0.008350
8,402,0.000000
8,403,0.000000
8,404,0.000000
8,405,0.008850
8,406,0.000000
8,407,0.000000
8,408,0.000000
8,409,0.000000
8,410,0.000000
8,411,0.007673
8,412,0.000000
8,413,0.000000
8,414,0.000000
8,415,0.008225
8,416,0.008523
8,417,0.000000
8,418,0.008875
8,419,0.000000
8,420,0.000000
8,421,0.000000
8,422,0.000000
8,423,0.000000
8,424,0.000000
8,425,0.000000
8,426,0.000000
8,427,0.000000
8,428,0.007425
8,429,0.000000
8,430,0.007700
8,431,0.000000
8,432,0.000000
8,433,0.000000
8,434,0.007798
8,435,0.000000
8,436,0.000000
8,437,0.007773
8,438,0.000000
8,439,0.008272
8,440,0.000000
8,441,0.000000
8,442,0.000000
8,443,0.000000
8,444,0.000000
8,445,0.000000
8,446,0.007100
8,447,0.000000
8,448,0.000000
8,449,0.000000
8,450,0.000000
8,451,0.000000
8,452,0.000000
8,453,0.000000
8,454,0.000000
8,455,0.000000
8,456,0.000000
8,457,0.000000
8,458,0.000000
8,459,0.000000
8,460,0.000000
8,461,0.000000
8,462,0.000000
8,463,0.000000
8,464,0.000000
8,465,0.000000
8,466,0.000000
8,467,0.000000
8,468,0.000000
8,469,0.000000
8,470,0.000000
8,471,0.000000
8,472,0.000000
8,473,0.007973
8,474,0.000000
8,475,0.000000
8,476,0.000000
8,477,0.000000
8,478,0.000000
8,479,0.000000
8,480,0.000000
8,481,0.000000
8,482,0.000000
8,483,0.000000
8,484,0.000000
8,485,0.006774
8,486,0.007099
8,487,0.000000
8,488,0.000000
8,489,0.000000
8,490,0.000000
8,491,0.000000
8,492,0.000000
8,493,0.000000
8,494,0.000000
8,495,0.000000
8,496,0.000000
8,497,0.000000
8,498,0.000000
8,499,0.000000
8,500,0.000000
8,501,0.000000
8,502,0.000000
8,503,0.000000
8,504,0.000000
8,505,0.000000
8,506,0.000000
8,507,0.000000
8,508,0.000000
8,509,0.000000
8,510,0.000000
8,511,0.000000
8,512,0.000000
8,513,0.000000
8,514,0.000000
8,515,0.000000
8,516,0.000000
8,517,0.000000
8,518,0.000000
8,519,0.000000
8,520,0.000000
8,521,0.000000
8,522,0.000000
8,523,0.000000
8,524,0.000000
8,525,0.007175
8,526,0.000000
8,527,0.000000
8,528,0.006274
8,529,0.000000
8,530,0.000000
8,531,0.000000
8,532,0.000000
8,533,0.000000
8,534,0.000000
8,535,0.000000
8,536,0.000000
8,537,0.000000
8,538,0.000000
8,539,0.000000
8,540,0.000000
8,541,0.000000
8,542,0.000000
8,543,0.006625
8,544,0.000000
8,545,0.000000
8,546,0.000000
8,547,0.000000
8,548,0.000000
8,549,0.000000
8,550,0.000000
8,551,0.000000
8,552,0.000000
8,553,0.006225
8,554,0.000000
8,555,0.000000
8,556,0.000000
8,557,0.000000
8,558,0.000000
8,559,0.000000
8,560,0.000000
8,561,0.000000
8,562,0.000000
8,563,0.000000
8,564,0.000000
8,565,0.000000
8,566,0.000000
8,567,0.000000
8,568,0.006524
8,569,0.000000
8,570,0.000000
8,571,0.000000
8,572,0.000000
8,573,0.000000
8,574,0.000000
8,575,0.000000
8,576,0.000000
8,577,0.000000
8,578,0.000000
8,579,0.000000
8,580,0.000000
8,581,0.000000
8,582,0.000000
8,583,0.000000
8,584,0.000000
8,585,0.000000
8,586,0.000000
8,587,0.000000
8,588,0.000000
8,589,0.000000
8,590,0.000000
8,591,0.000000
8,592,0.000000
8,593,0.000000
8,594,0.000000
8,595,0.000000
8,596,0.000000
8,597,0.000000
8,598,0.000000
8,599,0.000000
8,600,0.000000
8,601,0.000000
8,602,0.000000
8,603,0.000000
8,604,0.000000
8,605,0.000000
8,606,0.006224
8,607,0.006025
8,608,0.000000
8,609,0.000000
8,610,0.000000
8,611,0.000000
8,612,0.000000
8,613,0.005999
8,614,0.000000
8,615,0.000000
8,616,0.000000
8,617,0.000000
8,618,0.000000
8,619,0.000000
8,620,0.000000
8,621,0.000000
8,622,0.000000
8,623,0.005099
8,624,0.000000
8,625,0.005175
8,626,0.000000
8,627,0.000000
8,628,0.000000
8,629,0.000000
8,630,0.000000
8,631,0.000000
8,632,0.000000
8,633,0.000000
8,634,0.000000
8,635,0.000000
8,636,0.000000
8,637,0.000000
8,638,0.000000
8,639,0.000000
8,640,0.000000
8,641,0.005849
8,642,0.004999
8,643,0.000000
8,644,0.000000
8,645,0.000000
8,646,0.000000
8,647,0.000000
8,648,0.000000
8,649,0.000000
8,650,0.000000
8,651,0.000000
8,652,0.000000
8,653,0.000000
8,654,0.000000
8,655,0.000000
8,656,0.000000
8,657,0.000000
8,658,0.006149
8,659,0.000000
8,660,0.005100
8,661,0.000000
8,662,0.000000
8,663,0.000000
8,664,0.000000
8,665,0.005399
8,666,0.000000
8,667,0.000000
8,668,0.000000
8,669,0.000000
8,670,0.000000
8,671,0.000000
8,672,0.005774
8,673,0.000000
8,674,0.000000
8,675,0.000000
8,676,0.005600
8,677,0.000000
8,678,0.000000
8,679,0.000000
8,680,0.000000
8,681,0.000000
8,682,0.000000
8,683,0.000000
8,684,0.000000
8,685,0.000000
8,686,0.000000
8,687,0.000000
8,688,0.000000
8,689,0.000000
8,690,0.000000
8,691,0.000000
8,692,0.000000
8,693,0.000000
8,694,0.000000
8,695,0.000000
8,696,0.000000
8,697,0.000000
8,698,0.000000
8,699,0.000000
8,700,0.000000
8,701,0.000000
8,702,0.000000
8,703,0.004425
8,704,0.000000
8,705,0.000000
8,706,0.000000
8,707,0.000000
8,708,0.000000
8,709,0.000000
8,710,0.000000
8,711,0.000000
8,712,0.000000
8,713,0.000000
8,714,0.000000
8,715,0.000000
8,716,0.000000
8,717,0.000000
8,718,0.000000
8,719,0.000000
8,720,0.000000
8,721,0.000000
8,722,0.000000
8,723,0.000000
8,724,0.004500
8,725,0.000000
8,726,0.000000
8,727,0.000000
8,728,0.000000
8,729,0.000000
8,730,0.000000
8,731,0.000000
8,732,0.000000
8,733,0.000000
8,734,0.000000
8,735,0.000000
8,736,0.000000
8,737,0.000000
8,738,0.005000
8,739,0.000000
8,740,0.000000
8,741,0.000000
8,742,0.000000
8,743,0.000000
8,744,0.000000
8,745,0.000000
8,746,0.004325
8,747,0.000000
8,748,0.000000
8,749,0.000000
8,750,0.000000
8,751,0.000000
8,752,0.000000
8,753,0.000000
8,754,0.000000
8,755,0.000000
8,756,0.000000
8,757,0.000000
8,758,0.000000
8,759,0.000000
8,760,0.000000
8,761,0.000000
8,762,0.000000
8,763,0.000000
8,764,0.000000
8,765,0.000000
8,766,0.000000
8,767,0.000000
8,768,0.000000
8,769,0.000000
8,770,0.000000
8,771,0.000000
8,772,0.000000
8,773,0.000000
8,774,0.000000
8,775,0.000000
8,776,0.000000
8,777,0.000000
8,778,0.004000
8,779,0.000000
8,780,0.004925
8,781,0.000000
8,782,0.000000
8,783,0.000000
8,784,0.000000
8,785,0.004100
8,786,0.004825
8,787,0.000000
8,788,0.000000
8,789,0.000000
8,790,0.000000
8,791,0.000000
8,792,0.000000
8,793,0.000000
8,794,0.000000
8,795,0.000000
8,796,0.000000
8,797,0.000000
8,798,0.000000
8,799,0.000000
8,800,0.000000
8,801,0.000000
8,802,0.004450
8,803,0.000000
8,804,0.000000
8,805,0.004174
8,806,0.000000
8,807,0.000000
8,808,0.000000
8,809,0.000000
8,810,0.000000
8,811,0.000000
8,812,0.000000
8,813,0.000000
8,814,0.003998
8,815,0.000000
8,816,0.000000
8,817,0.000000
8,818,0.000000
8,819,0.000000
8,820,0.000000
8,821,0.000000
8,822,0.000000
8,823,0.000000
8,824,0.000000
8,825,0.000000
8,826,0.000000
8,827,0.000000
8,828,0.000000
8,829,0.000000
8,830,0.000000
8,831,0.000000
8,832,0.000000
8,833,0.000000
8,834,0.000000
8,835,0.000000
8,836,0.000000
8,837,0.000000
8,838,0.000000
8,839,0.000000
8,840,0.000000
8,841,0.004524
8,842,0.000000
8,843,0.000000
8,844,0.000000
8,845,0.000000
8,846,0.000000
8,847,0.000000
8,848,0.000000
8,849,0.000000
8,850,0.000000
8,851,0.000000
8,852,0.000000
8,853,0.000000
8,854,0.000000
8,855,0.000000
8,856,0.003975
8,857,0.000000
8,858,0.003675
8,859,0.000000
8,860,0.000000
8,861,0.000000
8,862,0.000000
8,863,0.000000
8,864,0.000000
8,865,0.000000
8,866,0.000000
8,867,0.000000
8,868,0.000000
8,869,0.000000
8,870,0.000000
8,871,0.003950
8,872,0.000000
8,873,0.000000
8,874,0.000000
8,875,0.000000
8,876,0.000000
8,877,0.000000
8,878,0.000000
8,879,0.000000
8,880,0.000000
8,881,0.000000
8,882,0.000000
8,883,0.000000
8,884,0.000000
8,885,0.000000
8,886,0.000000
8,887,0.000000
8,888,0.000000
8,889,0.000000
8,890,0.004074
8,891,0.000000
8,892,0.000000
8,893,0.000000
8,894,0.000000
8,895,0.000000
8,896,0.000000
8,897,0.000000
8,898,0.000000
8,899,0.000000
8,900,0.000000
8,901,0.000000
8,902,0.003950
8,903,0.000000
8,904,0.000000
8,905,0.000000
8,906,0.000000
8,907,0.000000
8,908,0.000000
8,909,0.000000
8,910,0.000000
8,911,0.000000
8,912,0.000000
8,913,0.000000
8,914,0.000000
8,915,0.000000
8,916,0.000000
8,917,0.000000
8,918,0.000000
8,919,0.003875
8,920,0.000000
8,921,0.000000
8,922,0.000000
8,923,0.000000
8,924,0.000000
8,925,0.000000
8,926,0.000000
8,927,0.000000
8,928,0.004100
8,929,0.000000
8,930,0.000000
8,931,0.000000
8,932,0.000000
8,933,0.000000
8,934,0.000000
8,935,0.000000
8,936,0.000000
8,937,0.000000
8,938,0.000000
8,939,0.000000
8,940,0.000000
8,941,0.000000
8,942,0.000000
8,943,0.000000
8,944,0.000000
8,945,0.000000
8,946,0.000000
8,947,0.000000
8,948,0.000000
8,949,0.000000
8,950,0.003575
8,951,0.000000
8,952,0.000000
8,953,0.000000
8,954,0.000000
8,955,0.000000
8,956,0.000000
8,957,0.000000
8,958,0.000000
8,959,0.000000
8,960,0.000000
8,961,0.000000
8,962,0.000000
8,963,0.000000
8,964,0.000000
8,965,0.000000
8,966,0.000000
8,967,0.000000
8,968,0.000000
8,969,0.000000
8,970,0.003900
8,971,0.000000
8,972,0.000000
8,973,0.000000
8,974,0.000000
8,975,0.000000
8,976,0.000000
8,977,0.000000
8,978,0.000000
8,979,0.000000
8,980,0.000000
8,981,0.000000
8,982,0.000000
8,983,0.000000
8,984,0.000000
8,985,0.000000
8,986,0.000000
8,987,0.000000
8,988,0.000000
8,989,0.000000
8,990,0.003225
8,991,0.000000
8,992,0.000000
8,993,0.000000
8,994,0.000000
8,995,0.000000
8,996,0.000000
8,997,0.000000
8,998,0.000000
8,999,0.000000
8,1000,0.003325
8,1001,0.000000
8,1002,0.000000
8,1003,0.000000
8,1004,0.000000
8,1005,0.000000
8,1006,0.000000
8,1007,0.003549
8,1008,0.000000
8,1009,0.000000
8,1010,0.004025
8,1011,0.000000
8,1012,0.000000
8,1013,0.000000
8,1014,0.003349
8,1015,0.000000
8,1016,0.000000
8,1017,0.000000
8,1018,0.000000
8,1019,0.000000
8,1020,0.000000
8,1021,0.000000
8,1022,0.000000
8,1023,0.000000
8,1024,0.003375
8,1025,0.000000
8,1026,0.000000
8,1027,0.003325
8,1028,0.000000
8,1029,0.003324
8,1030,0.000000
8,1031,0.000000
8,1032,0.000000
8,1033,0.000000
8,1034,0.000000
8,1035,0.000000
8,1036,0.000000
8,1037,0.000000
8,1038,0.003474
8,1039,0.000000
8,1040,0.000000
8,1041,0.000000
8,1042,0.000000
8,1043,0.000000
8,1044,0.000000
8,1045,0.000000
8,1046,0.000000
8,1047,0.000000
8,1048,0.000000
8,1049,0.004025
8,1050,0.000000
8,1051,0.000000
8,1052,0.003175
8,1053,0.000000
8,1054,0.000000
8,1055,0.000000
8,1056,0.000000
8,1057,0.000000
8,1058,0.000000
8,1059,0.000000
8,1060,0.000000
8,1061,0.000000
8,1062,0.000000
8,1063,0.000000
8,1064,0.000000
8,1065,0.000000
8,1066,0.000000
8,1067,0.000000
8,1068,0.003750
8,1069,0.003250
8,1070,0.000000
8,1071,0.000000
8,1072,0.000000
8,1073,0.000000
8,1074,0.000000
8,1075,0.000000
8,1076,0.002624
8,1077,0.000000
8,1078,0.000000
8,1079,0.000000
8,1080,0.000000
8,1081,0.000000
8,1082,0.000000
8,1083,0.000000
8,1084,0.000000
8,1085,0.000000
8,1086,0.000000
8,1087,0.000000
8,1088,0.000000
8,1089,0.000000
8,1090,0.000000
8,1091,0.000000
8,1092,0.000000
8,1093,0.000000
8,1094,0.000000
8,1095,0.000000
8,1096,0.000000
8,1097,0.000000
8,1098,0.000000
8,1099,0.000000
8,1100,0.000000
8,1101,0.000000
8,1102,0.000000
8,1103,0.000000
8,1104,0.000000
8,1105,0.000000
8,1106,0.000000
8,1107,0.000000
8,1108,0.000000
8,1109,0.000000
8,1110,0.000000
8,1111,0.000000
8,1112,0.000000
8,1113,0.000000
8,1114,0.000000
8,1115,0.000000
8,1116,0.000000
8,1117,0.000000
8,1118,0.000000
8,1119,0.000000
8,1120,0.000000
8,1121,0.000000
8,1122,0.000000
8,1123,0.003850
8,1124,0.000000
8,1125,0.000000
8,1126,0.000000
8,1127,0.000000
8,1128,0.000000
8,1129,0.000000
8,1130,0.000000
8,1131,0.000000
8,1132,0.000000
8,1133,0.000000
8,1134,0.000000
8,1135,0.003174
8,1136,0.000000
8,1137,0.000000
8,1138,0.000000
8,1139,0.000000
8,1140,0.000000
8,1141,0.000000
8,1142,0.003250
8,1143,0.000000
8,1144,0.000000
8,1145,0.000000
8,1146,0.000000
8,1147,0.000000
8,1148,0.003125
8,1149,0.000000
8,1150,0.003000
8,1151,0.002900
8,1152,0.003400
8,1153,0.000000
8,1154,0.000000
8,1155,0.000000
8,1156,0.000000
8,1157,0.000000
8,1158,0.002725
8,1159,0.002750
8,1160,0.000000
8,1161,0.000000
8,1162,0.000000
8,1163,0.000000
8,1164,0.000000
8,1165,0.000000
8,1166,0.000000
8,1167,0.000000
8,1168,0.000000
8,1169,0.000000
8,1170,0.003074
8,1171,0.000000
8,1172,0.000000
8,1173,0.000000
8,1174,0.000000
8,1175,0.000000
8,1176,0.000000
8,1177,0.000000
8,1178,0.000000
8,1179,0.000000
8,1180,0.000000
8,1181,0.000000
8,1182,0.000000
8,1183,0.000000
8,1184,0.000000
8,1185,0.000000
8,1186,0.000000
8,1187,0.002800
8,1188,0.000000
8,1189,0.000000
8,1190,0.000000
8,1191,0.000000
8,1192,0.000000
8,1193,0.000000
8,1194,0.000000
8,1195,0.000000
8,1196,0.000000
8,1197,0.000000
8,1198,0.000000
8,1199,0.000000
8,1200,0.000000
8,1201,0.000000
8,1202,0.000000
8,1203,0.000000
8,1204,0.000000
8,1205,0.000000
8,1206,0.000000
8,1207,0.000000
8,1208,0.000000
8,1209,0.000000
8,1210,0.000000
8,1211,0.000000
8,1212,0.000000
8,1213,0.000000
8,1214,0.000000
8,1215,0.000000
8,1216,0.000000
8,1217,0.000000
8,1218,0.000000
8,1219,0.000000
8,1220,0.000000
8,1221,0.000000
8,1222,0.000000
8,1223,0.000000
8,1224,0.000000
8,1225,0.000000
8,1226,0.000000
8,1227,0.000000
8,1228,0.000000
8,1229,0.000000
8,1230,0.000000
8,1231,0.000000
8,1232,0.000000
8,1233,0.000000
8,1234,0.000000
8,1235,0.000000
8,1236,0.000000
8,1237,0.000000
8,1238,0.000000
8,1239,0.000000
8,1240,0.000000
8,1241,0.000000
8,1242,0.002524
8,1243,0.000000
8,1244,0.000000
8,1245,0.000000
8,1246,0.000000
8,1247,0.000000
8,1248,0.000000
8,1249,0.000000
8,1250,0.000000
8,1251,0.000000
8,1252,0.000000
8,1253,0.000000
8,1254,0.000000
8,1255,0.000000
8,1256,0.000000
8,1257,0.000000
8,1258,0.000000
8,1259,0.000000
8,1260,0.000000
8,1261,0.000000
8,1262,0.000000
8,1263,0.000000
8,1264,0.000000
8,1265,0.000000
8,1266,0.000000
8,1267,0.000000
8,1268,0.000000
8,1269,0.000000
8,1270,0.000000
8,1271,0.000000
8,1272,0.000000
8,1273,0.000000
8,1274,0.000000
8,1275,0.000000
8,1276,0.000000
8,1277,0.000000
8,1278,0.000000
8,1279,0.000000
8,1280,0.000000
8,1281,0.000000
8,1282,0.000000
8,1283,0.000000
8,1284,0.000000
8,1285,0.000000
8,1286,0.000000
8,1287,0.000000
8,1288,0.000000
8,1289,0.000000
8,1290,0.000000
8,1291,0.000000
8,1292,0.000000
8,1293,0.000000
8,1294,0.000000
8,1295,0.000000
8,1296,0.003125
8,1297,0.000000
8,1298,0.000000
8,1299,0.000000
8,1300,0.000000
8,1301,0.000000
8,1302,0.000000
8,1303,0.000000
8,1304,0.000000
8,1305,0.000000
8,1306,0.000000
8,1307,0.000000
8,1308,0.000000
8,1309,0.000000
8,1310,0.000000
8,1311,0.000000
8,1312,0.000000
8,1313,0.000000
8,1314,0.000000
8,1315,0.000000
8,1316,0.000000
8,1317,0.000000
8,1318,0.002749
8,1319,0.000000
8,1320,0.000000
8,1321,0.000000
8,1322,0.002425
8,1323,0.000000
8,1324,0.000000
8,1325,0.000000
8,1326,0.000000
8,1327,0.000000
8,1328,0.000000
8,1329,0.000000
8,1330,0.000000
8,1331,0.000000
8,1332,0.000000
8,1333,0.000000
8,1334,0.000000
8,1335,0.000000
8,1336,0.000000
8,1337,0.000000
8,1338,0.000000
8,1339,0.000000
8,1340,0.000000
8,1341,0.000000
8,1342,0.000000
8,1343,0.000000
8,1344,0.000000
8,1345,0.000000
8,1346,0.000000
8,1347,0.000000
8,1348,0.000000
8,1349,0.000000
8,1350,0.000000
8,1351,0.000000
8,1352,0.000000
8,1353,0.000000
8,1354,0.000000
8,1355,0.000000
8,1356,0.000000
8,1357,0.000000
8,1358,0.000000
8,1359,0.000000
8,1360,0.002275
8,1361,0.000000
8,1362,0.000000
8,1363,0.000000
8,1364,0.000000
8,1365,0.000000
8,1366,0.000000
8,1367,0.000000
8,1368,0.000000
8,1369,0.000000
8,1370,0.000000
8,1371,0.000000
8,1372,0.000000
8,1373,0.000000
8,1374,0.000000
8,1375,0.000000
8,1376,0.000000
8,1377,0.000000
8,1378,0.000000
8,1379,0.000000
8,1380,0.000000
8,1381,0.000000
8,1382,0.000000
8,1383,0.000000
8,1384,0.000000
8,1385,0.000000
8,1386,0.000000
8,1387,0.000000
8,1388,0.000000
8,1389,0.000000
8,1390,0.000000
8,1391,0.000000
8,1392,0.000000
8,1393,0.000000
8,1394,0.000000
8,1395,0.000000
8,1396,0.000000
8,1397,0.000000
8,1398,0.000000
8,1399,0.000000
8,1400,0.000000
8,1401,0.000000
8,1402,0.000000
8,1403,0.000000
8,1404,0.000000
8,1405,0.000000
8,1406,0.000000
8,1407,0.000000
8,1408,0.000000
8,1409,0.000000
8,1410,0.000000
8,1411,0.000000
8,1412,0.000000
8,1413,0.000000
8,1414,0.000000
8,1415,0.000000
8,1416,0.000000
8,1417,0.000000
8,1418,0.000000
8,1419,0.000000
8,1420,0.000000
8,1421,0.000000
8,1422,0.000000
8,1423,0.000000
8,1424,0.000000
8,1425,0.000000
8,1426,0.000000
8,1427,0.000000
8,1428,0.000000
8,1429,0.000000
8,1430,0.000000
8,1431,0.000000
8,1432,0.000000
8,1433,0.000000
8,1434,0.000000
8,1435,0.000000
8,1436,0.000000
8,1437,0.000000
8,1438,0.002175
8,1439,0.000000
8,1440,0.000000
8,1441,0.000000
8,1442,0.000000
8,1443,0.000000
8,1444,0.000000
8,1445,0.000000
8,1446,0.000000
8,1447,0.000000
8,1448,0.000000
8,1449,0.000000
8,1450,0.000000
8,1451,0.000000
8,1452,0.000000
8,1453,0.002000
8,1454,0.000000
8,1455,0.000000
8,1456,0.000000
8,1457,0.000000
8,1458,0.000000
8,1459,0.000000
8,1460,0.000000
8,1461,0.000000
8,1462,0.000000
8,1463,0.000000
8,1464,0.000000
8,1465,0.000000
8,1466,0.000000
8,1467,0.000000
8,1468,0.000000
8,1469,0.000000
8,1470,0.000000
8,1471,0.000000
8,1472,0.000000
8,1473,0.000000
8,1474,0.000000
8,1475,0.000000
8,1476,0.000000
8,1477,0.000000
8,1478,0.000000
8,1479,0.000000
8,1480,0.000000
8,1481,0.000000
8,1482,0.000000
8,1483,0.000000
8,1484,0.000000
8,1485,0.000000
8,1486,0.000000
8,1487,0.000000
8,1488,0.000000
8,1489,0.000000
8,1490,0.000000
8,1491,0.000000
8,1492,0.000000
8,1493,0.000000
8,1494,0.000000
8,1495,0.000000
8,1496,0.000000
8,1497,0.000000
8,1498,0.000000
8,1499,0.000000
8,1500,0.000000
8,1501,0.000000
8,1502,0.000000
8,1503,0.000000
8,1504,0.000000
8,1505,0.000000
8,1506,0.000000
8,1507,0.000000
8,1508,0.000000
8,1509,0.000000
8,1510,0.000000
8,1511,0.000000
8,1512,0.000000
8,1513,0.000000
8,1514,0.000000
8,1515,0.000000
8,1516,0.000000
8,1517,0.000000
8,1518,0.000000
8,1519,0.000000
8,1520,0.000000
8,1521,0.000000
8,1522,0.000000
8,1523,0.000000
8,1524,0.000000
8,1525,0.000000
8,1526,0.000000
8,1527,0.000000
8,1528,0.000000
8,1529,0.000000
8,1530,0.000000
8,1531,0.000000
8,1532,0.000000
8,1533,0.000000
8,1534,0.000000
8,1535,0.000000
8,1536,0.000000
8,1537,0.000000
8,1538,0.000000
8,1539,0.000000
8,1540,0.000000
8,1541,0.000000
8,1542,0.000000
8,1543,0.000000
8,1544,0.000000
8,1545,0.000000
8,1546,0.000000
8,1547,0.000000
8,1548,0.000000
8,1549,0.000000
8,1550,0.000000
8,1551,0.000000
8,1552,0.000000
8,1553,0.000000
8,1554,0.000000
8,1555,0.000000
8,1556,0.002650
8,1557,0.000000
8,1558,0.000000
8,1559,0.000000
8,1560,0.000000
8,1561,0.000000
8,1562,0.000000
8,1563,0.000000
8,1564,0.000000
8,1565,0.000000
8,1566,0.000000
8,1567,0.000000
8,1568,0.000000
8,1569,0.000000
8,1570,0.000000
8,1571,0.000000
8,1572,0.000000
8,1573,0.000000
8,1574,0.000000
8,1575,0.000000
8,1576,0.000000
8,1577,0.000000
8,1578,0.000000
8,1579,0.000000
8,1580,0.000000
8,1581,0.000000
8,1582,0.000000
8,1583,0.000000
8,1584,0.000000
8,1585,0.000000
8,1586,0.000000
8,1587,0.000000
8,1588,0.000000
8,1589,0.000000
8,1590,0.000000
8,1591,0.000000
8,1592,0.000000
8,1593,0.000000
8,1594,0.000000
8,1595,0.000000
8,1596,0.000000
8,1597,0.000000
8,1598,0.000000
8,1599,0.000000
8,1600,0.000000
8,1601,0.000000
8,1602,0.000000
8,1603,0.000000
8,1604,0.000000
8,1605,0.000000
8,1606,0.000000
8,1607,0.000000
8,1608,0.000000
8,1609,0.000000
8,1610,0.000000
8,1611,0.000000
8,1612,0.000000
8,1613,0.000000
8,1614,0.000000
8,1615,0.000000
8,1616,0.000000
8,1617,0.000000
8,1618,0.000000
8,1619,0.000000
8,1620,0.000000
8,1621,0.000000
8,1622,0.000000
8,1623,0.000000
8,1624,0.000000
8,1625,0.000000
8,1626,0.000000
8,1627,0.000000
8,1628,0.000000
8,1629,0.000000
8,1630,0.002524
8,1631,0.000000
8,1632,0.000000
8,1633,0.000000
8,1634,0.000000
8,1635,0.002375
8,1636,0.002150
8,1637,0.000000
8,1638,0.000000
8,1639,0.000000
8,1640,0.000000
8,1641,0.000000
8,1642,0.000000
8,1643,0.000000
8,1644,0.000000
8,1645,0.000000
8,1646,0.000000
8,1647,0.000000
8,1648,0.000000
8,1649,0.000000
8,1650,0.002400
8,1651,0.000000
8,1652,0.000000
8,1653,0.000000
8,1654,0.000000
8,1655,0.000000
8,1656,0.000000
8,1657,0.000000
8,1658,0.000000
8,1659,0.000000
8,1660,0.000000
8,1661,0.000000
8,1662,0.000000
8,1663,0.000000
8,1664,0.000000
8,1665,0.000000
8,1666,0.000000
8,1667,0.000000
8,1668,0.000000
8,1669,0.000000
8,1670,0.000000
8,1671,0.000000
8,1672,0.000000
8,1673,0.000000
8,1674,0.000000
8,1675,0.000000
8,1676,0.000000
8,1677,0.000000
8,1678,0.000000
8,1679,0.000000
8,1680,0.000000
8,1681,0.000000
8,1682,0.000000
8,1683,0.000000
8,1684,0.000000
8,1685,0.000000
8,1686,0.000000
8,1687,0.000000
8,1688,0.000000
8,1689,0.000000
8,1690,0.001675
8,1691,0.001875
8,1692,0.000000
8,1693,0.000000
8,1694,0.000000
8,1695,0.000000
8,1696,0.000000
8,1697,0.000000
8,1698,0.000000
8,1699,0.000000
8,1700,0.000000
8,1701,0.000000
8,1702,0.000000
8,1703,0.000000
8,1704,0.000000
8,1705,0.000000
8,1706,0.000000
8,1707,0.000000
8,1708,0.000000
8,1709,0.000000
8,1710,0.000000
8,1711,0.000000
8,1712,0.000000
8,1713,0.000000
8,1714,0.000000
8,1715,0.000000
8,1716,0.000000
8,1717,0.000000
8,1718,0.000000
8,1719,0.000000
8,1720,0.000000
8,1721,0.000000
8,1722,0.000000
8,1723,0.000000
8,1724,0.000000
8,1725,0.000000
8,1726,0.000000
8,1727,0.000000
8,1728,0.000000
8,1729,0.000000
8,1730,0.000000
8,1731,0.000000
8,1732,0.000000
8,1733,0.000000
8,1734,0.000000
8,1735,0.000000
8,1736,0.000000
8,1737,0.000000
8,1738,0.000000
8,1739,0.000000
8,1740,0.000000
8,1741,0.000000
8,1742,0.000000
8,1743,0.000000
8,1744,0.000000
8,1745,0.000000
8,1746,0.000000
8,1747,0.000000
8,1748,0.000000
8,1749,0.000000
8,1750,0.000000
8,1751,0.000000
8,1752,0.000000
8,1753,0.000000
8,1754,0.000000
8,1755,0.000000
8,1756,0.000000
8,1757,0.000000
8,1758,0.000000
8,1759,0.000000
8,1760,0.000000
8,1761,0.000000
8,1762,0.000000
8,1763,0.000000
8,1764,0.000000
8,1765,0.000000
8,1766,0.000000
8,1767,0.000000
8,1768,0.000000
8,1769,0.000000
8,1770,0.000000
8,1771,0.000000
8,1772,0.000000
8,1773,0.000000
8,1774,0.000000
8,1775,0.000000
8,1776,0.000000
8,1777,0.000000
8,1778,0.000000
8,1779,0.000000
8,1780,0.000000
8,1781,0.000000
8,1782,0.000000
8,1783,0.000000
8,1784,0.000000
8,1785,0.000000
8,1786,0.000000
8,1787,0.000000
8,1788,0.000000
8,1789,0.000000
8,1790,0.000000
8,1791,0.000000
8,1792,0.000000
8,1793,0.000000
8,1794,0.000000
8,1795,0.000000
8,1796,0.000000
8,1797,0.000000
8,1798,0.000000
8,1799,0.000000
8,1800,0.000000
8,1801,0.000000
8,1802,0.000000
8,1803,0.000000
8,1804,0.000000
8,1805,0.000000
8,1806,0.000000
8,1807,0.000000
8,1808,0.000000
8,1809,0.000000
8,1810,0.000000
8,1811,0.000000
8,1812,0.000000
8,1813,0.000000
8,1814,0.000000
8,1815,0.000000
8,1816,0.000000
8,1817,0.000000
8,1818,0.000000
8,1819,0.000000
8,1820,0.000000
8,1821,0.000000
8,1822,0.000000
8,1823,0.000000
8,1824,0.000000
8,1825,0.000000
8,1826,0.000000
8,1827,0.000000
8,1828,0.000000
8,1829,0.001925
8,1830,0.000000
8,1831,0.000000
8,1832,0.000000
8,1833,0.000000
8,1834,0.000000
8,1835,0.000000
8,1836,0.000000
8,1837,0.000000
8,1838,0.000000
8,1839,0.000000
8,1840,0.000000
8,1841,0.000000
8,1842,0.000000
8,1843,0.000000
8,1844,0.000000
8,1845,0.000000
8,1846,0.000000
8,1847,0.000000
8,1848,0.000000
8,1849,0.000000
8,1850,0.000000
8,1851,0.000000
8,1852,0.000000
8,1853,0.000000
8,1854,0.000000
8,1855,0.000000
8,1856,0.000000
8,1857,0.002250
8,1858,0.000000
8,1859,0.000000
8,1860,0.000000
8,1861,0.000000
8,1862,0.000000
8,1863,0.000000
8,1864,0.000000
8,1865,0.000000
8,1866,0.000000
8,1867,0.000000
8,1868,0.000000
8,1869,0.000000
8,1870,0.000000
8,1871,0.000000
8,1872,0.000000
8,1873,0.000000
8,1874,0.000000
8,1875,0.000000
8,1876,0.000000
8,1877,0.000000
8,1878,0.000000
8,1879,0.000000
8,1880,0.000000
8,1881,0.000000
8,1882,0.000000
8,1883,0.000000
8,1884,0.000000
8,1885,0.000000
8,1886,0.000000
8,1887,0.000000
8,1888,0.000000
8,1889,0.000000
8,1890,0.000000
8,1891,0.000000
8,1892,0.000000
8,1893,0.000000
8,1894,0.001925
8,1895,0.000000
8,1896,0.000000
8,1897,0.000000
8,1898,0.001775
8,1899,0.000000
8,1900,0.000000
8,1901,0.000000
8,1902,0.000000
8,1903,0.000000
8,1904,0.001625
8,1905,0.000000
8,1906,0.000000
8,1907,0.000000
8,1908,0.000000
8,1909,0.000000
8,1910,0.000000
8,1911,0.000000
8,1912,0.000000
8,1913,0.000000
8,1914,0.000000
8,1915,0.000000
8,1916,0.000000
8,1917,0.000000
8,1918,0.000000
8,1919,0.000000
8,1920,0.000000
8,1921,0.000000
8,1922,0.000000
8,1923,0.000000
8,1924,0.000000
8,1925,0.000000
8,1926,0.000000
8,1927,0.000000
8,1928,0.000000
8,1929,0.001775
8,1930,0.000000
8,1931,0.000000
8,1932,0.000000
8,1933,0.000000
8,1934,0.000000
8,1935,0.000000
8,1936,0.000000
8,1937,0.000000
8,1938,0.000000
8,1939,0.000000
8,1940,0.000000
8,1941,0.000000
8,1942,0.000000
8,1943,0.000000
8,1944,0.000000
8,1945,0.000000
8,1946,0.000000
8,1947,0.000000
8,1948,0.000000
8,1949,0.000000
8,1950,0.000000
8,1951,0.001550
8,1952,0.000000
8,1953,0.000000
8,1954,0.000000
8,1955,0.000000
8,1956,0.000000
8,1957,0.000000
8,1958,0.000000
8,1959,0.000000
8,1960,0.000000
8,1961,0.000000
8,1962,0.000000
8,1963,0.000000
8,1964,0.000000
8,1965,0.000000
8,1966,0.002075
8,1967,0.000000
8,1968,0.000000
8,1969,0.000000
8,1970,0.000000
8,1971,0.000000
8,1972,0.000000
8,1973,0.000000
8,1974,0.000000
8,1975,0.000000
8,1976,0.001750
8,1977,0.000000
8,1978,0.000000
8,1979,0.000000
8,1980,0.000000
8,1981,0.000000
8,1982,0.000000
8,1983,0.000000
8,1984,0.000000
8,1985,0.000000
8,1986,0.000000
8,1987,0.000000
8,1988,0.000000
8,1989,0.000000
8,1990,0.000000
8,1991,0.000000
8,1992,0.000000
8,1993,0.000000
8,1994,0.000000
8,1995,0.000000
8,1996,0.000000
8,1997,0.000000
8,1998,0.000000
8,1999,0.000000
8,2000,0.000000
8,2001,0.000000
8,2002,0.000000
8,2003,0.000000
8,2004,0.000000
8,2005,0.000000
8,2006,0.000000
8,2007,0.000000
8,2008,0.000000
8,2009,0.000000
8,2010,0.000000
8,2011,0.000000
8,2012,0.000000
8,2013,0.000000
8,2014,0.000000
8,2015,0.000000
8,2016,0.000000
8,2017,0.000000
8,2018,0.000000
8,2019,0.000000
8,2020,0.000000
8,2021,0.000000
8,2022,0.000000
8,2023,0.000000
8,2024,0.000000
8,2025,0.000000
8,2026,0.000000
8,2027,0.000000
8,2028,0.000000
8,2029,0.000000
8,2030,0.000000
8,2031,0.000000
8,2032,0.000000
8,2033,0.001450
8,2034,0.000000
8,2035,0.000000
8,2036,0.000000
8,2037,0.000000
8,2038,0.000000
8,2039,0.000000
8,2040,0.000000
8,2041,0.000000
8,2042,0.000000
8,2043,0.000000
8,2044,0.000000
8,2045,0.000000
8,2046,0.001825
8,2047,0.000000
8,2048,0.000000
16,1,0.924479
16,2,0.875000
16,3,0.859229
16,4,0.810000
16,5,0.747500
16,6,0.748580
16,7,0.732347
16,8,0.684091
16,9,0.687500
16,10,0.610383
16,11,0.609284
16,12,0.608310
16,13,0.560000
16,14,0.568681
16,15,0.495040
16,16,0.437500
16,17,0.502976
16,18,0.435577
16,19,0.435547
16,20,0.434524
16,21,0.441489
16,22,0.438419
16,23,0.373264
16,24,0.380396
16,25,0.377551
16,26,0.250000
16,27,0.348260
16,28,0.312500
16,29,0.303006
16,30,0.312500
16,31,0.250000
16,32,0.250000
16,33,0.314123
16,34,0.313559
16,35,0.187500
16,36,0.062500
16,37,0.250000
16,38,0.062500
16,39,0.250000
16,40,0.259590
16,41,0.223376
16,42,0.247984
16,43,0.221016
16,44,0.217297
16,45,0.185714
16,46,0.207710
16,47,0.186709
16,48,0.185688
16,49,0.187500
16,50,0.180033
16,51,0.189394
16,52,0.062500
16,53,0.062500
16,54,0.165602
16,55,0.183388
16,56,0.062500
16,57,0.124081
16,58,0.125000
16,59,0.125000
16,60,0.154489
16,61,0.163481
16,62,0.062500
16,63,0.126623
16,64,0.126025
16,65,0.125000
16,66,0.062500
16,67,0.125000
16,68,0.062500
16,69,0.125000
16,70,0.122845
16,71,0.125521
16,72,0.062500
16,73,0.119555
16,74,0.062500
16,75,0.062500
16,76,0.125601
16,77,0.112478
16,78,0.125000
16,79,0.115804
16,80,0.125000
16,81,0.125000
16,82,0.000000
16,83,0.107479
16,84,0.126667
16,85,0.000000
16,86,0.062500
16,87,0.062500
16,88,0.105572
16,89,0.062500
16,90,0.000000
16,91,0.096451
16,92,0.098489
16,93,0.089762
16,94,0.062500
16,95,0.063272
16,96,0.062500
16,97,0.062500
16,98,0.062500
16,99,0.062500
16,100,0.000000
16,101,0.087751
16,102,0.082883
16,103,0.000000
16,104,0.062500
16,105,0.000000
16,106,0.062500
16,107,0.125000
16,108,0.083049
16,109,0.062500
16,110,0.062500
16,111,0.000000
16,112,0.062500
16,113,0.062500
16,114,0.000000
16,115,0.080277
16,116,0.062500
16,117,0.062500
16,118,0.062500
16,119,0.063235
16,120,0.062500
16,121,0.068844
16,122,0.062500
16,123,0.125000
16,124,0.062500
16,125,0.061298
16,126,0.062500
16,127,0.062500
16,128,0.062500
16,129,0.000000
16,130,0.000000
16,131,0.000000
16,132,0.061765
16,133,0.062500
16,134,0.062500
16,135,0.062500
16,136,0.000000
16,137,0.064575
16,138,0.063419
16,139,0.062500
16,140,0.000000
16,141,0.059757
16,142,0.000000
16,143,0.062500
16,144,0.062078
16,145,0.125000
16,146,0.062500
16,147,0.062500
16,148,0.062500
16,149,0.062500
16,150,0.000000
16,151,0.062500
16,152,0.061275
16,153,0.062500
16,154,0.000000
16,155,0.062500
16,156,0.063179
16,157,0.000000
16,158,0.062500
16,159,0.062500
16,160,0.049709
16,161,0.062500
16,162,0.062500
16,163,0.062500
16,164,0.052403
16,165,0.049883
16,166,0.062500
16,167,0.000000
16,168,0.062500
16,169,0.000000
16,170,0.050825
16,171,0.050722
16,172,0.000000
16,173,0.044196
16,174,0.000000
16,175,0.000000
16,176,0.047152
16,177,0.047665
16,178,0.000000
16,179,0.000000
16,180,0.000000
16,181,0.043900
16,182,0.062500
16,183,0.062500
16,184,0.045540
16,185,0.045682
16,186,0.000000
16,187,0.044595
16,188,0.000000
16,189,0.000000
16,190,0.041861
16,191,0.000000
16,192,0.062500
16,193,0.043615
16,194,0.000000
16,195,0.041311
16,196,0.044661
16,197,0.044764
16,198,0.062500
16,199,0.039804
16,200,0.039883
16,201,0.040142
16,202,0.062500
16,203,0.042688
16,204,0.040783
16,205,0.000000
16,206,0.039204
16,207,0.000000
16,208,0.038680
16,209,0.040531
16,210,0.038609
16,211,0.062500
16,212,0.038545
16,213,0.000000
16,214,0.000000
16,215,0.062500
16,216,0.000000
16,217,0.000000
16,218,0.036718
16,219,0.038119
16,220,0.037127
16,221,0.000000
16,222,0.036792
16,223,0.062500
16,224,0.034820
16,225,0.037142
16,226,0.034947
16,227,0.000000
16,228,0.033751
16,229,0.000000
16,230,0.034889
16,231,0.036305
16,232,0.034604
16,233,0.000000
16,234,0.000000
16,235,0.062500
16,236,0.033643
16,237,0.033443
16,238,0.062500
16,239,0.034165
16,240,0.033499
16,241,0.034069
16,242,0.032421
16,243,0.033106
16,244,0.062500
16,245,0.033013
16,246,0.000000
16,247,0.032733
16,248,0.031313
16,249,0.000000
16,250,0.031800
16,251,0.031680
16,252,0.062500
16,253,0.000000
16,254,0.031478
16,255,0.000000
16,256,0.030750
16,257,0.031244
16,258,0.030263
16,259,0.000000
16,260,0.031106
16,261,0.029788
16,262,0.062500
16,263,0.062500
16,264,0.000000
16,265,0.030906
16,266,0.000000
16,267,0.000000
16,268,0.029100
16,269,0.000000
16,270,0.000000
16,271,0.000000
16,272,0.028619
16,273,0.030850
16,274,0.027901
16,275,0.027625
16,276,0.000000
16,277,0.026852
16,278,0.029063
16,279,0.028375
16,280,0.028594
16,281,0.000000
16,282,0.000000
16,283,0.000000
16,284,0.000000
16,285,0.000000
16,286,0.027250
16,287,0.000000
16,288,0.062500
16,289,0.027519
16,290,0.028037
16,291,0.026232
16,292,0.027063
16,293,0.027551
16,294,0.026577
16,295,0.028500
16,296,0.027039
16,297,0.062500
16,298,0.027250
16,299,0.027557
16,300,0.026577
16,301,0.000000
16,302,0.025320
16,303,0.000000
16,304,0.026377
16,305,0.026745
16,306,0.000000
16,307,0.025625
16,308,0.025950
16,309,0.000000
16,310,0.025002
16,311,0.000000
16,312,0.000000
16,313,0.025202
16,314,0.000000
16,315,0.000000
16,316,0.025407
16,317,0.000000
16,318,0.000000
16,319,0.024565
16,320,0.024775
16,321,0.024638
16,322,0.000000
16,323,0.000000
16,324,0.024387
16,325,0.023820
16,326,0.025212
16,327,0.023583
16,328,0.000000
16,329,0.024658
16,330,0.000000
16,331,0.000000
16,332,0.023850
16,333,0.000000
16,334,0.022358
16,335,0.000000
16,336,0.023500
16,337,0.023420
16,338,0.022725
16,339,0.023125
16,340,0.022449
16,341,0.022500
16,342,0.000000
16,343,0.024045
16,344,0.024753
16,345,0.023828
16,346,0.000000
16,347,0.000000
16,348,0.022337
16,349,0.000000
16,350,0.000000
16,351,0.000000
16,352,0.000000
16,353,0.000000
16,354,0.000000
16,355,0.022508
16,356,0.021946
16,357,0.000000
16,358,0.000000
16,359,0.022803
16,360,0.000000
16,361,0.000000
16,362,0.000000
16,363,0.000000
16,364,0.021275
16,365,0.000000
16,366,0.020871
16,367,0.000000
16,368,0.000000
16,369,0.022545
16,370,0.000000
16,371,0.020883
16,372,0.000000
16,373,0.021371
16,374,0.021246
16,375,0.062500
16,376,0.021413
16,377,0.000000
16,378,0.000000
16,379,0.019888
16,380,0.020875
16,381,0.020813
16,382,0.020387
16,383,0.000000
16,384,0.020642
16,385,0.000000
16,386,0.020392
16,387,0.019196
16,388,0.000000
16,389,0.000000
16,390,0.000000
16,391,0.020325
16,392,0.019900
16,393,0.000000
16,394,0.000000
16,395,0.020946
16,396,0.000000
16,397,0.000000
16,398,0.020796
16,399,0.000000
16,400,0.000000
16,401,0.000000
16,402,0.018384
16,403,0.000000
16,404,0.000000
16,405,0.000000
16,406,0.018955
16,407,0.000000
16,408,0.000000
16,409,0.000000
16,410,0.000000
16,411,0.018755
16,412,0.019600
16,413,0.000000
16,414,0.019537
16,415,0.018125
16,416,0.000000
16,417,0.019221
16,418,0.018775
16,419,0.000000
16,420,0.018413
16,421,0.018346
16,422,0.018109
16,423,0.000000
16,424,0.000000
16,425,0.000000
16,426,0.017821
16,427,0.018293
16,428,0.018446
16,429,0.018600
16,430,0.018121
16,431,0.000000
16,432,0.000000
16,433,0.000000
16,434,0.000000
16,435,0.000000
16,436,0.017988
16,437,0.000000
16,438,0.000000
16,439,0.000000
16,440,0.000000
16,441,0.000000
16,442,0.000000
16,443,0.000000
16,444,0.000000
16,445,0.017252
16,446,0.000000
16,447,0.018384
16,448,0.017863
16,449,0.000000
16,450,0.016737
16,451,0.000000
16,452,0.016688
16,453,0.016759
16,454,0.018259
16,455,0.017846
16,456,0.000000
16,457,0.000000
16,458,0.000000
16,459,0.016509
16,460,0.017063
16,461,0.016850
16,462,0.016697
16,463,0.000000
16,464,0.062500
16,465,0.000000
16,466,0.017084
16,467,0.000000
16,468,0.016713
16,469,0.016147
16,470,0.000000
16,471,0.000000
16,472,0.015272
16,473,0.000000
16,474,0.016588
16,475,0.015275
16,476,0.015309
16,477,0.016113
16,478,0.016797
16,479,0.000000
16,480,0.000000
16,481,0.000000
16,482,0.000000
16,483,0.000000
16,484,0.000000
16,485,0.000000
16,486,0.000000
16,487,0.062500
16,488,0.000000
16,489,0.000000
16,490,0.000000
16,491,0.000000
16,492,0.015972
16,493,0.000000
16,494,0.016259
16,495,0.000000
16,496,0.000000
16,497,0.000000
16,498,0.000000
16,499,0.000000
16,500,0.000000
16,501,0.000000
16,502,0.000000
16,503,0.015709
16,504,0.000000
16,505,0.015013
16,506,0.000000
16,507,0.000000
16,508,0.000000
16,509,0.000000
16,510,0.014425
16,511,0.015134
16,512,0.000000
16,513,0.000000
16,514,0.014037
16,515,0.000000
16,516,0.000000
16,517,0.000000
16,518,0.000000
16,519,0.000000
16,520,0.000000
16,521,0.000000
16,522,0.000000
16,523,0.014525
16,524,0.000000
16,525,0.000000
16,526,0.000000
16,527,0.000000
16,528,0.000000
16,529,0.000000
16,530,0.015000
16,531,0.014869
16,532,0.000000
16,533,0.015084
16,534,0.000000
16,535,0.014350
16,536,0.014663
16,537,0.000000
16,538,0.000000
16,539,0.014522
16,540,0.014438
16,541,0.000000
16,542,0.014175
16,543,0.000000
16,544,0.013447
16,545,0.000000
16,546,0.014410
16,547,0.000000
16,548,0.000000
16,549,0.000000
16,550,0.014385
16,551,0.000000
16,552,0.000000
16,553,0.014547
16,554,0.000000
16,555,0.000000
16,556,0.013900
16,557,0.000000
16,558,0.013175
16,559,0.000000
16,560,0.000000
16,561,0.013800
16,562,0.013325
16,563,0.000000
16,564,0.000000
16,565,0.013360
16,566,0.000000
16,567,0.013938
16,568,0.000000
16,569,0.000000
16,570,0.000000
16,571,0.000000
16,572,0.000000
16,573,0.000000
16,574,0.000000
16,575,0.000000
16,576,0.000000
16,577,0.000000
16,578,0.014019
16,579,0.000000
16,580,0.013125
16,581,0.000000
16,582,0.000000
16,583,0.000000
16,584,0.000000
16,585,0.000000
16,586,0.000000
16,587,0.000000
16,588,0.000000
16,589,0.013225
16,590,0.000000
16,591,0.013379
16,592,0.000000
16,593,0.000000
16,594,0.000000
16,595,0.000000
16,596,0.000000
16,597,0.000000
16,598,0.012837
16,599,0.012300
16,600,0.000000
16,601,0.000000
16,602,0.000000
16,603,0.062500
16,604,0.000000
16,605,0.000000
16,606,0.000000
16,607,0.000000
16,608,0.000000
16,609,0.000000
16,610,0.012825
16,611,0.000000
16,612,0.062500
16,613,0.000000
16,614,0.012300
16,615,0.012488
16,616,0.013088
16,617,0.000000
16,618,0.011762
16,619,0.012475
16,620,0.000000
16,621,0.000000
16,622,0.000000
16,623,0.000000
16,624,0.013288
16,625,0.012173
16,626,0.011912
16,627,0.000000
16,628,0.000000
16,629,0.000000
16,630,0.000000
16,631,0.011510
16,632,0.000000
16,633,0.000000
16,634,0.000000
16,635,0.000000
16,636,0.000000
16,637,0.000000
16,638,0.000000
16,639,0.000000
16,640,0.000000
16,641,0.012100
16,642,0.012423
16,643,0.000000
16,644,0.000000
16,645,0.000000
16,646,0.000000
16,647,0.000000
16,648,0.012100
16,649,0.000000
16,650,0.012188
16,651,0.011585
16,652,0.000000
16,653,0.012123
16,654,0.000000
16,655,0.000000
16,656,0.011300
16,657,0.000000
16,658,0.000000
16,659,0.000000
16,660,0.000000
16,661,0.000000
16,662,0.000000
16,663,0.000000
16,664,0.000000
16,665,0.000000
16,666,0.000000
16,667,0.000000
16,668,0.000000
16,669,0.011523
16,670,0.011650
16,671,0.000000
16,672,0.011437
16,673,0.011798
16,674,0.000000
16,675,0.012020
16,676,0.000000
16,677,0.011075
16,678,0.011500
16,679,0.011923
16,680,0.000000
16,681,0.000000
16,682,0.000000
16,683,0.000000
16,684,0.000000
16,685,0.000000
16,686,0.011375
16,687,0.000000
16,688,0.011025
16,689,0.000000
16,690,0.000000
16,691,0.000000
16,692,0.000000
16,693,0.011398
16,694,0.010998
16,695,0.000000
16,696,0.000000
16,697,0.000000
16,698,0.000000
16,699,0.010600
16,700,0.000000
16,701,0.000000
16,702,0.000000
16,703,0.000000
16,704,0.000000
16,705,0.000000
16,706,0.000000
16,707,0.010993
16,708,0.000000
16,709,0.000000
16,710,0.000000
16,711,0.000000
16,712,0.010335
16,713,0.000000
16,714,0.000000
16,715,0.000000
16,716,0.010950
16,717,0.000000
16,718,0.010637
16,719,0.000000
16,720,0.000000
16,721,0.010225
16,722,0.000000
16,723,0.000000
16,724,0.000000
16,725,0.000000
16,726,0.000000
16,727,0.000000
16,728,0.000000
16,729,0.000000
16,730,0.010475
16,731,0.000000
16,732,0.011012
16,733,0.000000
16,734,0.000000
16,735,0.000000
16,736,0.010023
16,737,0.000000
16,738,0.000000
16,739,0.000000
16,740,0.000000
16,741,0.000000
16,742,0.009900
16,743,0.000000
16,744,0.000000
16,745,0.000000
16,746,0.000000
16,747,0.000000
16,748,0.000000
16,749,0.011213
16,750,0.000000
16,751,0.010198
16,752,0.000000
16,753,0.000000
16,754,0.000000
16,755,0.009986
16,756,0.000000
16,757,0.000000
16,758,0.000000
16,759,0.000000
16,760,0.010288
16,761,0.000000
16,762,0.000000
16,763,0.000000
16,764,0.010373
16,765,0.000000
16,766,0.010063
16,767,0.000000
16,768,0.000000
16,769,0.000000
16,770,0.000000
16,771,0.009288
16,772,0.000000
16,773,0.000000
16,774,0.000000
16,775,0.000000
16,776,0.000000
16,777,0.000000
16,778,0.000000
16,779,0.000000
16,780,0.010613
16,781,0.000000
16,782,0.000000
16,783,0.000000
16,784,0.000000
16,785,0.000000
16,786,0.009498
16,787,0.009311
16,788,0.010475
16,789,0.000000
16,790,0.000000
16,791,0.000000
16,792,0.000000
16,793,0.000000
16,794,0.000000
16,795,0.000000
16,796,0.000000
16,797,0.008788
16,798,0.000000
16,799,0.000000
16,800,0.000000
16,801,0.009325
16,802,0.009088
16,803,0.000000
16,804,0.000000
16,805,0.000000
16,806,0.000000
16,807,0.009150
16,808,0.000000
16,809,0.000000
16,810,0.009175
16,811,0.000000
16,812,0.000000
16,813,0.000000
16,814,0.000000
16,815,0.000000
16,816,0.000000
16,817,0.000000
16,818,0.009611
16,819,0.000000
16,820,0.000000
16,821,0.000000
16,822,0.000000
16,823,0.000000
16,824,0.000000
16,825,0.010125
16,826,0.009157
16,827,0.000000
16,828,0.000000
16,829,0.009575
16,830,0.000000
16,831,0.000000
16,832,0.009513
16,833,0.000000
16,834,0.000000
16,835,0.000000
16,836,0.009150
16,837,0.000000
16,838,0.000000
16,839,0.000000
16,840,0.000000
16,841,0.000000
16,842,0.009473
16,843,0.000000
16,844,0.000000
16,845,0.009286
16,846,0.000000
16,847,0.008398
16,848,0.000000
16,849,0.009162
16,850,0.000000
16,851,0.000000
16,852,0.000000
16,853,0.000000
16,854,0.000000
16,855,0.008936
16,856,0.000000
16,857,0.000000
16,858,0.000000
16,859,0.008848
16,860,0.000000
16,861,0.000000
16,862,0.000000
16,863,0.000000
16,864,0.000000
16,865,0.000000
16,866,0.000000
16,867,0.000000
16,868,0.000000
16,869,0.000000
16,870,0.000000
16,871,0.000000
16,872,0.009137
16,873,0.000000
16,874,0.000000
16,875,0.008638
16,876,0.008923
16,877,0.000000
16,878,0.007888
16,879,0.000000
16,880,0.000000
16,881,0.000000
16,882,0.000000
16,883,0.008063
16,884,0.000000
16,885,0.000000
16,886,0.000000
16,887,0.000000
16,888,0.000000
16,889,0.007987
16,890,0.000000
16,891,0.000000
16,892,0.000000
16,893,0.000000
16,894,0.008588
16,895,0.008611
16,896,0.007736
16,897,0.000000
16,898,0.000000
16,899,0.000000
16,900,0.009100
16,901,0.007925
16,902,0.000000
16,903,0.000000
16,904,0.000000
16,905,0.000000
16,906,0.000000
16,907,0.000000
16,908,0.008334
16,909,0.000000
16,910,0.008200
16,911,0.000000
16,912,0.000000
16,913,0.062500
16,914,0.000000
16,915,0.008488
16,916,0.000000
16,917,0.000000
16,918,0.000000
16,919,0.000000
16,920,0.000000
16,921,0.000000
16,922,0.000000
16,923,0.000000
16,924,0.008498
16,925,0.000000
16,926,0.000000
16,927,0.000000
16,928,0.000000
16,929,0.000000
16,930,0.008488
16,931,0.000000
16,932,0.000000
16,933,0.000000
16,934,0.000000
16,935,0.000000
16,936,0.000000
16,937,0.000000
16,938,0.007324
16,939,0.008650
16,940,0.000000
16,941,0.000000
16,942,0.000000
16,943,0.008798
16,944,0.000000
16,945,0.000000
16,946,0.000000
16,947,0.000000
16,948,0.000000
16,949,0.000000
16,950,0.000000
16,951,0.000000
16,952,0.000000
16,953,0.007938
16,954,0.000000
16,955,0.000000
16,956,0.000000
16,957,0.000000
16,958,0.008061
16,959,0.000000
16,960,0.000000
16,961,0.000000
16,962,0.000000
16,963,0.008161
16,964,0.000000
16,965,0.000000
16,966,0.000000
16,967,0.000000
16,968,0.000000
16,969,0.000000
16,970,0.000000
16,971,0.000000
16,972,0.000000
16,973,0.007975
16,974,0.000000
16,975,0.008436
16,976,0.000000
16,977,0.000000
16,978,0.000000
16,979,0.000000
16,980,0.000000
16,981,0.000000
16,982,0.000000
16,983,0.000000
16,984,0.000000
16,985,0.007750
16,986,0.000000
16,987,0.000000
16,988,0.000000
16,989,0.007325
16,990,0.000000
16,991,0.000000
16,992,0.007698
16,993,0.000000
16,994,0.000000
16,995,0.000000
16,996,0.000000
16,997,0.000000
16,998,0.007913
16,999,0.000000
16,1000,0.000000
16,1001,0.000000
16,1002,0.000000
16,1003,0.000000
16,1004,0.000000
16,1005,0.000000
16,1006,0.000000
16,1007,0.000000
16,1008,0.000000
16,1009,0.000000
16,1010,0.000000
16,1011,0.000000
16,1012,0.000000
16,1013,0.000000
16,1014,0.000000
16,1015,0.000000
16,1016,0.000000
16,1017,0.000000
16,1018,0.007311
16,1019,0.000000
16,1020,0.000000
16,1021,0.000000
16,1022,0.000000
16,1023,0.000000
16,1024,0.000000
16,1025,0.000000
16,1026,0.000000
16,1027,0.000000
16,1028,0.000000
16,1029,0.000000
16,1030,0.000000
16,1031,0.000000
16,1032,0.007297
16,1033,0.000000
16,1034,0.000000
16,1035,0.007500
16,1036,0.000000
16,1037,0.007811
16,1038,0.000000
16,1039,0.000000
16,1040,0.000000
16,1041,0.000000
16,1042,0.000000
16,1043,0.000000
16,1044,0.000000
16,1045,0.000000
16,1046,0.000000
16,1047,0.006972
16,1048,0.000000
16,1049,0.000000
16,1050,0.000000
16,1051,0.007462
16,1052,0.000000
16,1053,0.000000
16,1054,0.000000
16,1055,0.000000
16,1056,0.000000
16,1057,0.000000
16,1058,0.000000
16,1059,0.000000
16,1060,0.000000
16,1061,0.000000
16,1062,0.000000
16,1063,0.007175
16,1064,0.000000
16,1065,0.000000
16,1066,0.000000
16,1067,0.000000
16,1068,0.000000
16,1069,0.000000
16,1070,0.000000
16,1071,0.000000
16,1072,0.000000
16,1073,0.000000
16,1074,0.000000
16,1075,0.000000
16,1076,0.000000
16,1077,0.000000
16,1078,0.000000
16,1079,0.000000
16,1080,0.007075
16,1081,0.000000
16,1082,0.000000
16,1083,0.006738
16,1084,0.000000
16,1085,0.000000
16,1086,0.006699
16,1087,0.006786
16,1088,0.000000
16,1089,0.000000
16,1090,0.000000
16,1091,0.000000
16,1092,0.000000
16,1093,0.000000
16,1094,0.007063
16,1095,0.006811
16,1096,0.000000
16,1097,0.000000
16,1098,0.000000
16,1099,0.000000
16,1100,0.000000
16,1101,0.000000
16,1102,0.000000
16,1103,0.007400
16,1104,0.000000
16,1105,0.006875
16,1106,0.000000
16,1107,0.000000
16,1108,0.000000
16,1109,0.000000
16,1110,0.000000
16,1111,0.000000
16,1112,0.000000
16,1113,0.000000
16,1114,0.000000
16,1115,0.000000
16,1116,0.000000
16,1117,0.000000
16,1118,0.000000
16,1119,0.006824
16,1120,0.006963
16,1121,0.007262
16,1122,0.000000
16,1123,0.000000
16,1124,0.000000
16,1125,0.000000
16,1126,0.000000
16,1127,0.000000
16,1128,0.007623
16,1129,0.000000
16,1130,0.000000
16,1131,0.007324
16,1132,0.000000
16,1133,0.006975
16,1134,0.006375
16,1135,0.000000
16,1136,0.000000
16,1137,0.006936
16,1138,0.000000
16,1139,0.000000
16,1140,0.000000
16,1141,0.000000
16,1142,0.000000
16,1143,0.006961
16,1144,0.000000
16,1145,0.000000
16,1146,0.000000
16,1147,0.006399
16,1148,0.000000
16,1149,0.000000
16,1150,0.000000
16,1151,0.000000
16,1152,0.000000
16,1153,0.000000
16,1154,0.006938
16,1155,0.006675
16,1156,0.000000
16,1157,0.000000
16,1158,0.000000
16,1159,0.006813
16,1160,0.006461
16,1161,0.000000
16,1162,0.006624
16,1163,0.006812
16,1164,0.000000
16,1165,0.000000
16,1166,0.006699
16,1167,0.000000
16,1168,0.000000
16,1169,0.000000
16,1170,0.000000
16,1171,0.000000
16,1172,0.000000
16,1173,0.000000
16,1174,0.006313
16,1175,0.006975
16,1176,0.006086
16,1177,0.006575
16,1178,0.000000
16,1179,0.000000
16,1180,0.006325
16,1181,0.000000
16,1182,0.006249
16,1183,0.000000
16,1184,0.000000
16,1185,0.000000
16,1186,0.000000
16,1187,0.000000
16,1188,0.000000
16,1189,0.000000
16,1190,0.000000
16,1191,0.000000
16,1192,0.000000
16,1193,0.000000
16,1194,0.000000
16,1195,0.000000
16,1196,0.000000
16,1197,0.000000
16,1198,0.000000
16,1199,0.000000
16,1200,0.000000
16,1201,0.000000
16,1202,0.000000
16,1203,0.000000
16,1204,0.000000
16,1205,0.000000
16,1206,0.000000
16,1207,0.000000
16,1208,0.000000
16,1209,0.000000
16,1210,0.000000
16,1211,0.000000
16,1212,0.000000
16,1213,0.000000
16,1214,0.000000
16,1215,0.000000
16,1216,0.000000
16,1217,0.000000
16,1218,0.000000
16,1219,0.000000
16,1220,0.005886
16,1221,0.000000
16,1222,0.006038
16,1223,0.000000
16,1224,0.000000
16,1225,0.000000
16,1226,0.000000
16,1227,0.000000
16,1228,0.006200
16,1229,0.000000
16,1230,0.005750
16,1231,0.000000
16,1232,0.000000
16,1233,0.000000
16,1234,0.000000
16,1235,0.006013
16,1236,0.000000
16,1237,0.000000
16,1238,0.000000
16,1239,0.000000
16,1240,0.000000
16,1241,0.006225
16,1242,0.000000
16,1243,0.000000
16,1244,0.000000
16,1245,0.000000
16,1246,0.000000
16,1247,0.005461
16,1248,0.005725
16,1249,0.000000
16,1250,0.006361
16,1251,0.006350
16,1252,0.000000
16,1253,0.000000
16,1254,0.000000
16,1255,0.000000
16,1256,0.005750
16,1257,0.000000
16,1258,0.000000
16,1259,0.000000
16,1260,0.000000
16,1261,0.000000
16,1262,0.000000
16,1263,0.000000
16,1264,0.006074
16,1265,0.000000
16,1266,0.005738
16,1267,0.000000
16,1268,0.000000
16,1269,0.000000
16,1270,0.000000
16,1271,0.000000
16,1272,0.000000
16,1273,0.000000
16,1274,0.005699
16,1275,0.000000
16,1276,0.000000
16,1277,0.000000
16,1278,0.000000
16,1279,0.000000
16,1280,0.005975
16,1281,0.000000
16,1282,0.000000
16,1283,0.000000
16,1284,0.000000
16,1285,0.000000
16,1286,0.006537
16,1287,0.005588
16,1288,0.000000
16,1289,0.000000
16,1290,0.005650
16,1291,0.000000
16,1292,0.000000
16,1293,0.000000
16,1294,0.000000
16,1295,0.005599
16,1296,0.000000
16,1297,0.005524
16,1298,0.000000
16,1299,0.000000
16,1300,0.000000
16,1301,0.000000
16,1302,0.000000
16,1303,0.000000
16,1304,0.000000
16,1305,0.000000
16,1306,0.000000
16,1307,0.000000
16,1308,0.000000
16,1309,0.000000
16,1310,0.000000
16,1311,0.005650
16,1312,0.000000
16,1313,0.005750
16,1314,0.005861
16,1315,0.006063
16,1316,0.000000
16,1317,0.005387
16,1318,0.000000
16,1319,0.006011
16,1320,0.000000
16,1321,0.000000
16,1322,0.000000
16,1323,0.000000
16,1324,0.000000
16,1325,0.000000
16,1326,0.000000
16,1327,0.000000
16,1328,0.000000
16,1329,0.000000
16,1330,0.000000
16,1331,0.000000
16,1332,0.000000
16,1333,0.000000
16,1334,0.006023
16,1335,0.000000
16,1336,0.000000
16,1337,0.000000
16,1338,0.005513
16,1339,0.000000
16,1340,0.005886
16,1341,0.000000
16,1342,0.000000
16,1343,0.000000
16,1344,0.000000
16,1345,0.000000
16,1346,0.000000
16,1347,0.000000
16,1348,0.000000
16,1349,0.000000
16,1350,0.000000
16,1351,0.005549
16,1352,0.005400
16,1353,0.000000
16,1354,0.000000
16,1355,0.005075
16,1356,0.000000
16,1357,0.000000
16,1358,0.000000
16,1359,0.000000
16,1360,0.000000
16,1361,0.000000
16,1362,0.000000
16,1363,0.000000
16,1364,0.000000
16,1365,0.000000
16,1366,0.000000
16,1367,0.000000
16,1368,0.000000
16,1369,0.000000
16,1370,0.000000
16,1371,0.005436
16,1372,0.000000
16,1373,0.000000
16,1374,0.000000
16,1375,0.000000
16,1376,0.000000
16,1377,0.000000
16,1378,0.005662
16,1379,0.000000
16,1380,0.005636
16,1381,0.000000
16,1382,0.000000
16,1383,0.000000
16,1384,0.000000
16,1385,0.000000
16,1386,0.005011
16,1387,0.005699
16,1388,0.000000
16,1389,0.000000
16,1390,0.005475
16,1391,0.000000
16,1392,0.000000
16,1393,0.005738
16,1394,0.000000
16,1395,0.000000
16,1396,0.000000
16,1397,0.000000
16,1398,0.000000
16,1399,0.000000
16,1400,0.005413
16,1401,0.000000
16,1402,0.000000
16,1403,0.000000
16,1404,0.000000
16,1405,0.000000
16,1406,0.000000
16,1407,0.000000
16,1408,0.000000
16,1409,0.005387
16,1410,0.000000
16,1411,0.000000
16,1412,0.000000
16,1413,0.000000
16,1414,0.000000
16,1415,0.000000
16,1416,0.005074
16,1417,0.000000
16,1418,0.000000
16,1419,0.005588
16,1420,0.000000
16,1421,0.000000
16,1422,0.000000
16,1423,0.000000
16,1424,0.000000
16,1425,0.000000
16,1426,0.000000
16,1427,0.000000
16,1428,0.000000
16,1429,0.000000
16,1430,0.000000
16,1431,0.005288
16,1432,0.000000
16,1433,0.005262
16,1434,0.000000
16,1435,0.000000
16,1436,0.005611
16,1437,0.000000
16,1438,0.000000
16,1439,0.000000
16,1440,0.000000
16,1441,0.000000
16,1442,0.000000
16,1443,0.000000
16,1444,0.005050
16,1445,0.005525
16,1446,0.000000
16,1447,0.000000
16,1448,0.005175
16,1449,0.000000
16,1450,0.005563
16,1451,0.000000
16,1452,0.000000
16,1453,0.000000
16,1454,0.005363
16,1455,0.005112
16,1456,0.000000
16,1457,0.000000
16,1458,0.000000
16,1459,0.000000
16,1460,0.005336
16,1461,0.000000
16,1462,0.000000
16,1463,0.000000
16,1464,0.000000
16,1465,0.000000
16,1466,0.005225
16,1467,0.000000
16,1468,0.000000
16,1469,0.000000
16,1470,0.004749
16,1471,0.000000
16,1472,0.000000
16,1473,0.000000
16,1474,0.000000
16,1475,0.000000
16,1476,0.000000
16,1477,0.000000
16,1478,0.000000
16,1479,0.005038
16,1480,0.000000
16,1481,0.000000
16,1482,0.004725
16,1483,0.000000
16,1484,0.005111
16,1485,0.000000
16,1486,0.000000
16,1487,0.000000
16,1488,0.000000
16,1489,0.000000
16,1490,0.000000
16,1491,0.000000
16,1492,0.000000
16,1493,0.000000
16,1494,0.000000
16,1495,0.000000
16,1496,0.000000
16,1497,0.000000
16,1498,0.000000
16,1499,0.000000
16,1500,0.000000
16,1501,0.000000
16,1502,0.000000
16,1503,0.000000
16,1504,0.000000
16,1505,0.000000
16,1506,0.005774
16,1507,0.000000
16,1508,0.000000
16,1509,0.000000
16,1510,0.000000
16,1511,0.000000
16,1512,0.004749
16,1513,0.000000
16,1514,0.000000
16,1515,0.000000
16,1516,0.000000
16,1517,0.000000
16,1518,0.000000
16,1519,0.000000
16,1520,0.000000
16,1521,0.000000
16,1522,0.000000
16,1523,0.000000
16,1524,0.000000
16,1525,0.000000
16,1526,0.000000
16,1527,0.000000
16,1528,0.000000
16,1529,0.000000
16,1530,0.000000
16,1531,0.000000
16,1532,0.000000
16,1533,0.000000
16,1534,0.000000
16,1535,0.004938
16,1536,0.000000
16,1537,0.004712
16,1538,0.000000
16,1539,0.000000
16,1540,0.000000
16,1541,0.000000
16,1542,0.000000
16,1543,0.000000
16,1544,0.000000
16,1545,0.000000
16,1546,0.000000
16,1547,0.000000
16,1548,0.000000
16,1549,0.000000
16,1550,0.004949
16,1551,0.000000
16,1552,0.000000
16,1553,0.000000
16,1554,0.004824
16,1555,0.000000
16,1556,0.000000
16,1557,0.000000
16,1558,0.000000
16,1559,0.004849
16,1560,0.004887
16,1561,0.000000
16,1562,0.000000
16,1563,0.000000
16,1564,0.004974
16,1565,0.000000
16,1566,0.000000
16,1567,0.000000
16,1568,0.000000
16,1569,0.000000
16,1570,0.000000
16,1571,0.000000
16,1572,0.000000
16,1573,0.000000
16,1574,0.004662
16,1575,0.000000
16,1576,0.000000
16,1577,0.004750
16,1578,0.000000
16,1579,0.000000
16,1580,0.000000
16,1581,0.000000
16,1582,0.004887
16,1583,0.000000
16,1584,0.000000
16,1585,0.000000
16,1586,0.000000
16,1587,0.000000
16,1588,0.000000
16,1589,0.000000
16,1590,0.000000
16,1591,0.005124
16,1592,0.000000
16,1593,0.000000
16,1594,0.000000
16,1595,0.000000
16,1596,0.000000
16,1597,0.000000
16,1598,0.000000
16,1599,0.000000
16,1600,0.000000
16,1601,0.000000
16,1602,0.000000
16,1603,0.000000
16,1604,0.004262
16,1605,0.004463
16,1606,0.004788
16,1607,0.000000
16,1608,0.000000
16,1609,0.004625
16,1610,0.004987
16,1611,0.000000
16,1612,0.000000
16,1613,0.000000
16,1614,0.000000
16,1615,0.000000
16,1616,0.000000
16,1617,0.004913
16,1618,0.000000
16,1619,0.000000
16,1620,0.004837
16,1621,0.000000
16,1622,0.000000
16,1623,0.000000
16,1624,0.004474
16,1625,0.000000
16,1626,0.000000
16,1627,0.004937
16,1628,0.000000
16,1629,0.000000
16,1630,0.000000
16,1631,0.000000
16,1632,0.000000
16,1633,0.000000
16,1634,0.000000
16,1635,0.000000
16,1636,0.000000
16,1637,0.000000
16,1638,0.000000
16,1639,0.000000
16,1640,0.000000
16,1641,0.004587
16,1642,0.000000
16,1643,0.000000
16,1644,0.000000
16,1645,0.000000
16,1646,0.000000
16,1647,0.000000
16,1648,0.004788
16,1649,0.000000
16,1650,0.000000
16,1651,0.000000
16,1652,0.000000
16,1653,0.000000
16,1654,0.000000
16,1655,0.000000
16,1656,0.000000
16,1657,0.000000
16,1658,0.000000
16,1659,0.000000
16,1660,0.000000
16,1661,0.004486
16,1662,0.000000
16,1663,0.000000
16,1664,0.000000
16,1665,0.000000
16,1666,0.004813
16,1667,0.004650
16,1668,0.000000
16,1669,0.000000
16,1670,0.004262
16,1671,0.000000
16,1672,0.000000
16,1673,0.000000
16,1674,0.000000
16,1675,0.000000
16,1676,0.000000
16,1677,0.004412
16,1678,0.000000
16,1679,0.000000
16,1680,0.000000
16,1681,0.004550
16,1682,0.000000
16,1683,0.000000
16,1684,0.000000
16,1685,0.000000
16,1686,0.000000
16,1687,0.000000
16,1688,0.000000
16,1689,0.000000
16,1690,0.004137
16,1691,0.000000
16,1692,0.000000
16,1693,0.000000
16,1694,0.000000
16,1695,0.000000
16,1696,0.000000
16,1697,0.000000
16,1698,0.000000
16,1699,0.000000
16,1700,0.000000
16,1701,0.000000
16,1702,0.004350
16,1703,0.004487
16,1704,0.000000
16,1705,0.000000
16,1706,0.000000
16,1707,0.000000
16,1708,0.004513
16,1709,0.005163
16,1710,0.000000
16,1711,0.000000
16,1712,0.000000
16,1713,0.000000
16,1714,0.000000
16,1715,0.000000
16,1716,0.000000
16,1717,0.000000
16,1718,0.000000
16,1719,0.000000
16,1720,0.000000
16,1721,0.000000
16,1722,0.000000
16,1723,0.000000
16,1724,0.000000
16,1725,0.004325
16,1726,0.000000
16,1727,0.000000
16,1728,0.000000
16,1729,0.000000
16,1730,0.000000
16,1731,0.000000
16,1732,0.000000
16,1733,0.000000
16,1734,0.000000
16,1735,0.000000
16,1736,0.000000
16,1737,0.000000
16,1738,0.000000
16,1739,0.000000
16,1740,0.000000
16,1741,0.000000
16,1742,0.000000
16,1743,0.000000
16,1744,0.000000
16,1745,0.000000
16,1746,0.000000
16,1747,0.000000
16,1748,0.000000
16,1749,0.000000
16,1750,0.000000
16,1751,0.000000
16,1752,0.000000
16,1753,0.000000
16,1754,0.000000
16,1755,0.004050
16,1756,0.000000
16,1757,0.000000
16,1758,0.000000
16,1759,0.000000
16,1760,0.000000
16,1761,0.000000
16,1762,0.000000
16,1763,0.000000
16,1764,0.000000
16,1765,0.000000
16,1766,0.000000
16,1767,0.004474
16,1768,0.000000
16,1769,0.000000
16,1770,0.004649
16,1771,0.000000
16,1772,0.000000
16,1773,0.000000
16,1774,0.000000
16,1775,0.000000
16,1776,0.000000
16,1777,0.000000
16,1778,0.000000
16,1779,0.000000
16,1780,0.003711
16,1781,0.000000
16,1782,0.000000
16,1783,0.000000
16,1784,0.000000
16,1785,0.000000
16,1786,0.000000
16,1787,0.000000
16,1788,0.004524
16,1789,0.004348
16,1790,0.000000
16,1791,0.000000
16,1792,0.000000
16,1793,0.000000
16,1794,0.000000
16,1795,0.000000
16,1796,0.000000
16,1797,0.000000
16,1798,0.000000
16,1799,0.000000
16,1800,0.000000
16,1801,0.000000
16,1802,0.000000
16,1803,0.000000
16,1804,0.004237
16,1805,0.000000
16,1806,0.000000
16,1807,0.000000
16,1808,0.000000
16,1809,0.000000
16,1810,0.000000
16,1811,0.000000
16,1812,0.000000
16,1813,0.000000
16,1814,0.003775
16,1815,0.000000
16,1816,0.000000
16,1817,0.000000
16,1818,0.000000
16,1819,0.000000
16,1820,0.000000
16,1821,0.000000
16,1822,0.000000
16,1823,0.000000
16,1824,0.000000
16,1825,0.000000
16,1826,0.004224
16,1827,0.000000
16,1828,0.004300
16,1829,0.000000
16,1830,0.000000
16,1831,0.000000
16,1832,0.000000
16,1833,0.000000
16,1834,0.000000
16,1835,0.004237
16,1836,0.000000
16,1837,0.000000
16,1838,0.000000
16,1839,0.000000
16,1840,0.004399
16,1841,0.003900
16,1842,0.000000
16,1843,0.000000
16,1844,0.000000
16,1845,0.000000
16,1846,0.000000
16,1847,0.000000
16,1848,0.000000
16,1849,0.000000
16,1850,0.000000
16,1851,0.000000
16,1852,0.000000
16,1853,0.000000
16,1854,0.000000
16,1855,0.000000
16,1856,0.000000
16,1857,0.000000
16,1858,0.000000
16,1859,0.000000
16,1860,0.000000
16,1861,0.004163
16,1862,0.003812
16,1863,0.000000
16,1864,0.000000
16,1865,0.000000
16,1866,0.000000
16,1867,0.000000
16,1868,0.000000
16,1869,0.000000
16,1870,0.000000
16,1871,0.000000
16,1872,0.000000
16,1873,0.000000
16,1874,0.000000
16,1875,0.000000
16,1876,0.000000
16,1877,0.004049
16,1878,0.000000
16,1879,0.000000
16,1880,0.000000
16,1881,0.000000
16,1882,0.000000
16,1883,0.000000
16,1884,0.004049
16,1885,0.000000
16,1886,0.000000
16,1887,0.000000
16,1888,0.000000
16,1889,0.000000
16,1890,0.000000
16,1891,0.000000
16,1892,0.003913
16,1893,0.000000
16,1894,0.000000
16,1895,0.000000
16,1896,0.000000
16,1897,0.000000
16,1898,0.000000
16,1899,0.000000
16,1900,0.000000
16,1901,0.000000
16,1902,0.000000
16,1903,0.000000
16,1904,0.000000
16,1905,0.000000
16,1906,0.000000
16,1907,0.000000
16,1908,0.000000
16,1909,0.000000
16,1910,0.000000
16,1911,0.000000
16,1912,0.000000
16,1913,0.000000
16,1914,0.000000
16,1915,0.000000
16,1916,0.000000
16,1917,0.000000
16,1918,0.000000
16,1919,0.000000
16,1920,0.000000
16,1921,0.000000
16,1922,0.000000
16,1923,0.000000
16,1924,0.000000
16,1925,0.004199
16,1926,0.004087
16,1927,0.000000
16,1928,0.000000
16,1929,0.000000
16,1930,0.000000
16,1931,0.000000
16,1932,0.000000
16,1933,0.003949
16,1934,0.000000
16,1935,0.000000
16,1936,0.000000
16,1937,0.000000
16,1938,0.000000
16,1939,0.000000
16,1940,0.000000
16,1941,0.000000
16,1942,0.000000
16,1943,0.000000
16,1944,0.004100
16,1945,0.000000
16,1946,0.000000
16,1947,0.000000
16,1948,0.000000
16,1949,0.000000
16,1950,0.000000
16,1951,0.000000
16,1952,0.003849
16,1953,0.000000
16,1954,0.000000
16,1955,0.000000
16,1956,0.000000
16,1957,0.000000
16,1958,0.000000
16,1959,0.000000
16,1960,0.000000
16,1961,0.000000
16,1962,0.000000
16,1963,0.000000
16,1964,0.000000
16,1965,0.000000
16,1966,0.000000
16,1967,0.000000
16,1968,0.000000
16,1969,0.000000
16,1970,0.000000
16,1971,0.000000
16,1972,0.000000
16,1973,0.000000
16,1974,0.000000
16,1975,0.000000
16,1976,0.000000
16,1977,0.000000
16,1978,0.000000
16,1979,0.000000
16,1980,0.000000
16,1981,0.000000
16,1982,0.000000
16,1983,0.000000
16,1984,0.000000
16,1985,0.000000
16,1986,0.000000
16,1987,0.000000
16,1988,0.000000
16,1989,0.000000
16,1990,0.000000
16,1991,0.000000
16,1992,0.000000
16,1993,0.000000
16,1994,0.000000
16,1995,0.000000
16,1996,0.000000
16,1997,0.000000
16,1998,0.000000
16,1999,0.000000
16,2000,0.000000
16,2001,0.000000
16,2002,0.000000
16,2003,0.000000
16,2004,0.000000
16,2005,0.000000
16,2006,0.000000
16,2007,0.000000
16,2008,0.000000
16,2009,0.000000
16,2010,0.000000
16,2011,0.000000
16,2012,0.000000
16,2013,0.000000
16,2014,0.003863
16,2015,0.000000
16,2016,0.000000
16,2017,0.000000
16,2018,0.000000
16,2019,0.000000
16,2020,0.000000
16,2021,0.003462
16,2022,0.003387
16,2023,0.000000
16,2024,0.000000
16,2025,0.000000
16,2026,0.000000
16,2027,0.000000
16,2028,0.003913
16,2029,0.000000
16,2030,0.000000
16,2031,0.000000
16,2032,0.000000
16,2033,0.003587
16,2034,0.000000
16,2035,0.000000
16,2036,0.000000
16,2037,0.000000
16,2038,0.000000
16,2039,0.003686
16,2040,0.003150
16,2041,0.000000
16,2042,0.000000
16,2043,0.000000
16,2044,0.000000
16,2045,0.000000
16,2046,0.000000
16,2047,0.000000
16,2048,0.000000
32,1,0.955295
32,2,0.931469
32,3,0.901182
32,4,0.898936
32,5,0.868608
32,6,0.838141
32,7,0.839286
32,8,0.750000
32,9,0.802484
32,10,0.750000
32,11,0.753676
32,12,0.724781
32,13,0.752287
32,14,0.720833
32,15,0.682566
32,16,0.703893
32,17,0.652961
32,18,0.656944
32,19,0.628788
32,20,0.622685
32,21,0.641827
32,22,0.626838
32,23,0.625987
32,24,0.589355
32,25,0.588362
32,26,0.592308
32,27,0.564655
32,28,0.500000
32,29,0.532552
32,30,0.528783
32,31,0.503623
32,32,0.531762
32,33,0.493566
32,34,0.470536
32,35,0.466102
32,36,0.493175
32,37,0.465042
32,38,0.466309
32,39,0.465116
32,40,0.438113
32,41,0.438802
32,42,0.409028
32,43,0.441288
32,44,0.406738
32,45,0.409688
32,46,0.435049
32,47,0.439286
32,48,0.408443
32,49,0.405357
32,50,0.402722
32,51,0.375000
32,52,0.338631
32,53,0.375240
32,54,0.367766
32,55,0.218750
32,56,0.311553
32,57,0.369291
32,58,0.343750
32,59,0.318694
32,60,0.312500
32,61,0.348801
32,62,0.317105
32,63,0.313244
32,64,0.312500
32,65,0.250000
32,66,0.093750
32,67,0.281851
32,68,0.282012
32,69,0.280120
32,70,0.278750
32,71,0.282118
32,72,0.257258
32,73,0.279297
32,74,0.274872
32,75,0.249387
32,76,0.278799
32,77,0.219643
32,78,0.249155
32,79,0.218750
32,80,0.250000
32,81,0.238095
32,82,0.219975
32,83,0.217147
32,84,0.187500
32,85,0.218750
32,86,0.218750
32,87,0.218071
32,88,0.214661
32,89,0.217803
32,90,0.217226
32,91,0.093750
32,92,0.222087
32,93,0.225962
32,94,0.210354
32,95,0.125000
32,96,0.190201
32,97,0.184783
32,98,0.189145
32,99,0.187896
32,100,0.214075
32,101,0.192209
32,102,0.198034
32,103,0.156250
32,104,0.188657
32,105,0.190370
32,106,0.062500
32,107,0.125000
32,108,0.172119
32,109,0.187500
32,110,0.125000
32,111,0.187200
32,112,0.125000
32,113,0.125000
32,114,0.154830
32,115,0.151389
32,116,0.156250
32,117,0.163294
32,118,0.093750
32,119,0.125000
32,120,0.156250
32,121,0.156250
32,122,0.156601
32,123,0.125000
32,124,0.156250
32,125,0.218750
32,126,0.157738
32,127,0.124461
32,128,0.155585
32,129,0.155540
32,130,0.149235
32,131,0.148642
32,132,0.031250
32,133,0.124399
32,134,0.062500
32,135,0.125000
32,136,0.144063
32,137,0.158138
32,138,0.127131
32,139,0.093006
32,140,0.143903
32,141,0.133413
32,142,0.125000
32,143,0.133017
32,144,0.131649
32,145,0.156250
32,146,0.126778
32,147,0.132992
32,148,0.125000
32,149,0.125000
32,150,0.062500
32,151,0.062500
32,152,0.062500
32,153,0.113554
32,154,0.124519
32,155,0.125977
32,156,0.118457
32,157,0.031250
32,158,0.126202
32,159,0.031250
32,160,0.126218
32,161,0.093750
32,162,0.119544
32,163,0.156250
32,164,0.093750
32,165,0.125000
32,166,0.125579
32,167,0.093750
32,168,0.124219
32,169,0.125868
32,170,0.093750
32,171,0.107777
32,172,0.093750
32,173,0.124306
32,174,0.114651
32,175,0.093750
32,176,0.093750
32,177,0.093750
32,178,0.113869
32,179,0.062500
32,180,0.093750
32,181,0.031250
32,182,0.124132
32,183,0.031250
32,184,0.031250
32,185,0.031250
32,186,0.090461
32,187,0.093750
32,188,0.062500
32,189,0.093202
32,190,0.093277
32,191,0.093750
32,192,0.031250
32,193,0.031250
32,194,0.093750
32,195,0.093048
32,196,0.062500
32,197,0.092466
32,198,0.090082
32,199,0.031250
32,200,0.086641
32,201,0.123975
32,202,0.062500
32,203,0.095312
32,204,0.091042
32,205,0.000000
32,206,0.062500
32,207,0.088452
32,208,0.087696
32,209,0.082855
32,210,0.093750
32,211,0.086691
32,212,0.062500
32,213,0.061942
32,214,0.084476
32,215,0.031250
32,216,0.093750
32,217,0.084353
32,218,0.078692
32,219,0.062500
32,220,0.083479
32,221,0.086239
32,222,0.084676
32,223,0.083571
32,224,0.031250
32,225,0.094056
32,226,0.031250
32,227,0.093269
32,228,0.031250
32,229,0.031250
32,230,0.031250
32,231,0.062500
32,232,0.062500
32,233,0.080304
32,234,0.062500
32,235,0.081489
32,236,0.070339
32,237,0.031250
32,238,0.075958
32,239,0.072902
32,240,0.063920
32,241,0.076085
32,242,0.062500
32,243,0.092030
32,244,0.062500
32,245,0.075822
32,246,0.060428
32,247,0.066710
32,248,0.073522
32,249,0.062500
32,250,0.062500
32,251,0.062500
32,252,0.062500
32,253,0.031250
32,254,0.063021
32,255,0.070732
32,256,0.062500
32,257,0.062181
32,258,0.069035
32,259,0.062500
32,260,0.064852
32,261,0.062500
32,262,0.067761
32,263,0.071623
32,264,0.063668
32,265,0.067938
32,266,0.062500
32,267,0.063988
32,268,0.062789
32,269,0.059704
32,270,0.031250
32,271,0.060142
32,272,0.060133
32,273,0.031250
32,274,0.057976
32,275,0.066843
32,276,0.061315
32,277,0.062034
32,278,0.031250
32,279,0.062500
32,280,0.062500
32,281,0.061942
32,282,0.064505
32,283,0.062500
32,284,0.000000
32,285,0.031250
32,286,0.031250
32,287,0.062277
32,288,0.064892
32,289,0.062500
32,290,0.031250
32,291,0.062500
32,292,0.057303
32,293,0.061286
32,294,0.031250
32,295,0.062500
32,296,0.093750
32,297,0.031250
32,298,0.057373
32,299,0.062500
32,300,0.031250
32,301,0.031250
32,302,0.053625
32,303,0.062244
32,304,0.057235
32,305,0.062500
32,306,0.058082
32,307,0.062500
32,308,0.058693
32,309,0.061728
32,310,0.062500
32,311,0.055990
32,312,0.062500
32,313,0.055734
32,314,0.031250
32,315,0.053214
32,316,0.031250
32,317,0.062500
32,318,0.062500
32,319,0.062500
32,320,0.031250
32,321,0.062181
32,322,0.061422
32,323,0.031250
32,324,0.056079
32,325,0.052903
32,326,0.031250
32,327,0.052940
32,328,0.031250
32,329,0.051724
32,330,0.054968
32,331,0.031250
32,332,0.031250
32,333,0.053135
32,334,0.062500
32,335,0.031250
32,336,0.054053
32,337,0.062500
32,338,0.050714
32,339,0.049899
32,340,0.049921
32,341,0.031250
32,342,0.093750
32,343,0.050314
32,344,0.000000
32,345,0.048140
32,346,0.048482
32,347,0.000000
32,348,0.062500
32,349,0.031250
32,350,0.031250
32,351,0.046828
32,352,0.062500
32,353,0.050529
32,354,0.046978
32,355,0.000000
32,356,0.031250
32,357,0.048386
32,358,0.048244
32,359,0.031250
32,360,0.047338
32,361,0.031250
32,362,0.062500
32,363,0.048454
32,364,0.045927
32,365,0.049358
32,366,0.031250
32,367,0.031250
32,368,0.031250
32,369,0.031250
32,370,0.046987
32,371,0.046120
32,372,0.044675
32,373,0.031250
32,374,0.031250
32,375,0.031250
32,376,0.031250
32,377,0.031250
32,378,0.062500
32,379,0.031250
32,380,0.031250
32,381,0.044607
32,382,0.000000
32,383,0.031250
32,384,0.031250
32,385,0.043859
32,386,0.031250
32,387,0.044227
32,388,0.031250
32,389,0.045815
32,390,0.042972
32,391,0.031250
32,392,0.044547
32,393,0.042997
32,394,0.042725
32,395,0.031250
32,396,0.031250
32,397,0.043573
32,398,0.062500
32,399,0.031250
32,400,0.042387
32,401,0.040436
32,402,0.000000
32,403,0.037974
32,404,0.062500
32,405,0.000000
32,406,0.043452
32,407,0.043815
32,408,0.062500
32,409,0.031250
32,410,0.043208
32,411,0.031250
32,412,0.031250
32,413,0.042677
32,414,0.031250
32,415,0.062500
32,416,0.043026
32,417,0.000000
32,418,0.042334
32,419,0.031250
32,420,0.031250
32,421,0.040993
32,422,0.039431
32,423,0.039617
32,424,0.038574
32,425,0.031250
32,426,0.040538
32,427,0.000000
32,428,0.040036
32,429,0.037477
32,430,0.031250
32,431,0.040738
32,432,0.031250
32,433,0.040202
32,434,0.034406
32,435,0.039401
32,436,0.031250
32,437,0.037668
32,438,0.031250
32,439,0.037037
32,440,0.031250
32,441,0.036647
32,442,0.040449
32,443,0.000000
32,444,0.031250
32,445,0.000000
32,446,0.031250
32,447,0.031789
32,448,0.031250
32,449,0.031636
32,450,0.000000
32,451,0.032676
32,452,0.039595
32,453,0.000000
32,454,0.000000
32,455,0.036586
32,456,0.031250
32,457,0.030822
32,458,0.031250
32,459,0.031250
32,460,0.035019
32,461,0.000000
32,462,0.031250
32,463,0.031250
32,464,0.031250
32,465,0.031672
32,466,0.032078
32,467,0.031250
32,468,0.031250
32,469,0.031250
32,470,0.031250
32,471,0.031775
32,472,0.000000
32,473,0.036873
32,474,0.031250
32,475,0.034530
32,476,0.000000
32,477,0.031250
32,478,0.031845
32,479,0.062500
32,480,0.031250
32,481,0.031955
32,482,0.031793
32,483,0.030627
32,484,0.033282
32,485,0.031250
32,486,0.030769
32,487,0.031250
32,488,0.032012
32,489,0.030903
32,490,0.036750
32,491,0.032012
32,492,0.000000
32,493,0.031250
32,494,0.036594
32,495,0.032309
32,496,0.000000
32,497,0.030506
32,498,0.031250
32,499,0.030071
32,500,0.062500
32,501,0.031250
32,502,0.030839
32,503,0.031250
32,504,0.031250
32,505,0.031250
32,506,0.032999
32,507,0.031250
32,508,0.031250
32,509,0.032432
32,510,0.031250
32,511,0.031250
32,512,0.000000
32,513,0.035286
32,514,0.031250
32,515,0.031250
32,516,0.031250
32,517,0.034016
32,518,0.029167
32,519,0.030585
32,520,0.032018
32,521,0.062500
32,522,0.031646
32,523,0.062500
32,524,0.031250
32,525,0.032123
32,526,0.031250
32,527,0.000000
32,528,0.030947
32,529,0.000000
32,530,0.031250
32,531,0.031250
32,532,0.031250
32,533,0.000000
32,534,0.027563
32,535,0.031250
32,536,0.031250
32,537,0.031250
32,538,0.031250
32,539,0.030285
32,540,0.000000
32,541,0.031250
32,542,0.031767
32,543,0.031250
32,544,0.030303
32,545,0.031250
32,546,0.031727
32,547,0.029103
32,548,0.032046
32,549,0.032973
32,550,0.031250
32,551,0.031250
32,552,0.031250
32,553,0.027405
32,554,0.033537
32,555,0.031250
32,556,0.031250
32,557,0.031250
32,558,0.000000
32,559,0.031250
32,560,0.031789
32,561,0.031684
32,562,0.031250
32,563,0.027893
32,564,0.031250
32,565,0.000000
32,566,0.000000
32,567,0.031250
32,568,0.031250
32,569,0.031250
32,570,0.030720
32,571,0.031250
32,572,0.000000
32,573,0.030671
32,574,0.030767
32,575,0.031250
32,576,0.031250
32,577,0.031250
32,578,0.031250
32,579,0.029251
32,580,0.031250
32,581,0.031250
32,582,0.031250
32,583,0.031250
32,584,0.028230
32,585,0.029089
32,586,0.000000
32,587,0.028120
32,588,0.030003
32,589,0.031250
32,590,0.027181
32,591,0.031579
32,592,0.029012
32,593,0.031250
32,594,0.027301
32,595,0.031250
32,596,0.000000
32,597,0.031250
32,598,0.031250
32,599,0.031250
32,600,0.029778
32,601,0.000000
32,602,0.000000
32,603,0.031250
32,604,0.031250
32,605,0.000000
32,606,0.031250
32,607,0.031672
32,608,0.029029
32,609,0.000000
32,610,0.000000
32,611,0.000000
32,612,0.028260
32,613,0.000000
32,614,0.031250
32,615,0.031250
32,616,0.026780
32,617,0.000000
32,618,0.031250
32,619,0.026307
32,620,0.000000
32,621,0.031250
32,622,0.031250
32,623,0.031250
32,624,0.031250
32,625,0.029509
32,626,0.000000
32,627,0.031250
32,628,0.026514
32,629,0.025928
32,630,0.027681
32,631,0.031250
32,632,0.031250
32,633,0.000000
32,634,0.031601
32,635,0.031250
32,636,0.000000
32,637,0.025259
32,638,0.022849
32,639,0.025561
32,640,0.025718
32,641,0.031378
32,642,0.031250
32,643,0.025566
32,644,0.031250
32,645,0.031250
32,646,0.025517
32,647,0.025202
32,648,0.024766
32,649,0.000000
32,650,0.031250
32,651,0.025814
32,652,0.031250
32,653,0.031250
32,654,0.000000
32,655,0.023345
32,656,0.024306
32,657,0.031250
32,658,0.030910
32,659,0.031250
32,660,0.031684
32,661,0.025269
32,662,0.023297
32,663,0.024859
32,664,0.023831
32,665,0.031250
32,666,0.031250
32,667,0.031250
32,668,0.031250
32,669,0.025707
32,670,0.023382
32,671,0.031250
32,672,0.024492
32,673,0.023862
32,674,0.031250
32,675,0.024491
32,676,0.022723
32,677,0.000000
32,678,0.026612
32,679,0.031542
32,680,0.024596
32,681,0.024169
32,682,0.025612
32,683,0.024164
32,684,0.031250
32,685,0.023480
32,686,0.031250
32,687,0.031250
32,688,0.023135
32,689,0.023168
32,690,0.000000
32,691,0.023763
32,692,0.000000
32,693,0.000000
32,694,0.031250
32,695,0.031250
32,696,0.023400
32,697,0.000000
32,698,0.022877
32,699,0.000000
32,700,0.023195
32,701,0.031250
32,702,0.022510
32,703,0.000000
32,704,0.023693
32,705,0.024253
32,706,0.031250
32,707,0.023197
32,708,0.000000
32,709,0.022959
32,710,0.022839
32,711,0.023265
32,712,0.000000
32,713,0.031250
32,714,0.021478
32,715,0.000000
32,716,0.000000
32,717,0.024007
32,718,0.000000
32,719,0.022914
32,720,0.023123
32,721,0.000000
32,722,0.021890
32,723,0.022207
32,724,0.022676
32,725,0.023324
32,726,0.023051
32,727,0.000000
32,728,0.022135
32,729,0.000000
32,730,0.021742
32,731,0.020691
32,732,0.031250
32,733,0.022375
32,734,0.000000
32,735,0.000000
32,736,0.000000
32,737,0.023815
32,738,0.031250
32,739,0.022514
32,740,0.021494
32,741,0.000000
32,742,0.021991
32,743,0.022062
32,744,0.021552
32,745,0.021575
32,746,0.022044
32,747,0.031250
32,748,0.000000
32,749,0.021815
32,750,0.031250
32,751,0.000000
32,752,0.031250
32,753,0.021557
32,754,0.031250
32,755,0.020948
32,756,0.000000
32,757,0.000000
32,758,0.020687
32,759,0.062500
32,760,0.031250
32,761,0.021573
32,762,0.031250
32,763,0.031250
32,764,0.021030
32,765,0.021762
32,766,0.000000
32,767,0.023144
32,768,0.021124
32,769,0.023040
32,770,0.000000
32,771,0.000000
32,772,0.000000
32,773,0.020474
32,774,0.020519
32,775,0.000000
32,776,0.021022
32,777,0.021484
32,778,0.031250
32,779,0.021301
32,780,0.000000
32,781,0.020913
32,782,0.000000
32,783,0.000000
32,784,0.020223
32,785,0.021216
32,786,0.000000
32,787,0.000000
32,788,0.020567
32,789,0.031250
32,790,0.000000
32,791,0.019578
32,792,0.020477
32,793,0.000000
32,794,0.019874
32,795,0.020194
32,796,0.031250
32,797,0.031250
32,798,0.000000
32,799,0.020276
32,800,0.000000
32,801,0.020481
32,802,0.020172
32,803,0.020280
32,804,0.031250
32,805,0.020917
32,806,0.019695
32,807,0.031250
32,808,0.019870
32,809,0.000000
32,810,0.000000
32,811,0.000000
32,812,0.021565
32,813,0.000000
32,814,0.020711
32,815,0.031250
32,816,0.000000
32,817,0.019376
32,818,0.019089
32,819,0.000000
32,820,0.031250
32,821,0.031250
32,822,0.000000
32,823,0.019521
32,824,0.031250
32,825,0.000000
32,826,0.019991
32,827,0.018489
32,828,0.031250
32,829,0.019335
32,830,0.019783
32,831,0.018999
32,832,0.019610
32,833,0.000000
32,834,0.000000
32,835,0.019925
32,836,0.031250
32,837,0.019577
32,838,0.000000
32,839,0.020051
32,840,0.000000
32,841,0.019361
32,842,0.031250
32,843,0.018566
32,844,0.019450
32,845,0.031250
32,846,0.031250
32,847,0.031250
32,848,0.000000
32,849,0.000000
32,850,0.000000
32,851,0.018718
32,852,0.018189
32,853,0.018856
32,854,0.018354
32,855,0.018705
32,856,0.000000
32,857,0.018718
32,858,0.019664
32,859,0.000000
32,860,0.000000
32,861,0.019297
32,862,0.018678
32,863,0.020240
32,864,0.000000
32,865,0.018326
32,866,0.000000
32,867,0.000000
32,868,0.018153
32,869,0.000000
32,870,0.000000
32,871,0.018340
32,872,0.019026
32,873,0.018761
32,874,0.031250
32,875,0.017973
32,876,0.017989
32,877,0.031250
32,878,0.031250
32,879,0.018812
32,880,0.017414
32,881,0.000000
32,882,0.018502
32,883,0.000000
32,884,0.018504
32,885,0.000000
32,886,0.018516
32,887,0.031250
32,888,0.031250
32,889,0.018397
32,890,0.018837
32,891,0.018300
32,892,0.000000
32,893,0.018008
32,894,0.000000
32,895,0.018029
32,896,0.017663
32,897,0.017983
32,898,0.018278
32,899,0.031250
32,900,0.000000
32,901,0.031250
32,902,0.031250
32,903,0.018190
32,904,0.000000
32,905,0.018252
32,906,0.017875
32,907,0.000000
32,908,0.000000
32,909,0.017554
32,910,0.018057
32,911,0.017989
32,912,0.018427
32,913,0.017453
32,914,0.000000
32,915,0.017454
32,916,0.000000
32,917,0.000000
32,918,0.000000
32,919,0.017696
32,920,0.016870
32,921,0.000000
32,922,0.017775
32,923,0.000000
32,924,0.017148
32,925,0.017108
32,926,0.016849
32,927,0.000000
32,928,0.016562
32,929,0.017307
32,930,0.017652
32,931,0.016812
32,932,0.031250
32,933,0.000000
32,934,0.031250
32,935,0.016614
32,936,0.062500
32,937,0.017373
32,938,0.031250
32,939,0.000000
32,940,0.017070
32,941,0.000000
32,942,0.000000
32,943,0.016800
32,944,0.017385
32,945,0.016862
32,946,0.017419
32,947,0.016953
32,948,0.000000
32,949,0.016940
32,950,0.000000
32,951,0.017109
32,952,0.000000
32,953,0.017073
32,954,0.017063
32,955,0.016458
32,956,0.000000
32,957,0.000000
32,958,0.016881
32,959,0.016730
32,960,0.017317
32,961,0.017428
32,962,0.000000
32,963,0.016794
32,964,0.016547
32,965,0.017056
32,966,0.016840
32,967,0.000000
32,968,0.031250
32,969,0.031250
32,970,0.000000
32,971,0.016897
32,972,0.016047
32,973,0.000000
32,974,0.016688
32,975,0.000000
32,976,0.017174
32,977,0.000000
32,978,0.016299
32,979,0.016789
32,980,0.016651
32,981,0.000000
32,982,0.031250
32,983,0.015294
32,984,0.031250
32,985,0.000000
32,986,0.000000
32,987,0.000000
32,988,0.015768
32,989,0.016806
32,990,0.031250
32,991,0.016232
32,992,0.016149
32,993,0.016146
32,994,0.016448
32,995,0.016373
32,996,0.016016
32,997,0.016922
32,998,0.016569
32,999,0.016219
32,1000,0.016557
32,1001,0.000000
32,1002,0.017219
32,1003,0.016721
32,1004,0.015775
32,1005,0.016265
32,1006,0.000000
32,1007,0.016116
32,1008,0.016313
32,1009,0.015742
32,1010,0.016498
32,1011,0.031250
32,1012,0.016520
32,1013,0.015641
32,1014,0.016139
32,1015,0.000000
32,1016,0.015085
32,1017,0.015594
32,1018,0.016413
32,1019,0.000000
32,1020,0.015922
32,1021,0.015022
32,1022,0.000000
32,1023,0.000000
32,1024,0.015285
32,1025,0.000000
32,1026,0.000000
32,1027,0.000000
32,1028,0.015675
32,1029,0.000000
32,1030,0.000000
32,1031,0.015297
32,1032,0.031250
32,1033,0.015729
32,1034,0.000000
32,1035,0.000000
32,1036,0.000000
32,1037,0.015697
32,1038,0.015791
32,1039,0.000000
32,1040,0.015584
32,1041,0.015238
32,1042,0.000000
32,1043,0.000000
32,1044,0.015403
32,1045,0.015876
32,1046,0.015141
32,1047,0.015131
32,1048,0.000000
32,1049,0.015116
32,1050,0.014903
32,1051,0.015191
32,1052,0.016075
32,1053,0.015503
32,1054,0.031250
32,1055,0.015866
32,1056,0.000000
32,1057,0.015113
32,1058,0.000000
32,1059,0.000000
32,1060,0.000000
32,1061,0.014997
32,1062,0.000000
32,1063,0.000000
32,1064,0.015309
32,1065,0.015009
32,1066,0.015431
32,1067,0.015441
32,1068,0.015644
32,1069,0.014997
32,1070,0.014456
32,1071,0.000000
32,1072,0.014878
32,1073,0.000000
32,1074,0.014925
32,1075,0.000000
32,1076,0.015964
32,1077,0.014894
32,1078,0.014787
32,1079,0.031250
32,1080,0.015088
32,1081,0.000000
32,1082,0.000000
32,1083,0.014766
32,1084,0.014800
32,1085,0.000000
32,1086,0.014778
32,1087,0.015522
32,1088,0.014722
32,1089,0.000000
32,1090,0.014622
32,1091,0.014303
32,1092,0.014844
32,1093,0.014735
32,1094,0.014831
32,1095,0.000000
32,1096,0.014628
32,1097,0.000000
32,1098,0.014251
32,1099,0.000000
32,1100,0.014653
32,1101,0.014275
32,1102,0.000000
32,1103,0.014897
32,1104,0.014528
32,1105,0.000000
32,1106,0.014694
32,1107,0.000000
32,1108,0.014778
32,1109,0.014072
32,1110,0.015310
32,1111,0.031250
32,1112,0.000000
32,1113,0.000000
32,1114,0.000000
32,1115,0.000000
32,1116,0.000000
32,1117,0.014397
32,1118,0.000000
32,1119,0.014562
32,1120,0.014678
32,1121,0.000000
32,1122,0.013825
32,1123,0.031250
32,1124,0.013835
32,1125,0.000000
32,1126,0.014456
32,1127,0.014872
32,1128,0.013425
32,1129,0.014460
32,1130,0.031250
32,1131,0.014172
32,1132,0.000000
32,1133,0.000000
32,1134,0.014425
32,1135,0.000000
32,1136,0.000000
32,1137,0.000000
32,1138,0.000000
32,1139,0.000000
32,1140,0.014213
32,1141,0.014600
32,1142,0.013778
32,1143,0.014512
32,1144,0.013479
32,1145,0.014044
32,1146,0.000000
32,1147,0.014550
32,1148,0.031250
32,1149,0.014491
32,1150,0.013991
32,1151,0.013654
32,1152,0.000000
32,1153,0.014666
32,1154,0.014206
32,1155,0.000000
32,1156,0.000000
32,1157,0.014753
32,1158,0.000000
32,1159,0.000000
32,1160,0.013932
32,1161,0.000000
32,1162,0.013685
32,1163,0.012891
32,1164,0.031250
32,1165,0.013363
32,1166,0.014066
32,1167,0.013889
32,1168,0.000000
32,1169,0.000000
32,1170,0.013283
32,1171,0.000000
32,1172,0.000000
32,1173,0.013938
32,1174,0.013475
32,1175,0.013210
32,1176,0.000000
32,1177,0.000000
32,1178,0.013872
32,1179,0.000000
32,1180,0.013491
32,1181,0.000000
32,1182,0.031250
32,1183,0.000000
32,1184,0.000000
32,1185,0.000000
32,1186,0.000000
32,1187,0.013019
32,1188,0.013788
32,1189,0.000000
32,1190,0.013504
32,1191,0.014319
32,1192,0.013479
32,1193,0.000000
32,1194,0.013488
32,1195,0.000000
32,1196,0.013500
32,1197,0.000000
32,1198,0.013916
32,1199,0.012872
32,1200,0.000000
32,1201,0.012797
32,1202,0.013160
32,1203,0.000000
32,1204,0.000000
32,1205,0.000000
32,1206,0.000000
32,1207,0.013641
32,1208,0.000000
32,1209,0.000000
32,1210,0.013079
32,1211,0.000000
32,1212,0.000000
32,1213,0.000000
32,1214,0.012866
32,1215,0.000000
32,1216,0.013154
32,1217,0.013120
32,1218,0.013456
32,1219,0.012940
32,1220,0.000000
32,1221,0.000000
32,1222,0.000000
32,1223,0.013156
32,1224,0.000000
32,1225,0.013406
32,1226,0.013500
32,1227,0.000000
32,1228,0.013038
32,1229,0.000000
32,1230,0.012972
32,1231,0.013056
32,1232,0.013261
32,1233,0.012531
32,1234,0.012941
32,1235,0.000000
32,1236,0.012897
32,1237,0.000000
32,1238,0.012847
32,1239,0.000000
32,1240,0.000000
32,1241,0.013026
32,1242,0.000000
32,1243,0.031250
32,1244,0.000000
32,1245,0.000000
32,1246,0.012947
32,1247,0.012851
32,1248,0.000000
32,1249,0.000000
32,1250,0.000000
32,1251,0.000000
32,1252,0.000000
32,1253,0.000000
32,1254,0.012901
32,1255,0.000000
32,1256,0.012385
32,1257,0.012536
32,1258,0.012279
32,1259,0.013438
32,1260,0.012797
32,1261,0.000000
32,1262,0.000000
32,1263,0.013006
32,1264,0.000000
32,1265,0.012325
32,1266,0.012675
32,1267,0.000000
32,1268,0.012413
32,1269,0.000000
32,1270,0.000000
32,1271,0.000000
32,1272,0.000000
32,1273,0.012792
32,1274,0.031250
32,1275,0.000000
32,1276,0.012181
32,1277,0.000000
32,1278,0.031250
32,1279,0.012385
32,1280,0.012706
32,1281,0.031250
32,1282,0.012663
32,1283,0.000000
32,1284,0.011779
32,1285,0.012256
32,1286,0.000000
32,1287,0.000000
32,1288,0.000000
32,1289,0.000000
32,1290,0.000000
32,1291,0.013047
32,1292,0.000000
32,1293,0.031250
32,1294,0.031250
32,1295,0.011938
32,1296,0.012485
32,1297,0.000000
32,1298,0.011966
32,1299,0.012229
32,1300,0.011779
32,1301,0.000000
32,1302,0.011652
32,1303,0.012335
32,1304,0.000000
32,1305,0.031250
32,1306,0.012429
32,1307,0.011848
32,1308,0.011898
32,1309,0.012298
32,1310,0.000000
32,1311,0.000000
32,1312,0.012380
32,1313,0.012150
32,1314,0.011673
32,1315,0.011575
32,1316,0.012281
32,1317,0.000000
32,1318,0.012054
32,1319,0.000000
32,1320,0.012204
32,1321,0.000000
32,1322,0.000000
32,1323,0.000000
32,1324,0.000000
32,1325,0.000000
32,1326,0.000000
32,1327,0.012246
32,1328,0.012100
32,1329,0.011631
32,1330,0.012663
32,1331,0.011890
32,1332,0.000000
32,1333,0.000000
32,1334,0.000000
32,1335,0.000000
32,1336,0.031250
32,1337,0.000000
32,1338,0.031250
32,1339,0.000000
32,1340,0.000000
32,1341,0.000000
32,1342,0.011608
32,1343,0.000000
32,1344,0.000000
32,1345,0.000000
32,1346,0.000000
32,1347,0.000000
32,1348,0.011962
32,1349,0.011398
32,1350,0.000000
32,1351,0.011414
32,1352,0.000000
32,1353,0.000000
32,1354,0.011775
32,1355,0.011554
32,1356,0.011831
32,1357,0.031250
32,1358,0.012394
32,1359,0.000000
32,1360,0.011685
32,1361,0.012181
32,1362,0.000000
32,1363,0.011813
32,1364,0.011818
32,1365,0.011691
32,1366,0.011485
32,1367,0.011231
32,1368,0.000000
32,1369,0.000000
32,1370,0.000000
32,1371,0.000000
32,1372,0.000000
32,1373,0.011694
32,1374,0.012135
32,1375,0.000000
32,1376,0.011406
32,1377,0.011466
32,1378,0.000000
32,1379,0.000000
32,1380,0.000000
32,1381,0.000000
32,1382,0.000000
32,1383,0.000000
32,1384,0.000000
32,1385,0.000000
32,1386,0.000000
32,1387,0.011169
32,1388,0.011435
32,1389,0.000000
32,1390,0.011700
32,1391,0.000000
32,1392,0.011150
32,1393,0.000000
32,1394,0.000000
32,1395,0.000000
32,1396,0.011219
32,1397,0.000000
32,1398,0.011550
32,1399,0.010904
32,1400,0.000000
32,1401,0.000000
32,1402,0.000000
32,1403,0.011398
32,1404,0.000000
32,1405,0.011198
32,1406,0.011437
32,1407,0.000000
32,1408,0.000000
32,1409,0.000000
32,1410,0.010950
32,1411,0.011410
32,1412,0.031250
32,1413,0.011213
32,1414,0.000000
32,1415,0.000000
32,1416,0.000000
32,1417,0.010804
32,1418,0.011675
32,1419,0.000000
32,1420,0.000000
32,1421,0.000000
32,1422,0.000000
32,1423,0.000000
32,1424,0.011600
32,1425,0.000000
32,1426,0.011525
32,1427,0.000000
32,1428,0.000000
32,1429,0.011156
32,1430,0.011477
32,1431,0.000000
32,1432,0.000000
32,1433,0.011104
32,1434,0.010850
32,1435,0.010767
32,1436,0.000000
32,1437,0.000000
32,1438,0.010837
32,1439,0.000000
32,1440,0.000000
32,1441,0.010602
32,1442,0.011192
32,1443,0.000000
32,1444,0.011200
32,1445,0.000000
32,1446,0.011441
32,1447,0.010860
32,1448,0.000000
32,1449,0.000000
32,1450,0.000000
32,1451,0.010910
32,1452,0.010663
32,1453,0.011325
32,1454,0.000000
32,1455,0.010408
32,1456,0.000000
32,1457,0.000000
32,1458,0.011035
32,1459,0.000000
32,1460,0.000000
32,1461,0.000000
32,1462,0.011000
32,1463,0.000000
32,1464,0.000000
32,1465,0.031250
32,1466,0.011042
32,1467,0.000000
32,1468,0.010629
32,1469,0.010488
32,1470,0.000000
32,1471,0.011148
32,1472,0.000000
32,1473,0.010523
32,1474,0.010748
32,1475,0.000000
32,1476,0.011002
32,1477,0.000000
32,1478,0.000000
32,1479,0.010873
32,1480,0.000000
32,1481,0.010456
32,1482,0.010698
32,1483,0.000000
32,1484,0.000000
32,1485,0.000000
32,1486,0.000000
32,1487,0.010588
32,1488,0.010652
32,1489,0.000000
32,1490,0.011004
32,1491,0.000000
32,1492,0.010510
32,1493,0.010631
32,1494,0.011204
32,1495,0.010410
32,1496,0.000000
32,1497,0.000000
32,1498,0.000000
32,1499,0.010210
32,1500,0.000000
32,1501,0.010825
32,1502,0.000000
32,1503,0.010635
32,1504,0.031250
32,1505,0.000000
32,1506,0.009911
32,1507,0.000000
32,1508,0.000000
32,1509,0.010735
32,1510,0.000000
32,1511,0.010902
32,1512,0.000000
32,1513,0.010737
32,1514,0.010504
32,1515,0.000000
32,1516,0.000000
32,1517,0.010404
32,1518,0.000000
32,1519,0.010100
32,1520,0.010375
32,1521,0.010660
32,1522,0.000000
32,1523,0.010754
32,1524,0.010337
32,1525,0.009923
32,1526,0.010338
32,1527,0.010404
32,1528,0.010694
32,1529,0.031250
32,1530,0.010256
32,1531,0.009913
32,1532,0.031250
32,1533,0.010110
32,1534,0.000000
32,1535,0.000000
32,1536,0.000000
32,1537,0.000000
32,1538,0.000000
32,1539,0.000000
32,1540,0.010731
32,1541,0.000000
32,1542,0.000000
32,1543,0.010565
32,1544,0.010796
32,1545,0.000000
32,1546,0.000000
32,1547,0.000000
32,1548,0.010013
32,1549,0.000000
32,1550,0.000000
32,1551,0.000000
32,1552,0.010144
32,1553,0.010279
32,1554,0.010394
32,1555,0.010127
32,1556,0.010238
32,1557,0.000000
32,1558,0.000000
32,1559,0.010683
32,1560,0.000000
32,1561,0.000000
32,1562,0.000000
32,1563,0.000000
32,1564,0.000000
32,1565,0.000000
32,1566,0.000000
32,1567,0.000000
32,1568,0.009798
32,1569,0.000000
32,1570,0.010204
32,1571,0.000000
32,1572,0.009992
32,1573,0.000000
32,1574,0.009994
32,1575,0.000000
32,1576,0.009846
32,1577,0.000000
32,1578,0.000000
32,1579,0.009992
32,1580,0.010608
32,1581,0.000000
32,1582,0.010131
32,1583,0.009750
32,1584,0.010535
32,1585,0.000000
32,1586,0.010112
32,1587,0.010042
32,1588,0.000000
32,1589,0.010104
32,1590,0.000000
32,1591,0.000000
32,1592,0.000000
32,1593,0.010331
32,1594,0.000000
32,1595,0.010067
32,1596,0.009613
32,1597,0.000000
32,1598,0.000000
32,1599,0.000000
32,1600,0.000000
32,1601,0.031250
32,1602,0.000000
32,1603,0.009379
32,1604,0.010013
32,1605,0.000000
32,1606,0.000000
32,1607,0.010302
32,1608,0.000000
32,1609,0.009756
32,1610,0.000000
32,1611,0.000000
32,1612,0.000000
32,1613,0.009481
32,1614,0.000000
32,1615,0.000000
32,1616,0.009725
32,1617,0.000000
32,1618,0.009219
32,1619,0.000000
32,1620,0.009288
32,1621,0.009648
32,1622,0.000000
32,1623,0.000000
32,1624,0.000000
32,1625,0.000000
32,1626,0.009440
32,1627,0.000000
32,1628,0.009754
32,1629,0.000000
32,1630,0.000000
32,1631,0.010673
32,1632,0.009425
32,1633,0.009581
32,1634,0.000000
32,1635,0.009544
32,1636,0.009779
32,1637,0.000000
32,1638,0.000000
32,1639,0.000000
32,1640,0.000000
32,1641,0.010100
32,1642,0.000000
32,1643,0.009750
32,1644,0.000000
32,1645,0.009479
32,1646,0.009713
32,1647,0.000000
32,1648,0.009944
32,1649,0.009567
32,1650,0.009806
32,1651,0.000000
32,1652,0.009544
32,1653,0.010317
32,1654,0.000000
32,1655,0.009402
32,1656,0.009884
32,1657,0.009323
32,1658,0.009488
32,1659,0.000000
32,1660,0.000000
32,1661,0.009761
32,1662,0.009344
32,1663,0.000000
32,1664,0.009550
32,1665,0.000000
32,1666,0.000000
32,1667,0.009819
32,1668,0.009415
32,1669,0.000000
32,1670,0.000000
32,1671,0.000000
32,1672,0.000000
32,1673,0.009800
32,1674,0.000000
32,1675,0.000000
32,1676,0.000000
32,1677,0.000000
32,1678,0.000000
32,1679,0.000000
32,1680,0.009575
32,1681,0.000000
32,1682,0.008919
32,1683,0.008971
32,1684,0.009426
32,1685,0.009486
32,1686,0.000000
32,1687,0.009086
32,1688,0.000000
32,1689,0.000000
32,1690,0.000000
32,1691,0.009467
32,1692,0.009713
32,1693,0.009538
32,1694,0.000000
32,1695,0.008973
32,1696,0.000000
32,1697,0.000000
32,1698,0.000000
32,1699,0.000000
32,1700,0.009317
32,1701,0.000000
32,1702,0.000000
32,1703,0.000000
32,1704,0.009115
32,1705,0.000000
32,1706,0.009088
32,1707,0.008831
32,1708,0.000000
32,1709,0.000000
32,1710,0.000000
32,1711,0.000000
32,1712,0.000000
32,1713,0.000000
32,1714,0.000000
32,1715,0.000000
32,1716,0.000000
32,1717,0.000000
32,1718,0.000000
32,1719,0.000000
32,1720,0.000000
32,1721,0.000000
32,1722,0.000000
32,1723,0.009379
32,1724,0.000000
32,1725,0.000000
32,1726,0.000000
32,1727,0.000000
32,1728,0.009012
32,1729,0.000000
32,1730,0.000000
32,1731,0.000000
32,1732,0.000000
32,1733,0.000000
32,1734,0.008967
32,1735,0.000000
32,1736,0.000000
32,1737,0.000000
32,1738,0.009304
32,1739,0.000000
32,1740,0.000000
32,1741,0.008605
32,1742,0.000000
32,1743,0.000000
32,1744,0.000000
32,1745,0.009044
32,1746,0.008534
32,1747,0.000000
32,1748,0.009003
32,1749,0.009225
32,1750,0.008467
32,1751,0.000000
32,1752,0.009353
32,1753,0.009375
32,1754,0.000000
32,1755,0.000000
32,1756,0.000000
32,1757,0.009153
32,1758,0.008915
32,1759,0.000000
32,1760,0.009119
32,1761,0.000000
32,1762,0.000000
32,1763,0.009219
32,1764,0.009404
32,1765,0.000000
32,1766,0.009517
32,1767,0.000000
32,1768,0.000000
32,1769,0.000000
32,1770,0.000000
32,1771,0.008148
32,1772,0.008856
32,1773,0.000000
32,1774,0.000000
32,1775,0.000000
32,1776,0.000000
32,1777,0.000000
32,1778,0.000000
32,1779,0.000000
32,1780,0.000000
32,1781,0.000000
32,1782,0.009325
32,1783,0.008861
32,1784,0.009156
32,1785,0.009013
32,1786,0.000000
32,1787,0.000000
32,1788,0.000000
32,1789,0.000000
32,1790,0.000000
32,1791,0.008625
32,1792,0.000000
32,1793,0.008480
32,1794,0.008667
32,1795,0.031250
32,1796,0.009142
32,1797,0.009288
32,1798,0.009275
32,1799,0.008819
32,1800,0.000000
32,1801,0.000000
32,1802,0.008581
32,1803,0.000000
32,1804,0.009029
32,1805,0.000000
32,1806,0.008631
32,1807,0.000000
32,1808,0.000000
32,1809,0.008819
32,1810,0.009148
32,1811,0.000000
32,1812,0.008480
32,1813,0.000000
32,1814,0.000000
32,1815,0.000000
32,1816,0.008630
32,1817,0.008609
32,1818,0.008461
32,1819,0.000000
32,1820,0.008630
32,1821,0.000000
32,1822,0.000000
32,1823,0.000000
32,1824,0.008867
32,1825,0.000000
32,1826,0.008659
32,1827,0.000000
32,1828,0.000000
32,1829,0.008730
32,1830,0.008994
32,1831,0.007875
32,1832,0.008692
32,1833,0.000000
32,1834,0.008569
32,1835,0.000000
32,1836,0.000000
32,1837,0.000000
32,1838,0.000000
32,1839,0.008911
32,1840,0.008837
32,1841,0.000000
32,1842,0.008528
32,1843,0.008094
32,1844,0.000000
32,1845,0.000000
32,1846,0.008675
32,1847,0.008711
32,1848,0.000000
32,1849,0.000000
32,1850,0.008386
32,1851,0.000000
32,1852,0.000000
32,1853,0.000000
32,1854,0.000000
32,1855,0.008105
32,1856,0.031250
32,1857,0.008238
32,1858,0.008625
32,1859,0.000000
32,1860,0.000000
32,1861,0.000000
32,1862,0.000000
32,1863,0.000000
32,1864,0.008098
32,1865,0.008472
32,1866,0.008344
32,1867,0.000000
32,1868,0.000000
32,1869,0.008405
32,1870,0.000000
32,1871,0.008417
32,1872,0.008761
32,1873,0.000000
32,1874,0.000000
32,1875,0.000000
32,1876,0.008559
32,1877,0.000000
32,1878,0.000000
32,1879,0.008489
32,1880,0.000000
32,1881,0.008804
32,1882,0.008837
32,1883,0.008829
32,1884,0.000000
32,1885,0.000000
32,1886,0.000000
32,1887,0.000000
32,1888,0.000000
32,1889,0.000000
32,1890,0.000000
32,1891,0.000000
32,1892,0.000000
32,1893,0.008163
32,1894,0.008423
32,1895,0.008651
32,1896,0.008475
32,1897,0.008114
32,1898,0.000000
32,1899,0.008611
32,1900,0.000000
32,1901,0.007900
32,1902,0.008501
32,1903,0.000000
32,1904,0.008531
32,1905,0.000000
32,1906,0.000000
32,1907,0.000000
32,1908,0.000000
32,1909,0.008048
32,1910,0.008556
32,1911,0.000000
32,1912,0.000000
32,1913,0.000000
32,1914,0.000000
32,1915,0.000000
32,1916,0.000000
32,1917,0.008344
32,1918,0.000000
32,1919,0.008142
32,1920,0.000000
32,1921,0.000000
32,1922,0.008344
32,1923,0.000000
32,1924,0.007806
32,1925,0.000000
32,1926,0.000000
32,1927,0.000000
32,1928,0.008486
32,1929,0.000000
32,1930,0.000000
32,1931,0.008498
32,1932,0.000000
32,1933,0.000000
32,1934,0.000000
32,1935,0.000000
32,1936,0.000000
32,1937,0.008072
32,1938,0.000000
32,1939,0.000000
32,1940,0.000000
32,1941,0.008256
32,1942,0.007875
32,1943,0.007619
32,1944,0.008348
32,1945,0.008169
32,1946,0.000000
32,1947,0.000000
32,1948,0.008444
32,1949,0.008172
32,1950,0.000000
32,1951,0.007992
32,1952,0.000000
32,1953,0.000000
32,1954,0.008465
32,1955,0.000000
32,1956,0.000000
32,1957,0.008036
32,1958,0.000000
32,1959,0.008303
32,1960,0.008067
32,1961,0.007755
32,1962,0.000000
32,1963,0.000000
32,1964,0.000000
32,1965,0.008773
32,1966,0.000000
32,1967,0.000000
32,1968,0.008494
32,1969,0.008117
32,1970,0.000000
32,1971,0.007763
32,1972,0.000000
32,1973,0.000000
32,1974,0.007744
32,1975,0.000000
32,1976,0.000000
32,1977,0.000000
32,1978,0.000000
32,1979,0.000000
32,1980,0.000000
32,1981,0.000000
32,1982,0.000000
32,1983,0.007811
32,1984,0.007836
32,1985,0.000000
32,1986,0.008456
32,1987,0.007669
32,1988,0.000000
32,1989,0.000000
32,1990,0.000000
32,1991,0.000000
32,1992,0.000000
32,1993,0.000000
32,1994,0.007955
32,1995,0.000000
32,1996,0.008305
32,1997,0.000000
32,1998,0.000000
32,1999,0.000000
32,2000,0.000000
32,2001,0.000000
32,2002,0.000000
32,2003,0.007511
32,2004,0.007916
32,2005,0.000000
32,2006,0.000000
32,2007,0.000000
32,2008,0.000000
32,2009,0.008148
32,2010,0.007938
32,2011,0.000000
32,2012,0.000000
32,2013,0.000000
32,2014,0.008000
32,2015,0.000000
32,2016,0.000000
32,2017,0.000000
32,2018,0.008136
32,2019,0.007461
32,2020,0.000000
32,2021,0.000000
32,2022,0.000000
32,2023,0.008281
32,2024,0.000000
32,2025,0.007305
32,2026,0.000000
32,2027,0.007662
32,2028,0.000000
32,2029,0.000000
32,2030,0.031250
32,2031,0.007692
32,2032,0.008023
32,2033,0.000000
32,2034,0.007644
32,2035,0.007711
32,2036,0.000000
32,2037,0.000000
32,2038,0.008463
32,2039,0.000000
32,2040,0.000000
32,2041,0.000000
32,2042,0.000000
32,2043,0.007869
32,2044,0.000000
32,2045,0.000000
32,2046,0.000000
32,2047,0.000000
32,2048,0.000000
64,1,0.970703
64,2,0.958422
64,3,0.945772
64,4,0.933919
64,5,0.926907
64,6,0.913325
64,7,0.908548
64,8,0.884146
64,9,0.858173
64,10,0.844401
64,11,0.855114
64,12,0.838542
64,13,0.847193
64,14,0.813616
64,15,0.827363
64,16,0.801339
64,17,0.801683
64,18,0.793103
64,19,0.784180
64,20,0.768750
64,21,0.767442
64,22,0.733724
64,23,0.750446
64,24,0.742850
64,25,0.748526
64,26,0.719595
64,27,0.722039
64,28,0.724201
64,29,0.718006
64,30,0.687500
64,31,0.719643
64,32,0.654576
64,33,0.688125
64,34,0.673564
64,35,0.700781
64,36,0.641335
64,37,0.643503
64,38,0.642188
64,39,0.659128
64,40,0.653706
64,41,0.635938
64,42,0.609809
64,43,0.604818
64,44,0.627404
64,45,0.606370
64,46,0.611192
64,47,0.595553
64,48,0.583227
64,49,0.597470
64,50,0.517361
64,51,0.546875
64,52,0.547697
64,53,0.573317
64,54,0.561198
64,55,0.578869
64,56,0.575955
64,57,0.543686
64,58,0.551562
64,59,0.518029
64,60,0.531915
64,61,0.501736
64,62,0.497159
64,63,0.453125
64,64,0.514172
64,65,0.501359
64,66,0.497917
64,67,0.453125
64,68,0.497997
64,69,0.465625
64,70,0.503750
64,71,0.470267
64,72,0.482060
64,73,0.470905
64,74,0.486136
64,75,0.421875
64,76,0.480208
64,77,0.420230
64,78,0.453776
64,79,0.435547
64,80,0.405331
64,81,0.452446
64,82,0.440505
64,83,0.438151
64,84,0.436141
64,85,0.422500
64,86,0.405000
64,87,0.425000
64,88,0.404356
64,89,0.405382
64,90,0.407738
64,91,0.399425
64,92,0.404948
64,93,0.359375
64,94,0.377534
64,95,0.373904
64,96,0.388839
64,97,0.404514
64,98,0.393443
64,99,0.374705
64,100,0.373864
64,101,0.373288
64,102,0.373828
64,103,0.364369
64,104,0.327206
64,105,0.345215
64,106,0.362939
64,107,0.344531
64,108,0.373047
64,109,0.375558
64,110,0.357996
64,111,0.341912
64,112,0.312500
64,113,0.328704
64,114,0.359020
64,115,0.342882
64,116,0.311875
64,117,0.295938
64,118,0.310417
64,119,0.346307
64,120,0.294215
64,121,0.311170
64,122,0.327344
64,123,0.312500
64,124,0.346168
64,125,0.311458
64,126,0.298077
64,127,0.294471
64,128,0.296875
64,129,0.281960
64,130,0.329044
64,131,0.312500
64,132,0.298109
64,133,0.280000
64,134,0.281613
64,135,0.326766
64,136,0.293701
64,137,0.279974
64,138,0.280777
64,139,0.285211
64,140,0.270110
64,141,0.264803
64,142,0.296875
64,143,0.269869
64,144,0.281250
64,145,0.262747
64,146,0.250744
64,147,0.293179
64,148,0.266113
64,149,0.248884
64,150,0.218149
64,151,0.283173
64,152,0.265067
64,153,0.296875
64,154,0.235491
64,155,0.235268
64,156,0.254131
64,157,0.247545
64,158,0.233125
64,159,0.204072
64,160,0.255580
64,161,0.219429
64,162,0.250326
64,163,0.233994
64,164,0.235969
64,165,0.233259
64,166,0.235677
64,167,0.218750
64,168,0.220170
64,169,0.233008
64,170,0.218461
64,171,0.218359
64,172,0.202799
64,173,0.221294
64,174,0.217276
64,175,0.215981
64,176,0.203835
64,177,0.234649
64,178,0.234883
64,179,0.231326
64,180,0.218171
64,181,0.202851
64,182,0.215625
64,183,0.250868
64,184,0.219643
64,185,0.203125
64,186,0.220170
64,187,0.203906
64,188,0.203125
64,189,0.188021
64,190,0.203303
64,191,0.187500
64,192,0.216346
64,193,0.218359
64,194,0.218750
64,195,0.219271
64,196,0.186176
64,197,0.189174
64,198,0.170805
64,199,0.189549
64,200,0.156250
64,201,0.078125
64,202,0.187500
64,203,0.205510
64,204,0.187500
64,205,0.188210
64,206,0.204167
64,207,0.157475
64,208,0.219184
64,209,0.201076
64,210,0.206314
64,211,0.173047
64,212,0.173151
64,213,0.173438
64,214,0.217483
64,215,0.172931
64,216,0.170139
64,217,0.183096
64,218,0.186652
64,219,0.190245
64,220,0.172626
64,221,0.186821
64,222,0.187983
64,223,0.156901
64,224,0.168418
64,225,0.171662
64,226,0.173924
64,227,0.156250
64,228,0.170021
64,229,0.093750
64,230,0.170516
64,231,0.156494
64,232,0.154948
64,233,0.169572
64,234,0.171875
64,235,0.161027
64,236,0.168730
64,237,0.172768
64,238,0.155273
64,239,0.157552
64,240,0.155625
64,241,0.155540
64,242,0.157797
64,243,0.151703
64,244,0.109375
64,245,0.140024
64,246,0.093750
64,247,0.160181
64,248,0.153692
64,249,0.139915
64,250,0.157614
64,251,0.143411
64,252,0.078125
64,253,0.159455
64,254,0.157580
64,255,0.125000
64,256,0.141411
64,257,0.155134
64,258,0.187500
64,259,0.078125
64,260,0.155107
64,261,0.157955
64,262,0.139522
64,263,0.109375
64,264,0.046875
64,265,0.156250
64,266,0.140035
64,267,0.109375
64,268,0.140625
64,269,0.109375
64,270,0.143540
64,271,0.171148
64,272,0.127585
64,273,0.078125
64,274,0.139780
64,275,0.140024
64,276,0.125000
64,277,0.125000
64,278,0.126350
64,279,0.137329
64,280,0.155357
64,281,0.137177
64,282,0.133998
64,283,0.124512
64,284,0.137475
64,285,0.138835
64,286,0.125000
64,287,0.138736
64,288,0.129002
64,289,0.141238
64,290,0.137455
64,291,0.124488
64,292,0.125919
64,293,0.156250
64,294,0.138761
64,295,0.125781
64,296,0.062500
64,297,0.122420
64,298,0.093750
64,299,0.046875
64,300,0.140625
64,301,0.125000
64,302,0.126202
64,303,0.109375
64,304,0.141016
64,305,0.124566
64,306,0.062500
64,307,0.107456
64,308,0.109375
64,309,0.111173
64,310,0.062500
64,311,0.093750
64,312,0.125184
64,313,0.126166
64,314,0.093750
64,315,0.109809
64,316,0.110445
64,317,0.123220
64,318,0.110528
64,319,0.093750
64,320,0.078125
64,321,0.078125
64,322,0.125000
64,323,0.118693
64,324,0.109375
64,325,0.122439
64,326,0.106624
64,327,0.109142
64,328,0.093750
64,329,0.078125
64,330,0.108681
64,331,0.124399
64,332,0.112446
64,333,0.125000
64,334,0.108817
64,335,0.046875
64,336,0.114395
64,337,0.113067
64,338,0.109375
64,339,0.140625
64,340,0.105396
64,341,0.108911
64,342,0.126756
64,343,0.110689
64,344,0.046875
64,345,0.124653
64,346,0.108574
64,347,0.105704
64,348,0.109375
64,349,0.110119
64,350,0.110197
64,351,0.093750
64,352,0.093431
64,353,0.106421
64,354,0.110176
64,355,0.110259
64,356,0.108185
64,357,0.109718
64,358,0.107285
64,359,0.078125
64,360,0.104342
64,361,0.093750
64,362,0.108279
64,363,0.062500
64,364,0.093928
64,365,0.078125
64,366,0.110364
64,367,0.109012
64,368,0.093085
64,369,0.105683
64,370,0.062500
64,371,0.078125
64,372,0.091797
64,373,0.094254
64,374,0.094715
64,375,0.093251
64,376,0.093983
64,377,0.078125
64,378,0.094506
64,379,0.046875
64,380,0.094482
64,381,0.110589
64,382,0.109375
64,383,0.093750
64,384,0.106573
64,385,0.095327
64,386,0.095543
64,387,0.093539
64,388,0.093471
64,389,0.108817
64,390,0.109375
64,391,0.062500
64,392,0.094122
64,393,0.094141
64,394,0.092614
64,395,0.093750
64,396,0.092512
64,397,0.110511
64,398,0.095666
64,399,0.093750
64,400,0.062500
64,401,0.078125
64,402,0.094727
64,403,0.090745
64,404,0.078125
64,405,0.090449
64,406,0.031250
64,407,0.062500
64,408,0.094984
64,409,0.046875
64,410,0.078125
64,411,0.078125
64,412,0.093973
64,413,0.095799
64,414,0.078125
64,415,0.094807
64,416,0.089489
64,417,0.087902
64,418,0.094460
64,419,0.077288
64,420,0.046875
64,421,0.078399
64,422,0.086721
64,423,0.031250
64,424,0.015625
64,425,0.078125
64,426,0.078125
64,427,0.078394
64,428,0.077546
64,429,0.078125
64,430,0.093750
64,431,0.078125
64,432,0.093085
64,433,0.078125
64,434,0.077793
64,435,0.093160
64,436,0.078125
64,437,0.046875
64,438,0.078125
64,439,0.087428
64,440,0.079507
64,441,0.077460
64,442,0.083926
64,443,0.078993
64,444,0.082157
64,445,0.077902
64,446,0.062500
64,447,0.078125
64,448,0.079657
64,449,0.078977
64,450,0.015625
64,451,0.094113
64,452,0.081642
64,453,0.082474
64,454,0.046875
64,455,0.078506
64,456,0.079087
64,457,0.078125
64,458,0.077303
64,459,0.062500
64,460,0.046875
64,461,0.031250
64,462,0.062500
64,463,0.078438
64,464,0.078472
64,465,0.077337
64,466,0.046875
64,467,0.077408
64,468,0.081419
64,469,0.031250
64,470,0.077436
64,471,0.078320
64,472,0.078125
64,473,0.077799
64,474,0.078125
64,475,0.031250
64,476,0.078125
64,477,0.062500
64,478,0.077539
64,479,0.078125
64,480,0.062500
64,481,0.093750
64,482,0.076753
64,483,0.074884
64,484,0.078125
64,485,0.077665
64,486,0.076760
64,487,0.072155
64,488,0.078125
64,489,0.062500
64,490,0.077703
64,491,0.078125
64,492,0.073667
64,493,0.031250
64,494,0.093006
64,495,0.075305
64,496,0.031250
64,497,0.046875
64,498,0.068910
64,499,0.077311
64,500,0.062500
64,501,0.046875
64,502,0.078125
64,503,0.078814
64,504,0.046875
64,505,0.071584
64,506,0.078125
64,507,0.074861
64,508,0.062500
64,509,0.069406
64,510,0.073951
64,511,0.068776
64,512,0.062500
64,513,0.015625
64,514,0.075614
64,515,0.074008
64,516,0.075920
64,517,0.071795
64,518,0.015625
64,519,0.068584
64,520,0.079013
64,521,0.046875
64,522,0.062500
64,523,0.064037
64,524,0.062500
64,525,0.046875
64,526,0.062500
64,527,0.064744
64,528,0.077629
64,529,0.062119
64,530,0.073787
64,531,0.061709
64,532,0.062922
64,533,0.062988
64,534,0.078125
64,535,0.061887
64,536,0.069427
64,537,0.062872
64,538,0.046875
64,539,0.068323
64,540,0.062500
64,541,0.060938
64,542,0.068640
64,543,0.015625
64,544,0.046875
64,545,0.066355
64,546,0.062500
64,547,0.061779
64,548,0.064757
64,549,0.062500
64,550,0.031250
64,551,0.031250
64,552,0.062500
64,553,0.046875
64,554,0.062500
64,555,0.046875
64,556,0.031250
64,557,0.065874
64,558,0.064643
64,559,0.061039
64,560,0.015625
64,561,0.061935
64,562,0.062252
64,563,0.060422
64,564,0.062078
64,565,0.063419
64,566,0.065586
64,567,0.065223
64,568,0.046875
64,569,0.046875
64,570,0.061942
64,571,0.046875
64,572,0.062145
64,573,0.046875
64,574,0.063210
64,575,0.063897
64,576,0.046875
64,577,0.063217
64,578,0.015625
64,579,0.064162
64,580,0.062922
64,581,0.046875
64,582,0.062094
64,583,0.062500
64,584,0.061925
64,585,0.046875
64,586,0.058782
64,587,0.046875
64,588,0.031250
64,589,0.060149
64,590,0.062153
64,591,0.031250
64,592,0.059955
64,593,0.015625
64,594,0.062160
64,595,0.061581
64,596,0.062427
64,597,0.062300
64,598,0.062132
64,599,0.060773
64,600,0.046875
64,601,0.062085
64,602,0.056915
64,603,0.031250
64,604,0.046875
64,605,0.031250
64,606,0.056802
64,607,0.058433
64,608,0.015625
64,609,0.046875
64,610,0.059916
64,611,0.015625
64,612,0.031250
64,613,0.055553
64,614,0.062500
64,615,0.060280
64,616,0.031250
64,617,0.061857
64,618,0.031250
64,619,0.055833
64,620,0.031250
64,621,0.054164
64,622,0.061800
64,623,0.056077
64,624,0.046875
64,625,0.053104
64,626,0.057617
64,627,0.054072
64,628,0.062305
64,629,0.058395
64,630,0.031250
64,631,0.058937
64,632,0.031250
64,633,0.031250
64,634,0.062500
64,635,0.031250
64,636,0.054464
64,637,0.031250
64,638,0.052181
64,639,0.056493
64,640,0.062500
64,641,0.057388
64,642,0.047612
64,643,0.057249
64,644,0.047562
64,645,0.047689
64,646,0.057108
64,647,0.046875
64,648,0.046875
64,649,0.062906
64,650,0.031250
64,651,0.062500
64,652,0.050979
64,653,0.052744
64,654,0.046875
64,655,0.031250
64,656,0.046875
64,657,0.053285
64,658,0.047672
64,659,0.046687
64,660,0.046875
64,661,0.062500
64,662,0.046875
64,663,0.031250
64,664,0.046601
64,665,0.062500
64,666,0.031250
64,667,0.031250
64,668,0.046875
64,669,0.046875
64,670,0.031250
64,671,0.031250
64,672,0.052083
64,673,0.015625
64,674,0.047021
64,675,0.052306
64,676,0.015625
64,677,0.031250
64,678,0.031250
64,679,0.047734
64,680,0.046875
64,681,0.062500
64,682,0.015625
64,683,0.046875
64,684,0.046875
64,685,0.046354
64,686,0.049289
64,687,0.015625
64,688,0.031250
64,689,0.031250
64,690,0.046875
64,691,0.015625
64,692,0.046875
64,693,0.046875
64,694,0.062500
64,695,0.052435
64,696,0.046875
64,697,0.031250
64,698,0.046875
64,699,0.062500
64,700,0.062500
64,701,0.050173
64,702,0.031250
64,703,0.031250
64,704,0.047938
64,705,0.044922
64,706,0.046336
64,707,0.052536
64,708,0.046188
64,709,0.062500
64,710,0.050436
64,711,0.047081
64,712,0.031250
64,713,0.031250
64,714,0.049297
64,715,0.046875
64,716,0.049470
64,717,0.046875
64,718,0.047628
64,719,0.047387
64,720,0.062066
64,721,0.047834
64,722,0.047149
64,723,0.049251
64,724,0.031250
64,725,0.031250
64,726,0.050791
64,727,0.046875
64,728,0.046875
64,729,0.062500
64,730,0.046875
64,731,0.046875
64,732,0.045521
64,733,0.062500
64,734,0.031250
64,735,0.046447
64,736,0.047188
64,737,0.050223
64,738,0.031250
64,739,0.031250
64,740,0.048454
64,741,0.048186
64,742,0.048544
64,743,0.048217
64,744,0.031250
64,745,0.046875
64,746,0.047387
64,747,0.046875
64,748,0.045244
64,749,0.031250
64,750,0.050879
64,751,0.046875
64,752,0.046517
64,753,0.044796
64,754,0.046875
64,755,0.047123
64,756,0.048846
64,757,0.046875
64,758,0.046875
64,759,0.046875
64,760,0.046610
64,761,0.031250
64,762,0.046875
64,763,0.042911
64,764,0.045431
64,765,0.045644
64,766,0.031250
64,767,0.048837
64,768,0.045253
64,769,0.015625
64,770,0.046875
64,771,0.031250
64,772,0.043999
64,773,0.044739
64,774,0.046691
64,775,0.046441
64,776,0.046875
64,777,0.031250
64,778,0.045431
64,779,0.044018
64,780,0.046875
64,781,0.046107
64,782,0.031250
64,783,0.044386
64,784,0.031250
64,785,0.046087
64,786,0.041594
64,787,0.031250
64,788,0.043072
64,789,0.031250
64,790,0.041429
64,791,0.046619
64,792,0.031250
64,793,0.031250
64,794,0.015625
64,795,0.045971
64,796,0.047495
64,797,0.031250
64,798,0.046528
64,799,0.046376
64,800,0.043419
64,801,0.046549
64,802,0.046875
64,803,0.031250
64,804,0.042240
64,805,0.046875
64,806,0.045504
64,807,0.042639
64,808,0.046875
64,809,0.015625
64,810,0.043298
64,811,0.031250
64,812,0.046875
64,813,0.046875
64,814,0.046875
64,815,0.041683
64,816,0.045950
64,817,0.046875
64,818,0.031743
64,819,0.031250
64,820,0.046875
64,821,0.044231
64,822,0.040767
64,823,0.046875
64,824,0.031250
64,825,0.031250
64,826,0.015625
64,827,0.042625
64,828,0.042107
64,829,0.031250
64,830,0.042564
64,831,0.031250
64,832,0.044634
64,833,0.046532
64,834,0.038690
64,835,0.031250
64,836,0.046649
64,837,0.031250
64,838,0.046875
64,839,0.046875
64,840,0.041794
64,841,0.040503
64,842,0.015625
64,843,0.031373
64,844,0.042179
64,845,0.046157
64,846,0.039414
64,847,0.031250
64,848,0.046875
64,849,0.046875
64,850,0.041919
64,851,0.031250
64,852,0.000000
64,853,0.031250
64,854,0.015625
64,855,0.039424
64,856,0.015625
64,857,0.015625
64,858,0.040745
64,859,0.037979
64,860,0.039000
64,861,0.031250
64,862,0.041164
64,863,0.047356
64,864,0.038589
64,865,0.040597
64,866,0.046875
64,867,0.040141
64,868,0.015625
64,869,0.031458
64,870,0.037984
64,871,0.040609
64,872,0.062500
64,873,0.038955
64,874,0.015625
64,875,0.031250
64,876,0.046875
64,877,0.040868
64,878,0.040284
64,879,0.037570
64,880,0.039687
64,881,0.037951
64,882,0.040823
64,883,0.040913
64,884,0.038552
64,885,0.037308
64,886,0.015625
64,887,0.000000
64,888,0.015625
64,889,0.039238
64,890,0.015625
64,891,0.046520
64,892,0.015625
64,893,0.031250
64,894,0.040425
64,895,0.031550
64,896,0.031250
64,897,0.035887
64,898,0.035987
64,899,0.038244
64,900,0.039322
64,901,0.038484
64,902,0.031250
64,903,0.031250
64,904,0.035916
64,905,0.031250
64,906,0.036247
64,907,0.032702
64,908,0.031250
64,909,0.000000
64,910,0.036859
64,911,0.036271
64,912,0.000000
64,913,0.031250
64,914,0.037796
64,915,0.038225
64,916,0.036717
64,917,0.036783
64,918,0.015625
64,919,0.037185
64,920,0.031250
64,921,0.036233
64,922,0.038176
64,923,0.015625
64,924,0.038340
64,925,0.038888
64,926,0.031250
64,927,0.031597
64,928,0.035881
64,929,0.038312
64,930,0.031250
64,931,0.031250
64,932,0.037379
64,933,0.046875
64,934,0.036378
64,935,0.031250
64,936,0.037012
64,937,0.035803
64,938,0.031502
64,939,0.046875
64,940,0.031250
64,941,0.037282
64,942,0.015625
64,943,0.030884
64,944,0.031430
64,945,0.031250
64,946,0.031250
64,947,0.033743
64,948,0.036386
64,949,0.031250
64,950,0.034097
64,951,0.031250
64,952,0.037504
64,953,0.031250
64,954,0.031250
64,955,0.035954
64,956,0.031250
64,957,0.015625
64,958,0.031250
64,959,0.015625
64,960,0.035933
64,961,0.031250
64,962,0.015625
64,963,0.031250
64,964,0.000000
64,965,0.000000
64,966,0.036466
64,967,0.031250
64,968,0.031250
64,969,0.035700
64,970,0.032066
64,971,0.036303
64,972,0.015625
64,973,0.015625
64,974,0.036169
64,975,0.031250
64,976,0.015625
64,977,0.031250
64,978,0.031250
64,979,0.035198
64,980,0.030994
64,981,0.046875
64,982,0.031250
64,983,0.035135
64,984,0.032328
64,985,0.031250
64,986,0.046875
64,987,0.015625
64,988,0.031851
64,989,0.035582
64,990,0.031250
64,991,0.031250
64,992,0.030816
64,993,0.046875
64,994,0.015625
64,995,0.031250
64,996,0.030961
64,997,0.015625
64,998,0.035050
64,999,0.034753
64,1000,0.032581
64,1001,0.031793
64,1002,0.015625
64,1003,0.031490
64,1004,0.015625
64,1005,0.030878
64,1006,0.031250
64,1007,0.033745
64,1008,0.031250
64,1009,0.031250
64,1010,0.031250
64,1011,0.035483
64,1012,0.046875
64,1013,0.031250
64,1014,0.030428
64,1015,0.032517
64,1016,0.033227
64,1017,0.033222
64,1018,0.035897
64,1019,0.015625
64,1020,0.031408
64,1021,0.015625
64,1022,0.015625
64,1023,0.031601
64,1024,0.031545
64,1025,0.031250
64,1026,0.031250
64,1027,0.032500
64,1028,0.031250
64,1029,0.034512
64,1030,0.031250
64,1031,0.015625
64,1032,0.033351
64,1033,0.015625
64,1034,0.031250
64,1035,0.033673
64,1036,0.031250
64,1037,0.015625
64,1038,0.031680
64,1039,0.015625
64,1040,0.031250
64,1041,0.015625
64,1042,0.031250
64,1043,0.031250
64,1044,0.031250
64,1045,0.015625
64,1046,0.034389
64,1047,0.030692
64,1048,0.033562
64,1049,0.031250
64,1050,0.031438
64,1051,0.031250
64,1052,0.015625
64,1053,0.015625
64,1054,0.031250
64,1055,0.031250
64,1056,0.031534
64,1057,0.015625
64,1058,0.015625
64,1059,0.031250
64,1060,0.031250
64,1061,0.015625
64,1062,0.034157
64,1063,0.029239
64,1064,0.031771
64,1065,0.015625
64,1066,0.030971
64,1067,0.000000
64,1068,0.031250
64,1069,0.032385
64,1070,0.031250
64,1071,0.031250
64,1072,0.046875
64,1073,0.015625
64,1074,0.031545
64,1075,0.030649
64,1076,0.031250
64,1077,0.031754
64,1078,0.031519
64,1079,0.030966
64,1080,0.031250
64,1081,0.031789
64,1082,0.031441
64,1083,0.031250
64,1084,0.029445
64,1085,0.031480
64,1086,0.015625
64,1087,0.031250
64,1088,0.031013
64,1089,0.030229
64,1090,0.015625
64,1091,0.029070
64,1092,0.032875
64,1093,0.031716
64,1094,0.031929
64,1095,0.031696
64,1096,0.030950
64,1097,0.030981
64,1098,0.015625
64,1099,0.030729
64,1100,0.015625
64,1101,0.030288
64,1102,0.015625
64,1103,0.031728
64,1104,0.015625
64,1105,0.031055
64,1106,0.030172
64,1107,0.031250
64,1108,0.031250
64,1109,0.029728
64,1110,0.015625
64,1111,0.029973
64,1112,0.031250
64,1113,0.030197
64,1114,0.015625
64,1115,0.046875
64,1116,0.029765
64,1117,0.031250
64,1118,0.031539
64,1119,0.015625
64,1120,0.031250
64,1121,0.028130
64,1122,0.031250
64,1123,0.031609
64,1124,0.015625
64,1125,0.029063
64,1126,0.031250
64,1127,0.030026
64,1128,0.029423
64,1129,0.031250
64,1130,0.028223
64,1131,0.032670
64,1132,0.030257
64,1133,0.015625
64,1134,0.031020
64,1135,0.015625
64,1136,0.027664
64,1137,0.015625
64,1138,0.029482
64,1139,0.031627
64,1140,0.031438
64,1141,0.030675
64,1142,0.031250
64,1143,0.015625
64,1144,0.030385
64,1145,0.028228
64,1146,0.031250
64,1147,0.028379
64,1148,0.015625
64,1149,0.031875
64,1150,0.015625
64,1151,0.030599
64,1152,0.028182
64,1153,0.031044
64,1154,0.031250
64,1155,0.031613
64,1156,0.031250
64,1157,0.015625
64,1158,0.015625
64,1159,0.031656
64,1160,0.015625
64,1161,0.027481
64,1162,0.028341
64,1163,0.031250
64,1164,0.031108
64,1165,0.031250
64,1166,0.030248
64,1167,0.015625
64,1168,0.031024
64,1169,0.015625
64,1170,0.000000
64,1171,0.031250
64,1172,0.031250
64,1173,0.031250
64,1174,0.029963
64,1175,0.029090
64,1176,0.031250
64,1177,0.015625
64,1178,0.015625
64,1179,0.015625
64,1180,0.031524
64,1181,0.031754
64,1182,0.031250
64,1183,0.015625
64,1184,0.031250
64,1185,0.027333
64,1186,0.031250
64,1187,0.031250
64,1188,0.031006
64,1189,0.030842
64,1190,0.015625
64,1191,0.000000
64,1192,0.015625
64,1193,0.027772
64,1194,0.025532
64,1195,0.028066
64,1196,0.015625
64,1197,0.031250
64,1198,0.031250
64,1199,0.026361
64,1200,0.015625
64,1201,0.031841
64,1202,0.031250
64,1203,0.031250
64,1204,0.015625
64,1205,0.015625
64,1206,0.031250
64,1207,0.026468
64,1208,0.015625
64,1209,0.015625
64,1210,0.027460
64,1211,0.015625
64,1212,0.015625
64,1213,0.028028
64,1214,0.027905
64,1215,0.015625
64,1216,0.026247
64,1217,0.031136
64,1218,0.000000
64,1219,0.026884
64,1220,0.015625
64,1221,0.030955
64,1222,0.031550
64,1223,0.015625
64,1224,0.027598
64,1225,0.031250
64,1226,0.027276
64,1227,0.027267
64,1228,0.031250
64,1229,0.027570
64,1230,0.027058
64,1231,0.015625
64,1232,0.015625
64,1233,0.027194
64,1234,0.015625
64,1235,0.031563
64,1236,0.027116
64,1237,0.027421
64,1238,0.027585
64,1239,0.024976
64,1240,0.025071
64,1241,0.026420
64,1242,0.031250
64,1243,0.028401
64,1244,0.015625
64,1245,0.027509
64,1246,0.031842
64,1247,0.000000
64,1248,0.015625
64,1249,0.031250
64,1250,0.031072
64,1251,0.027392
64,1252,0.027482
64,1253,0.015625
64,1254,0.015625
64,1255,0.015625
64,1256,0.031250
64,1257,0.026011
64,1258,0.025430
64,1259,0.028251
64,1260,0.000000
64,1261,0.025802
64,1262,0.027863
64,1263,0.031091
64,1264,0.026908
64,1265,0.015625
64,1266,0.026327
64,1267,0.025956
64,1268,0.025996
64,1269,0.025800
64,1270,0.015625
64,1271,0.015625
64,1272,0.025695
64,1273,0.015625
64,1274,0.015625
64,1275,0.030291
64,1276,0.026705
64,1277,0.026826
64,1278,0.031250
64,1279,0.028804
64,1280,0.031250
64,1281,0.025706
64,1282,0.030955
64,1283,0.015625
64,1284,0.015625
64,1285,0.027017
64,1286,0.015625
64,1287,0.026248
64,1288,0.025863
64,1289,0.026278
64,1290,0.015625
64,1291,0.015625
64,1292,0.015625
64,1293,0.015625
64,1294,0.015625
64,1295,0.027580
64,1296,0.025486
64,1297,0.024843
64,1298,0.000000
64,1299,0.026973
64,1300,0.015625
64,1301,0.026137
64,1302,0.015625
64,1303,0.015625
64,1304,0.031250
64,1305,0.031250
64,1306,0.015625
64,1307,0.015625
64,1308,0.031250
64,1309,0.026270
64,1310,0.015625
64,1311,0.015625
64,1312,0.031250
64,1313,0.000000
64,1314,0.024943
64,1315,0.025075
64,1316,0.026864
64,1317,0.025071
64,1318,0.015625
64,1319,0.015625
64,1320,0.024068
64,1321,0.015625
64,1322,0.031556
64,1323,0.015625
64,1324,0.000000
64,1325,0.015625
64,1326,0.031250
64,1327,0.031250
64,1328,0.024922
64,1329,0.000000
64,1330,0.015625
64,1331,0.000000
64,1332,0.015625
64,1333,0.025017
64,1334,0.024884
64,1335,0.024572
64,1336,0.000000
64,1337,0.000000
64,1338,0.015625
64,1339,0.026415
64,1340,0.031250
64,1341,0.025426
64,1342,0.024708
64,1343,0.024890
64,1344,0.026491
64,1345,0.024935
64,1346,0.015625
64,1347,0.031250
64,1348,0.024261
64,1349,0.024300
64,1350,0.030955
64,1351,0.015625
64,1352,0.023888
64,1353,0.025091
64,1354,0.000000
64,1355,0.015625
64,1356,0.024558
64,1357,0.024159
64,1358,0.015625
64,1359,0.015625
64,1360,0.026274
64,1361,0.015625
64,1362,0.025485
64,1363,0.024053
64,1364,0.015625
64,1365,0.024298
64,1366,0.015625
64,1367,0.023577
64,1368,0.024843
64,1369,0.023619
64,1370,0.024837
64,1371,0.031250
64,1372,0.031250
64,1373,0.015625
64,1374,0.031250
64,1375,0.023605
64,1376,0.025033
64,1377,0.015625
64,1378,0.024069
64,1379,0.024707
64,1380,0.023523
64,1381,0.015625
64,1382,0.024251
64,1383,0.023996
64,1384,0.023641
64,1385,0.015625
64,1386,0.023281
64,1387,0.023954
64,1388,0.023814
64,1389,0.022919
64,1390,0.015625
64,1391,0.023041
64,1392,0.015625
64,1393,0.023915
64,1394,0.015625
64,1395,0.022620
64,1396,0.000000
64,1397,0.015625
64,1398,0.023916
64,1399,0.024469
64,1400,0.022708
64,1401,0.031250
64,1402,0.023409
64,1403,0.023160
64,1404,0.015625
64,1405,0.015625
64,1406,0.023767
64,1407,0.023869
64,1408,0.023904
64,1409,0.031250
64,1410,0.015625
64,1411,0.015625
64,1412,0.024105
64,1413,0.015625
64,1414,0.031250
64,1415,0.022658
64,1416,0.015625
64,1417,0.024240
64,1418,0.025025
64,1419,0.023794
64,1420,0.023861
64,1421,0.015625
64,1422,0.031250
64,1423,0.015625
64,1424,0.015625
64,1425,0.015625
64,1426,0.000000
64,1427,0.031250
64,1428,0.015625
64,1429,0.015625
64,1430,0.015625
64,1431,0.022975
64,1432,0.024105
64,1433,0.024221
64,1434,0.023859
64,1435,0.015625
64,1436,0.031250
64,1437,0.022408
64,1438,0.023638
64,1439,0.031250
64,1440,0.015625
64,1441,0.023065
64,1442,0.015625
64,1443,0.023020
64,1444,0.021957
64,1445,0.000000
64,1446,0.015625
64,1447,0.015625
64,1448,0.023676
64,1449,0.021809
64,1450,0.023218
64,1451,0.022476
64,1452,0.023362
64,1453,0.015625
64,1454,0.022330
64,1455,0.000000
64,1456,0.015625
64,1457,0.015625
64,1458,0.031250
64,1459,0.022032
64,1460,0.000000
64,1461,0.015625
64,1462,0.015625
64,1463,0.022794
64,1464,0.021569
64,1465,0.021767
64,1466,0.022019
64,1467,0.022091
64,1468,0.015625
64,1469,0.015625
64,1470,0.015625
64,1471,0.022658
64,1472,0.015625
64,1473,0.031250
64,1474,0.022443
64,1475,0.015625
64,1476,0.022934
64,1477,0.021517
64,1478,0.031250
64,1479,0.031250
64,1480,0.015625
64,1481,0.020800
64,1482,0.015625
64,1483,0.022301
64,1484,0.015625
64,1485,0.000000
64,1486,0.021708
64,1487,0.022120
64,1488,0.015625
64,1489,0.015625
64,1490,0.022101
64,1491,0.015625
64,1492,0.021503
64,1493,0.015625
64,1494,0.021597
64,1495,0.015625
64,1496,0.031250
64,1497,0.021553
64,1498,0.022380
64,1499,0.015625
64,1500,0.022556
64,1501,0.021966
64,1502,0.021537
64,1503,0.021816
64,1504,0.015625
64,1505,0.015625
64,1506,0.022798
64,1507,0.015625
64,1508,0.000000
64,1509,0.022004
64,1510,0.021637
64,1511,0.015625
64,1512,0.020445
64,1513,0.021575
64,1514,0.022696
64,1515,0.015625
64,1516,0.015625
64,1517,0.015625
64,1518,0.015625
64,1519,0.021007
64,1520,0.015625
64,1521,0.015625
64,1522,0.022756
64,1523,0.015625
64,1524,0.020944
64,1525,0.021548
64,1526,0.015625
64,1527,0.031250
64,1528,0.021735
64,1529,0.015625
64,1530,0.000000
64,1531,0.022464
64,1532,0.000000
64,1533,0.015625
64,1534,0.031250
64,1535,0.015625
64,1536,0.015625
64,1537,0.015625
64,1538,0.021464
64,1539,0.015625
64,1540,0.021396
64,1541,0.015625
64,1542,0.015625
64,1543,0.015789
64,1544,0.000000
64,1545,0.021155
64,1546,0.015625
64,1547,0.021036
64,1548,0.021805
64,1549,0.021974
64,1550,0.000000
64,1551,0.015625
64,1552,0.020715
64,1553,0.015625
64,1554,0.020732
64,1555,0.031250
64,1556,0.021450
64,1557,0.022025
64,1558,0.015625
64,1559,0.022135
64,1560,0.000000
64,1561,0.015625
64,1562,0.031250
64,1563,0.015625
64,1564,0.020510
64,1565,0.020928
64,1566,0.015625
64,1567,0.015625
64,1568,0.015625
64,1569,0.022373
64,1570,0.021914
64,1571,0.015625
64,1572,0.015625
64,1573,0.015625
64,1574,0.021345
64,1575,0.015625
64,1576,0.020354
64,1577,0.020821
64,1578,0.021497
64,1579,0.015625
64,1580,0.015625
64,1581,0.000000
64,1582,0.000000
64,1583,0.015625
64,1584,0.031250
64,1585,0.015625
64,1586,0.021071
64,1587,0.021690
64,1588,0.020469
64,1589,0.021167
64,1590,0.015625
64,1591,0.021261
64,1592,0.021501
64,1593,0.021940
64,1594,0.015625
64,1595,0.020672
64,1596,0.015625
64,1597,0.020103
64,1598,0.015625
64,1599,0.031250
64,1600,0.015625
64,1601,0.020403
64,1602,0.015625
64,1603,0.019476
64,1604,0.000000
64,1605,0.021283
64,1606,0.020240
64,1607,0.015625
64,1608,0.021425
64,1609,0.019798
64,1610,0.015625
64,1611,0.018945
64,1612,0.015625
64,1613,0.020561
64,1614,0.015625
64,1615,0.015625
64,1616,0.015625
64,1617,0.000000
64,1618,0.015625
64,1619,0.015625
64,1620,0.015625
64,1621,0.000000
64,1622,0.031250
64,1623,0.020035
64,1624,0.015625
64,1625,0.020601
64,1626,0.000000
64,1627,0.021479
64,1628,0.020762
64,1629,0.015625
64,1630,0.015625
64,1631,0.020887
64,1632,0.020575
64,1633,0.015625
64,1634,0.015625
64,1635,0.015625
64,1636,0.019961
64,1637,0.000000
64,1638,0.015625
64,1639,0.031250
64,1640,0.015625
64,1641,0.021366
64,1642,0.021356
64,1643,0.000000
64,1644,0.015625
64,1645,0.015625
64,1646,0.019205
64,1647,0.020129
64,1648,0.019061
64,1649,0.015625
64,1650,0.020737
64,1651,0.000000
64,1652,0.020053
64,1653,0.015625
64,1654,0.020004
64,1655,0.015625
64,1656,0.020229
64,1657,0.020387
64,1658,0.020398
64,1659,0.015625
64,1660,0.020606
64,1661,0.015625
64,1662,0.000000
64,1663,0.015625
64,1664,0.015625
64,1665,0.020020
64,1666,0.015831
64,1667,0.015625
64,1668,0.000000
64,1669,0.015625
64,1670,0.000000
64,1671,0.000000
64,1672,0.015625
64,1673,0.018567
64,1674,0.015625
64,1675,0.015625
64,1676,0.015625
64,1677,0.020190
64,1678,0.019916
64,1679,0.015625
64,1680,0.019880
64,1681,0.015625
64,1682,0.015625
64,1683,0.000000
64,1684,0.015625
64,1685,0.000000
64,1686,0.015625
64,1687,0.000000
64,1688,0.015625
64,1689,0.015625
64,1690,0.015625
64,1691,0.015625
64,1692,0.018986
64,1693,0.015625
64,1694,0.015625
64,1695,0.015845
64,1696,0.017979
64,1697,0.015625
64,1698,0.015625
64,1699,0.031250
64,1700,0.000000
64,1701,0.019566
64,1702,0.019408
64,1703,0.015625
64,1704,0.015625
64,1705,0.019086
64,1706,0.015625
64,1707,0.020291
64,1708,0.018728
64,1709,0.015625
64,1710,0.019157
64,1711,0.019161
64,1712,0.000000
64,1713,0.020501
64,1714,0.019645
64,1715,0.015625
64,1716,0.019717
64,1717,0.019935
64,1718,0.020027
64,1719,0.015625
64,1720,0.015625
64,1721,0.015625
64,1722,0.018022
64,1723,0.000000
64,1724,0.019723
64,1725,0.000000
64,1726,0.015625
64,1727,0.015625
64,1728,0.018257
64,1729,0.019395
64,1730,0.015625
64,1731,0.015625
64,1732,0.018594
64,1733,0.015625
64,1734,0.018701
64,1735,0.019748
64,1736,0.031250
64,1737,0.000000
64,1738,0.015625
64,1739,0.018809
64,1740,0.018420
64,1741,0.018611
64,1742,0.015625
64,1743,0.019044
64,1744,0.000000
64,1745,0.000000
64,1746,0.015625
64,1747,0.000000
64,1748,0.019924
64,1749,0.015625
64,1750,0.019255
64,1751,0.019260
64,1752,0.015625
64,1753,0.015625
64,1754,0.015625
64,1755,0.015625
64,1756,0.015625
64,1757,0.015409
64,1758,0.015625
64,1759,0.015625
64,1760,0.015625
64,1761,0.016776
64,1762,0.019543
64,1763,0.015625
64,1764,0.017940
64,1765,0.000000
64,1766,0.015625
64,1767,0.015625
64,1768,0.018728
64,1769,0.015625
64,1770,0.015625
64,1771,0.015625
64,1772,0.015625
64,1773,0.015394
64,1774,0.015625
64,1775,0.000000
64,1776,0.018493
64,1777,0.020369
64,1778,0.015625
64,1779,0.000000
64,1780,0.015625
64,1781,0.016267
64,1782,0.019473
64,1783,0.017514
64,1784,0.000000
64,1785,0.015625
64,1786,0.019324
64,1787,0.015625
64,1788,0.015625
64,1789,0.015625
64,1790,0.018780
64,1791,0.015625
64,1792,0.018064
64,1793,0.015625
64,1794,0.015625
64,1795,0.018167
64,1796,0.015625
64,1797,0.015625
64,1798,0.015625
64,1799,0.018041
64,1800,0.015625
64,1801,0.015625
64,1802,0.015625
64,1803,0.015625
64,1804,0.015625
64,1805,0.018048
64,1806,0.015625
64,1807,0.015625
64,1808,0.015625
64,1809,0.015799
64,1810,0.015625
64,1811,0.000000
64,1812,0.015625
64,1813,0.016821
64,1814,0.015625
64,1815,0.018935
64,1816,0.015745
64,1817,0.015625
64,1818,0.015625
64,1819,0.018549
64,1820,0.015625
64,1821,0.015625
64,1822,0.015625
64,1823,0.015625
64,1824,0.000000
64,1825,0.000000
64,1826,0.015625
64,1827,0.015625
64,1828,0.015625
64,1829,0.015625
64,1830,0.015625
64,1831,0.017217
64,1832,0.015625
64,1833,0.015625
64,1834,0.015625
64,1835,0.031250
64,1836,0.015625
64,1837,0.015977
64,1838,0.015923
64,1839,0.015625
64,1840,0.015625
64,1841,0.018739
64,1842,0.015625
64,1843,0.015625
64,1844,0.015625
64,1845,0.016744
64,1846,0.015923
64,1847,0.015625
64,1848,0.015625
64,1849,0.015625
64,1850,0.015625
64,1851,0.015449
64,1852,0.000000
64,1853,0.018236
64,1854,0.015625
64,1855,0.031250
64,1856,0.017669
64,1857,0.018076
64,1858,0.015625
64,1859,0.000000
64,1860,0.015625
64,1861,0.000000
64,1862,0.015625
64,1863,0.000000
64,1864,0.016260
64,1865,0.016630
64,1866,0.015625
64,1867,0.015625
64,1868,0.000000
64,1869,0.015625
64,1870,0.015625
64,1871,0.015625
64,1872,0.016990
64,1873,0.000000
64,1874,0.015625
64,1875,0.015625
64,1876,0.015625
64,1877,0.015625
64,1878,0.018093
64,1879,0.015625
64,1880,0.017184
64,1881,0.015625
64,1882,0.015625
64,1883,0.000000
64,1884,0.015625
64,1885,0.000000
64,1886,0.019142
64,1887,0.015761
64,1888,0.016573
64,1889,0.015625
64,1890,0.017759
64,1891,0.015625
64,1892,0.015625
64,1893,0.015625
64,1894,0.000000
64,1895,0.017398
64,1896,0.015731
64,1897,0.017194
64,1898,0.015625
64,1899,0.000000
64,1900,0.015625
64,1901,0.018370
64,1902,0.031250
64,1903,0.018646
64,1904,0.015625
64,1905,0.018337
64,1906,0.015625
64,1907,0.018155
64,1908,0.015625
64,1909,0.016397
64,1910,0.000000
64,1911,0.015625
64,1912,0.015408
64,1913,0.015836
64,1914,0.031250
64,1915,0.014745
64,1916,0.018516
64,1917,0.015625
64,1918,0.015422
64,1919,0.031250
64,1920,0.015625
64,1921,0.015625
64,1922,0.014856
64,1923,0.015625
64,1924,0.015625
64,1925,0.015625
64,1926,0.014651
64,1927,0.000000
64,1928,0.015625
64,1929,0.017769
64,1930,0.018102
64,1931,0.015824
64,1932,0.000000
64,1933,0.015625
64,1934,0.000000
64,1935,0.015625
64,1936,0.015625
64,1937,0.015795
64,1938,0.016875
64,1939,0.015625
64,1940,0.015625
64,1941,0.015625
64,1942,0.015625
64,1943,0.015625
64,1944,0.015625
64,1945,0.016856
64,1946,0.015625
64,1947,0.016969
64,1948,0.015625
64,1949,0.031250
64,1950,0.015625
64,1951,0.015625
64,1952,0.015625
64,1953,0.015625
64,1954,0.000000
64,1955,0.015356
64,1956,0.015708
64,1957,0.015625
64,1958,0.016818
64,1959,0.015625
64,1960,0.015625
64,1961,0.015625
64,1962,0.015625
64,1963,0.015625
64,1964,0.015970
64,1965,0.015625
64,1966,0.015625
64,1967,0.015625
64,1968,0.015625
64,1969,0.015625
64,1970,0.000000
64,1971,0.015625
64,1972,0.015625
64,1973,0.016544
64,1974,0.015625
64,1975,0.015931
64,1976,0.015625
64,1977,0.015879
64,1978,0.016279
64,1979,0.015625
64,1980,0.015625
64,1981,0.015625
64,1982,0.015625
64,1983,0.015625
64,1984,0.015625
64,1985,0.015625
64,1986,0.015807
64,1987,0.000000
64,1988,0.015625
64,1989,0.014622
64,1990,0.015625
64,1991,0.015625
64,1992,0.015625
64,1993,0.015818
64,1994,0.014751
64,1995,0.015785
64,1996,0.000000
64,1997,0.017602
64,1998,0.015625
64,1999,0.015625
64,2000,0.015625
64,2001,0.015625
64,2002,0.015625
64,2003,0.015625
64,2004,0.017444
64,2005,0.015625
64,2006,0.017261
64,2007,0.015625
64,2008,0.000000
64,2009,0.015625
64,2010,0.016213
64,2011,0.015625
64,2012,0.015625
64,2013,0.015625
64,2014,0.014309
64,2015,0.015625
64,2016,0.015625
64,2017,0.015625
64,2018,0.015625
64,2019,0.015625
64,2020,0.000000
64,2021,0.015625
64,2022,0.015625
64,2023,0.015625
64,2024,0.015625
64,2025,0.015367
64,2026,0.015625
64,2027,0.015977
64,2028,0.015625
64,2029,0.015625
64,2030,0.015483
64,2031,0.015625
64,2032,0.015625
64,2033,0.015625
64,2034,0.000000
64,2035,0.015625
64,2036,0.015625
64,2037,0.000000
64,2038,0.000000
64,2039,0.015625
64,2040,0.015928
64,2041,0.000000
64,2042,0.015625
64,2043,0.015625
64,2044,0.000000
64,2045,0.000000
64,2046,0.015625
64,2047,0.015813
64,2048,0.015625
